-- F23 prasība: demo seed dati, lai pēc fresh `docker compose up --build`
-- iegūtu pilnvērtīgi izpētamu sistēmu ar lietotājiem, kursiem un versijām.
--
-- `ON CONFLICT DO NOTHING` ļauj atkārtoti palaist bez kļūdām;
-- esošā DB ar tādiem pašiem ID netiek pārrakstīta.
--
-- Saturs ģenerēts ar `pg_dump --data-only --inserts --column-inserts` no
-- izstrādes DB 2026-05-22; iekļauj 11 kursus, 23 versijas, 17 lietotājus
-- (visu lomu pārstāvji), pilnu referenču tabulu kopu.
--
-- Dev lietotāju parole: 'parole123' (skat. V10 migrāciju).

INSERT INTO public.academic_years (id, is_active, end_date, name, start_date) VALUES (1, false, '2025-06-30', '2024/2025', '2024-09-01') ON CONFLICT DO NOTHING;
INSERT INTO public.academic_years (id, is_active, end_date, name, start_date) VALUES (2, true, '2026-06-30', '2025/2026', '2025-09-01') ON CONFLICT DO NOTHING;
INSERT INTO public.academic_years (id, is_active, end_date, name, start_date) VALUES (3, false, '2027-06-30', '2026/2027', '2026-09-01') ON CONFLICT DO NOTHING;
INSERT INTO public.academic_years (id, is_active, end_date, name, start_date) VALUES (4, false, '2024-06-30', '2023/2024', '2023-09-01') ON CONFLICT DO NOTHING;
INSERT INTO public.academic_years (id, is_active, end_date, name, start_date) VALUES (5, false, '2023-06-30', '2022/2023', '2022-09-01') ON CONFLICT DO NOTHING;
INSERT INTO public.assessment_components (id, description, name) VALUES (1, NULL, 'Aktīvs darbs nodarbībās') ON CONFLICT DO NOTHING;
INSERT INTO public.assessment_components (id, description, name) VALUES (6, 'Rakstiskā formā sagatavots pārskats par darba autora patstāvīgi veiktu uzdevumu, lai padziļināti iepazītos ar kādu no attiecīgā studiju kursa daļām, izziņas procesa gaitu, izklāstot iegūtos rezultātus objektīvā, zinātniskiem pētījumiem raksturīgā formā.', 'Kursa projekts') ON CONFLICT DO NOTHING;
INSERT INTO public.assessment_components (id, description, name) VALUES (7, 'Zinātniski pētniecisks, docētāja pārraudzībā veikts praktisks izpētes darbs, kura laikā praktiski (vai teorētiski modelējot) tiek atrisināts kāds jautājums, analizēti iegūtie rezultāti un izdarīti secinājumi.', 'Laboratorijas darbs') ON CONFLICT DO NOTHING;
INSERT INTO public.assessment_components (id, description, name) VALUES (3, 'Mācību darba veids teorētisko zināšanu, prasmju un iemaņu nostiprināšanai individuāli vai grupā.', 'Praktiskais darbs') ON CONFLICT DO NOTHING;
INSERT INTO public.assessment_components (id, description, name) VALUES (8, 'Rakstveida studiju rezultātu daļas pārbaude studiju kursā.', 'Kontroldarbs') ON CONFLICT DO NOTHING;
INSERT INTO public.assessment_components (id, description, name) VALUES (5, 'Eksāmens, ieskaite vai cits pārbaudījums atbilstoši kursa aprakstam', 'Kursa noslēguma pārbaudījums') ON CONFLICT DO NOTHING;
INSERT INTO public.assessment_components (id, description, name) VALUES (9, 'Samērā plaša publiska runa, tostarp arī tās rakstveida teksts, kurā, parasti koncentrētā veidā, ietverti faktu, darbību, notikumu, problēmu analīzes un izpētes rezultāti, vispārinājumi, secinājumi, ieteikumi un prognozes.', 'Referāts') ON CONFLICT DO NOTHING;
INSERT INTO public.assessment_components (id, description, name) VALUES (4, 'Attiecīgajā studiju kursā veikts pētījums, kurā studējošie analizē situāciju vai problēmu, izdara secinājumus un izstrādā priekšlikumus savā darbā apskatīto jautājumu īstenošanai vai problēmu risināšanai.', 'Studiju darbs') ON CONFLICT DO NOTHING;
INSERT INTO public.assessment_components (id, description, name) VALUES (10, 'Standartizēts uzdevums vai uzdevumu kopums, pēc kuru izpildes rezultātiem vērtē studējošā spējas, zināšanas un iemaņas.', 'Tests') ON CONFLICT DO NOTHING;
INSERT INTO public.assessment_forms (id, description, name) VALUES (1, 'Studējošā studiju rezultātu (zināšanu, prasmju un kompetenču) sasniegšanas pakāpes pārbaudes veids, kurā vērtējums tiek noteikts, izmantojot 10 ballu sistēmu.', 'Eksāmens') ON CONFLICT DO NOTHING;
INSERT INTO public.assessment_forms (id, description, name) VALUES (2, 'Akadēmiskās bakalaura vai maģistra studiju programmas noslēguma pārbaudījums, kas ietver bakalaura vai maģistra darba izstrādi un aizstāvēšanu.akadēmiskās bakalaura vai maģistra studiju programmas noslēguma pārbaudījums, kas ietver bakalaura vai maģistra darba izstrādi un aizstāvēšanu.', 'Gala pārbaudījums') ON CONFLICT DO NOTHING;
INSERT INTO public.assessment_forms (id, description, name) VALUES (3, 'Studējošā studiju rezultātu (zināšanu, prasmju un kompetences) sasniegšanas pakāpes pārbaudes veids, ko vērtē ar “ieskaitīts” vai “neieskaitīts”.studējošā studiju rezultātu (zināšanu, prasmju un kompetences) sasniegšanas pakāpes pārbaudes veids, ko vērtē ar “ieskaitīts” vai “neieskaitīts”.', 'Ieskaite') ON CONFLICT DO NOTHING;
INSERT INTO public.assessment_forms (id, description, name) VALUES (5, 'Pārbaudījums, kurā vērtē gan studējošā mutvārdu atbildes, gan rakstveidā izpildītus uzdevumus, kurā vērtējums tiek noteikts, izmantojot 10 ballu sistēmu. Mutvārdu un rakstveida daļu īpatsvars pārbaudījumā tiek noteikts studiju kursa aprakstā.', 'Kombinētais pārbaudījums') ON CONFLICT DO NOTHING;
INSERT INTO public.courses (id, is_active, is_archived, course_code, created_at, credits, deleted_at, slug, title_en, title_lv, updated_at) VALUES ('c68c6ee5-5060-4d1f-91f4-9bfb8b3bbc5a', true, false, NULL, '2026-05-21 19:38:51.884329', 2, NULL, NULL, 'Computer Networks', 'Datoru tīkli', '2026-05-21 19:38:51.884868') ON CONFLICT DO NOTHING;
INSERT INTO public.courses (id, is_active, is_archived, course_code, created_at, credits, deleted_at, slug, title_en, title_lv, updated_at) VALUES ('e89fd28f-d1d8-42da-b55f-72fcea77d27b', true, false, 'MATE2002', '2026-05-02 23:57:17.779498', 3, NULL, NULL, 'Theory of Algorithms', 'Algoritmu teorija', '2026-05-21 21:47:33.443144') ON CONFLICT DO NOTHING;
INSERT INTO public.courses (id, is_active, is_archived, course_code, created_at, credits, deleted_at, slug, title_en, title_lv, updated_at) VALUES ('e3a130bc-54bf-428c-89a9-31805ef5803d', true, false, 'CITI1005', '2026-04-19 03:54:12.328185', 3, NULL, NULL, 'English I', 'Angļu valoda I', '2026-04-19 03:54:12.328185') ON CONFLICT DO NOTHING;
INSERT INTO public.courses (id, is_active, is_archived, course_code, created_at, credits, deleted_at, slug, title_en, title_lv, updated_at) VALUES ('afd1c271-6f4b-45f1-8d1b-ba17f9f0a631', true, false, 'DZIT1003', '2026-05-03 00:19:48.460858', 3, NULL, NULL, 'Computer Systems Hardware and Arhitecture', 'Datorsistēmu arhitektūra un uzbūve', '2026-05-03 00:19:48.460858') ON CONFLICT DO NOTHING;
INSERT INTO public.courses (id, is_active, is_archived, course_code, created_at, credits, deleted_at, slug, title_en, title_lv, updated_at) VALUES ('61f5e709-f4e1-4b30-8504-a806f48ed12a', true, false, 'DZIT1001', '2026-05-03 00:38:25.317608', 6, NULL, NULL, 'Basics of Computer Science', 'Datorzinātņu pamati', '2026-05-03 00:38:25.318135') ON CONFLICT DO NOTHING;
INSERT INTO public.courses (id, is_active, is_archived, course_code, created_at, credits, deleted_at, slug, title_en, title_lv, updated_at) VALUES ('abea04d9-aae8-4457-b88a-7dcb37a30053', false, false, 'IT2002', '2026-04-04 20:23:12.880896', 4, '2026-05-03 10:50:05.34098', 'java', 'JAVA programming', 'Programmēšana JAVA', '2026-05-03 10:50:05.342164') ON CONFLICT DO NOTHING;
INSERT INTO public.courses (id, is_active, is_archived, course_code, created_at, credits, deleted_at, slug, title_en, title_lv, updated_at) VALUES ('1cba519a-59a7-4093-b3d8-2072685c1bf2', true, false, 'CITI1016', '2026-05-03 10:43:27.146257', 3, NULL, NULL, 'English II', 'Angļu valoda II', '2026-05-03 11:15:36.422887') ON CONFLICT DO NOTHING;
INSERT INTO public.courses (id, is_active, is_archived, course_code, created_at, credits, deleted_at, slug, title_en, title_lv, updated_at) VALUES ('4b049f4e-b3b4-4595-9cbe-c86b0ef5a0a3', true, false, 'ITB101', '2026-04-04 14:25:47.674177', 6, NULL, 'programmesanas-pamati', 'Programming Basics 1', 'Programmēšanas pamati 1', '2026-05-03 15:38:36.309999') ON CONFLICT DO NOTHING;
INSERT INTO public.courses (id, is_active, is_archived, course_code, created_at, credits, deleted_at, slug, title_en, title_lv, updated_at) VALUES ('e061eaa6-1678-40cc-a814-ad0616bd1d1d', true, false, 'WWW01', '2026-04-23 12:30:05.043169', 6, NULL, NULL, 'WEB Technologies', 'Tīmekļa tehnoloģijas', '2026-05-03 10:50:01.202423') ON CONFLICT DO NOTHING;
INSERT INTO public.courses (id, is_active, is_archived, course_code, created_at, credits, deleted_at, slug, title_en, title_lv, updated_at) VALUES ('068c71a2-49f8-4b18-aa9e-5ac22652fc4b', true, false, 'DZIT3010', '2026-05-03 16:41:16.491189', 6, NULL, NULL, 'Database Technologies', 'Datu bāzu tehnoloģijas', '2026-05-03 16:41:16.491189') ON CONFLICT DO NOTHING;
INSERT INTO public.courses (id, is_active, is_archived, course_code, created_at, credits, deleted_at, slug, title_en, title_lv, updated_at) VALUES ('4ab6b505-ddee-427a-9d52-ce62e49d11e1', true, false, 'CITI1004', '2026-05-05 11:49:17.373279', 2, NULL, NULL, 'WEB Technologies', 'Datorzinātņu pamati', '2026-05-05 11:49:17.373279') ON CONFLICT DO NOTHING;
INSERT INTO public.faculties (id, name, slug) VALUES (1, 'Informācijas tehnoloģiju fakultāte', 'ITF') ON CONFLICT DO NOTHING;
INSERT INTO public.faculties (id, name, slug) VALUES (2, 'Ekonomikas un pārvaldības fakultāte', 'EPF') ON CONFLICT DO NOTHING;
INSERT INTO public.faculties (id, name, slug) VALUES (3, 'Tulkošanas studiju fakultāte', 'TSF') ON CONFLICT DO NOTHING;
INSERT INTO public.semesters (id, name) VALUES (1, 'Rudens') ON CONFLICT DO NOTHING;
INSERT INTO public.semesters (id, name) VALUES (2, 'Pavasaris') ON CONFLICT DO NOTHING;
INSERT INTO public.user_roles (id, role_name, role_key) VALUES (5, 'Viesis', 'GUEST') ON CONFLICT DO NOTHING;
INSERT INTO public.user_roles (id, role_name, role_key) VALUES (2, 'Students', 'STUDENT') ON CONFLICT DO NOTHING;
INSERT INTO public.user_roles (id, role_name, role_key) VALUES (1, 'Pasniedzējs', 'TEACHER') ON CONFLICT DO NOTHING;
INSERT INTO public.user_roles (id, role_name, role_key) VALUES (7, 'Programmas direktors', 'PROGRAM_DIRECTOR') ON CONFLICT DO NOTHING;
INSERT INTO public.user_roles (id, role_name, role_key) VALUES (4, 'Administrators', 'ADMIN') ON CONFLICT DO NOTHING;
INSERT INTO public.user_roles (id, role_name, role_key) VALUES (6, 'Sistēmas administrators', 'SYSTEM_ADMIN') ON CONFLICT DO NOTHING;
INSERT INTO public.users (id, academic_degree, is_active, created_at, deleted_at, email, name, "position", surname, updated_at, role_id, password_hash) VALUES (1, 'Mg.sc.comp.', false, '2026-04-05 18:00:00.000', NULL, 'vieslektors1@venta.lv', 'Linda', 'Lektore', 'Apse', '2026-05-22 03:00:00.000', 1, '$2a$10$uQRU3iWejo0/T7Guf41igOFeKnx1ZmlQG0MDSfxg4aoMr01fzfB0.') ON CONFLICT DO NOTHING;
INSERT INTO public.users (id, academic_degree, is_active, created_at, deleted_at, email, name, "position", surname, updated_at, role_id, password_hash) VALUES (2, 'Mg.cs.comp', true, '2026-04-05 18:00:00.000', NULL, 'karlis@venta.lv', 'Kārlis', 'Lektors', 'Bērziņš', '2026-05-22 03:00:00.000', 1, '$2a$10$uQRU3iWejo0/T7Guf41igOFeKnx1ZmlQG0MDSfxg4aoMr01fzfB0.') ON CONFLICT DO NOTHING;
INSERT INTO public.users (id, academic_degree, is_active, created_at, deleted_at, email, name, "position", surname, updated_at, role_id, password_hash) VALUES (3, 'Dr.math.', true, '2026-04-05 18:00:00.000', NULL, 'galina@venta.lv', 'Gaļina', 'Asociētā profesore', 'Eglīte', '2026-05-22 03:00:00.000', 7, '$2a$10$uQRU3iWejo0/T7Guf41igOFeKnx1ZmlQG0MDSfxg4aoMr01fzfB0.') ON CONFLICT DO NOTHING;
INSERT INTO public.users (id, academic_degree, is_active, created_at, deleted_at, email, name, "position", surname, updated_at, role_id, password_hash) VALUES (4, 'Mg.sc.comp.', true, '2026-04-05 18:00:00.000', NULL, 'sysadmin@venta.lv', 'Anna', 'Sistēmas administrators', 'Kalniņa', '2026-05-22 03:00:00.000', 6, '$2a$10$uQRU3iWejo0/T7Guf41igOFeKnx1ZmlQG0MDSfxg4aoMr01fzfB0.') ON CONFLICT DO NOTHING;
INSERT INTO public.users (id, academic_degree, is_active, created_at, deleted_at, email, name, "position", surname, updated_at, role_id, password_hash) VALUES (5, '-', true, '2026-04-05 18:00:00.000', NULL, 'janis@mail.lv', 'Jānis', '-', 'Krūmiņš', '2026-05-22 03:00:00.000', 2, '$2a$10$uQRU3iWejo0/T7Guf41igOFeKnx1ZmlQG0MDSfxg4aoMr01fzfB0.') ON CONFLICT DO NOTHING;
INSERT INTO public.users (id, academic_degree, is_active, created_at, deleted_at, email, name, "position", surname, updated_at, role_id, password_hash) VALUES (6, 'Mg.paed.', true, '2026-04-05 18:00:00.000', NULL, 'estere@venta.lv', 'Estere', 'Lektore', 'Bērziņa', '2026-05-22 03:00:00.000', 7, '$2a$10$uQRU3iWejo0/T7Guf41igOFeKnx1ZmlQG0MDSfxg4aoMr01fzfB0.') ON CONFLICT DO NOTHING;
INSERT INTO public.users (id, academic_degree, is_active, created_at, deleted_at, email, name, "position", surname, updated_at, role_id, password_hash) VALUES (7, 'Dr.sc.comp.', true, '2026-04-05 18:00:00.000', NULL, 'vairis@venta.lv', 'Vairis', 'Docents', 'Apinis', '2026-05-22 03:00:00.000', 1, '$2a$10$uQRU3iWejo0/T7Guf41igOFeKnx1ZmlQG0MDSfxg4aoMr01fzfB0.') ON CONFLICT DO NOTHING;
INSERT INTO public.users (id, academic_degree, is_active, created_at, deleted_at, email, name, "position", surname, updated_at, role_id, password_hash) VALUES (8, 'Mg.', false, '2026-04-05 18:00:00.000', NULL, 'vieslektors2@venta.lv', 'Aiga', 'Vieslektore', 'Lapsa', '2026-05-22 03:00:00.000', 1, '$2a$10$uQRU3iWejo0/T7Guf41igOFeKnx1ZmlQG0MDSfxg4aoMr01fzfB0.') ON CONFLICT DO NOTHING;
INSERT INTO public.users (id, academic_degree, is_active, created_at, deleted_at, email, name, "position", surname, updated_at, role_id, password_hash) VALUES (9, 'MA', false, '2026-04-05 18:00:00.000', NULL, NULL, 'Roberta', 'Vieslektore', 'Zariņa', '2026-05-22 03:00:00.000', 1, NULL) ON CONFLICT DO NOTHING;
INSERT INTO public.users (id, academic_degree, is_active, created_at, deleted_at, email, name, "position", surname, updated_at, role_id, password_hash) VALUES (10, 'Mg.sc.ing.', false, '2026-04-05 18:00:00.000', NULL, 'vieslektors3@venta.lv', 'Edgars', 'Vieslektors', 'Vītols', '2026-05-22 03:00:00.000', 1, '$2a$10$uQRU3iWejo0/T7Guf41igOFeKnx1ZmlQG0MDSfxg4aoMr01fzfB0.') ON CONFLICT DO NOTHING;
INSERT INTO public.users (id, academic_degree, is_active, created_at, deleted_at, email, name, "position", surname, updated_at, role_id, password_hash) VALUES (11, 'Dr.math.', false, '2026-04-05 18:00:00.000', NULL, 'vieslektors4@venta.lv', 'Toms', 'Profesors', 'Ozols', '2026-05-22 03:00:00.000', 1, '$2a$10$uQRU3iWejo0/T7Guf41igOFeKnx1ZmlQG0MDSfxg4aoMr01fzfB0.') ON CONFLICT DO NOTHING;
INSERT INTO public.users (id, academic_degree, is_active, created_at, deleted_at, email, name, "position", surname, updated_at, role_id, password_hash) VALUES (12, 'Mg.sc.', false, '2026-04-05 18:00:00.000', NULL, NULL, 'Dāvis', 'Vieslektors', 'Pūce', '2026-05-22 03:00:00.000', 1, NULL) ON CONFLICT DO NOTHING;
INSERT INTO public.users (id, academic_degree, is_active, created_at, deleted_at, email, name, "position", surname, updated_at, role_id, password_hash) VALUES (14, 'Dr.sc.ing.', false, '2026-04-05 18:00:00.000', NULL, NULL, 'Inga', 'Asociētā profesore', 'Egle', '2026-05-22 03:00:00.000', 1, NULL) ON CONFLICT DO NOTHING;
INSERT INTO public.users (id, academic_degree, is_active, created_at, deleted_at, email, name, "position", surname, updated_at, role_id, password_hash) VALUES (15, 'Mg.sc.comp.', false, '2026-04-05 18:00:00.000', NULL, NULL, 'Mārtiņš', 'Vieslektors', 'Bērzs', '2026-05-22 03:00:00.000', 1, NULL) ON CONFLICT DO NOTHING;
INSERT INTO public.users (id, academic_degree, is_active, created_at, deleted_at, email, name, "position", surname, updated_at, role_id, password_hash) VALUES (16, 'Mg.sc.', false, '2026-04-05 18:00:00.000', NULL, NULL, 'Vita', 'Vieslektore', 'Niedra', '2026-05-22 03:00:00.000', 1, NULL) ON CONFLICT DO NOTHING;
INSERT INTO public.users (id, academic_degree, is_active, created_at, deleted_at, email, name, "position", surname, updated_at, role_id, password_hash) VALUES (17, '-', true, '2026-04-05 18:00:00.000', NULL, 'administrators@venta.lv', 'Anita', 'ITF metodiķe', 'Ozola', '2026-05-22 03:00:00.000', 4, '$2a$10$uQRU3iWejo0/T7Guf41igOFeKnx1ZmlQG0MDSfxg4aoMr01fzfB0.') ON CONFLICT DO NOTHING;
INSERT INTO public.users (id, academic_degree, is_active, created_at, deleted_at, email, name, "position", surname, updated_at, role_id, password_hash) VALUES (19, 'Mg.sc.comp.', true, '2026-04-05 18:00:00.000', NULL, 'karina@venta.lv', 'Karina', 'Lektore', 'Liepa', '2026-05-22 03:00:00.000', 1, '$2a$10$uQRU3iWejo0/T7Guf41igOFeKnx1ZmlQG0MDSfxg4aoMr01fzfB0.') ON CONFLICT DO NOTHING;
INSERT INTO public.version_statuses (id, description, name) VALUES (1, 'Apstiprināta kursa versija', 'Apstiprināts') ON CONFLICT DO NOTHING;
INSERT INTO public.version_statuses (id, description, name) VALUES (5, 'Kursa apraksts ir izstrādes stāvoklī', 'Melnraksts') ON CONFLICT DO NOTHING;
INSERT INTO public.version_statuses (id, description, name) VALUES (6, 'Iesniegts izskatīšanai studiju programmas direktoram', 'Iesniegts') ON CONFLICT DO NOTHING;
INSERT INTO public.version_statuses (id, description, name) VALUES (7, 'Noraidīts un atgriezts izskatīšanai', 'Noraidīts') ON CONFLICT DO NOTHING;
INSERT INTO public.version_statuses (id, description, name) VALUES (2, 'Vēsturiska kursa versija', 'Arhivēts') ON CONFLICT DO NOTHING;
INSERT INTO public.course_versions (id, approval_date, created_at, decision_number, decision_reference, deleted_at, is_active, is_archived, updated_at, version_number, academic_year_id, course_id, created_by, faculty_id, semester_id, status_id, updated_by) VALUES ('cf53046f-6dbe-430a-92a6-2ead4daf38d3', '2026-04-02', '2026-04-04 20:23:51.50755', 'Nr. 02', 'ITF domes lēmums', NULL, true, false, '2026-04-04 20:23:51.50755', 1, 1, 'abea04d9-aae8-4457-b88a-7dcb37a30053', NULL, 1, 1, 1, NULL) ON CONFLICT DO NOTHING;
INSERT INTO public.course_versions (id, approval_date, created_at, decision_number, decision_reference, deleted_at, is_active, is_archived, updated_at, version_number, academic_year_id, course_id, created_by, faculty_id, semester_id, status_id, updated_by) VALUES ('8e9abc5b-9442-45f5-87c7-201ff0adb328', '2022-12-19', '2026-05-03 10:43:27.212862', NULL, 'VeA ITF Domes sēde', NULL, true, false, '2026-05-21 00:07:10.285865', 1, 2, '1cba519a-59a7-4093-b3d8-2072685c1bf2', NULL, 1, 2, 6, 7) ON CONFLICT DO NOTHING;
INSERT INTO public.course_versions (id, approval_date, created_at, decision_number, decision_reference, deleted_at, is_active, is_archived, updated_at, version_number, academic_year_id, course_id, created_by, faculty_id, semester_id, status_id, updated_by) VALUES ('4b521113-27b1-4de2-8a36-1fcf45971beb', '2026-05-03', '2026-05-03 15:17:53.109488', 'Nr. ITF-F8-UI-001', 'ITF Domes sede', NULL, true, false, '2026-05-03 15:19:04.837153', 3, 1, 'e3a130bc-54bf-428c-89a9-31805ef5803d', 3, 1, 1, 1, 4) ON CONFLICT DO NOTHING;
INSERT INTO public.course_versions (id, approval_date, created_at, decision_number, decision_reference, deleted_at, is_active, is_archived, updated_at, version_number, academic_year_id, course_id, created_by, faculty_id, semester_id, status_id, updated_by) VALUES ('0ce8c9ff-547b-463b-ac7d-c27d0ab4a6f0', NULL, '2026-05-21 00:09:28.844914', NULL, 'VeA ITF Domes sēde', NULL, false, false, '2026-05-21 19:30:31.363272', 2, 2, '1cba519a-59a7-4093-b3d8-2072685c1bf2', 7, 1, 2, 5, 3) ON CONFLICT DO NOTHING;
INSERT INTO public.course_versions (id, approval_date, created_at, decision_number, decision_reference, deleted_at, is_active, is_archived, updated_at, version_number, academic_year_id, course_id, created_by, faculty_id, semester_id, status_id, updated_by) VALUES ('4f8866e3-8bd5-4e07-9fad-1a3e9b4ae9d6', NULL, '2026-05-21 19:38:51.965222', NULL, NULL, NULL, true, false, '2026-05-21 19:38:51.965222', 1, NULL, 'c68c6ee5-5060-4d1f-91f4-9bfb8b3bbc5a', NULL, NULL, NULL, 5, NULL) ON CONFLICT DO NOTHING;
INSERT INTO public.course_versions (id, approval_date, created_at, decision_number, decision_reference, deleted_at, is_active, is_archived, updated_at, version_number, academic_year_id, course_id, created_by, faculty_id, semester_id, status_id, updated_by) VALUES ('2e5c8c08-ca8a-4c69-9ac9-05b64ef2d1d1', '2024-06-01', '2026-04-04 14:25:47.780648', 'ITF-2024/06', 'ITF domes sēde, 2024.06.01', NULL, true, false, '2026-04-06 18:34:49.829357', 1, 1, '4b049f4e-b3b4-4595-9cbe-c86b0ef5a0a3', NULL, 1, 1, 1, NULL) ON CONFLICT DO NOTHING;
INSERT INTO public.course_versions (id, approval_date, created_at, decision_number, decision_reference, deleted_at, is_active, is_archived, updated_at, version_number, academic_year_id, course_id, created_by, faculty_id, semester_id, status_id, updated_by) VALUES ('3ecf54a4-6764-4e5c-8b26-144a33bb17a5', NULL, '2026-04-23 12:30:05.192696', NULL, NULL, NULL, true, false, '2026-04-23 12:30:05.192696', 1, NULL, 'e061eaa6-1678-40cc-a814-ad0616bd1d1d', NULL, NULL, NULL, 5, NULL) ON CONFLICT DO NOTHING;
INSERT INTO public.course_versions (id, approval_date, created_at, decision_number, decision_reference, deleted_at, is_active, is_archived, updated_at, version_number, academic_year_id, course_id, created_by, faculty_id, semester_id, status_id, updated_by) VALUES ('501f14d9-0c38-4dc9-8ecc-bb02e6e73e64', '2026-05-21', '2026-05-14 12:42:02.264491', 'ITF-2026/06', 'ITF dome', NULL, true, false, '2026-05-21 21:46:06.41212', 2, 2, 'e89fd28f-d1d8-42da-b55f-72fcea77d27b', 3, 1, 1, 1, 3) ON CONFLICT DO NOTHING;
INSERT INTO public.course_versions (id, approval_date, created_at, decision_number, decision_reference, deleted_at, is_active, is_archived, updated_at, version_number, academic_year_id, course_id, created_by, faculty_id, semester_id, status_id, updated_by) VALUES ('8b8640e6-6986-41f0-ae03-38c93a54ec6a', '2026-05-03', '2026-05-02 23:57:17.871109', 'ITF-2026/01', 'ITF domes sēde', NULL, false, false, '2026-05-21 21:46:06.415699', 1, 2, 'e89fd28f-d1d8-42da-b55f-72fcea77d27b', NULL, 1, 1, 1, 3) ON CONFLICT DO NOTHING;
INSERT INTO public.course_versions (id, approval_date, created_at, decision_number, decision_reference, deleted_at, is_active, is_archived, updated_at, version_number, academic_year_id, course_id, created_by, faculty_id, semester_id, status_id, updated_by) VALUES ('20013e22-f78f-47a6-9f5b-77f4b72ccdf3', '2022-12-19', '2026-05-03 00:38:25.363981', NULL, 'VeA ITF Domes sēde', NULL, true, false, '2026-05-03 12:22:35.242597', 1, 2, '61f5e709-f4e1-4b30-8504-a806f48ed12a', NULL, 1, 2, 1, NULL) ON CONFLICT DO NOTHING;
INSERT INTO public.course_versions (id, approval_date, created_at, decision_number, decision_reference, deleted_at, is_active, is_archived, updated_at, version_number, academic_year_id, course_id, created_by, faculty_id, semester_id, status_id, updated_by) VALUES ('53375844-6d48-45ae-ba04-a918d283ae37', '2022-12-19', '2026-05-03 12:22:50.081883', NULL, 'VeA ITF Domes sēde', NULL, false, false, '2026-05-03 12:23:23.144362', 2, 4, '61f5e709-f4e1-4b30-8504-a806f48ed12a', NULL, 1, 1, 5, NULL) ON CONFLICT DO NOTHING;
INSERT INTO public.course_versions (id, approval_date, created_at, decision_number, decision_reference, deleted_at, is_active, is_archived, updated_at, version_number, academic_year_id, course_id, created_by, faculty_id, semester_id, status_id, updated_by) VALUES ('3f000f9a-ae2f-4187-bec6-93ca001deec0', '2025-02-09', '2026-05-03 11:26:22.728367', NULL, 'VeA ITF Domes sēde', NULL, false, false, '2026-05-03 12:25:57.863147', 2, 2, '4b049f4e-b3b4-4595-9cbe-c86b0ef5a0a3', NULL, 1, 1, 1, NULL) ON CONFLICT DO NOTHING;
INSERT INTO public.course_versions (id, approval_date, created_at, decision_number, decision_reference, deleted_at, is_active, is_archived, updated_at, version_number, academic_year_id, course_id, created_by, faculty_id, semester_id, status_id, updated_by) VALUES ('ace4ee41-eaf0-4e9f-a6e1-a36fc7090b43', '2026-05-03', '2026-05-03 15:33:32.607481', 'ITF-2026/03', 'ITF domes sēde', NULL, true, false, '2026-05-03 15:35:31.741526', 2, 3, 'afd1c271-6f4b-45f1-8d1b-ba17f9f0a631', NULL, 1, 1, 1, 10) ON CONFLICT DO NOTHING;
INSERT INTO public.course_versions (id, approval_date, created_at, decision_number, decision_reference, deleted_at, is_active, is_archived, updated_at, version_number, academic_year_id, course_id, created_by, faculty_id, semester_id, status_id, updated_by) VALUES ('9cfb9a5a-4480-49ed-b018-babf2e4424b4', '2026-05-03', '2026-05-03 00:19:48.486116', 'ITF-2026/02', 'ITF domes sēde', NULL, false, false, '2026-05-03 15:35:31.743838', 1, 2, 'afd1c271-6f4b-45f1-8d1b-ba17f9f0a631', NULL, 1, 1, 1, 10) ON CONFLICT DO NOTHING;
INSERT INTO public.course_versions (id, approval_date, created_at, decision_number, decision_reference, deleted_at, is_active, is_archived, updated_at, version_number, academic_year_id, course_id, created_by, faculty_id, semester_id, status_id, updated_by) VALUES ('272125c1-c4ca-4069-a48a-643798f2dff6', '2026-05-03', '2026-05-03 15:15:03.369915', 'Nr. ITF-F8-002', 'ITF Domes sede', '2026-05-03 15:47:51.95547', false, false, '2026-05-03 15:19:04.839309', 2, 1, 'e3a130bc-54bf-428c-89a9-31805ef5803d', 3, 1, 1, 1, 4) ON CONFLICT DO NOTHING;
INSERT INTO public.course_versions (id, approval_date, created_at, decision_number, decision_reference, deleted_at, is_active, is_archived, updated_at, version_number, academic_year_id, course_id, created_by, faculty_id, semester_id, status_id, updated_by) VALUES ('45f91e70-f429-4541-99d9-7368cabaf4fe', NULL, '2026-05-03 12:40:56.91979', NULL, 'VeA ITF Domes sēde', '2026-05-03 15:49:29.726963', false, false, '2026-05-03 13:09:27.116868', 3, 3, '4b049f4e-b3b4-4595-9cbe-c86b0ef5a0a3', NULL, 1, 1, 5, NULL) ON CONFLICT DO NOTHING;
INSERT INTO public.course_versions (id, approval_date, created_at, decision_number, decision_reference, deleted_at, is_active, is_archived, updated_at, version_number, academic_year_id, course_id, created_by, faculty_id, semester_id, status_id, updated_by) VALUES ('d290798e-7ee1-4e8f-946a-b9376b643208', '2026-05-03', '2026-04-19 03:54:12.392899', 'Nr. ITF-F8-001', 'ITF Domes sede', '2026-05-03 16:36:53.873439', false, false, '2026-05-03 15:15:50.728878', 1, 1, 'e3a130bc-54bf-428c-89a9-31805ef5803d', NULL, NULL, 1, 1, NULL) ON CONFLICT DO NOTHING;
INSERT INTO public.course_versions (id, approval_date, created_at, decision_number, decision_reference, deleted_at, is_active, is_archived, updated_at, version_number, academic_year_id, course_id, created_by, faculty_id, semester_id, status_id, updated_by) VALUES ('f5aaaf6a-b6da-434e-9503-90e4d0d060a3', NULL, '2026-05-21 21:48:42.308955', NULL, 'ITF dome', NULL, false, false, '2026-05-21 21:54:05.91127', 3, 3, 'e89fd28f-d1d8-42da-b55f-72fcea77d27b', NULL, 1, 1, 5, 2) ON CONFLICT DO NOTHING;
INSERT INTO public.course_versions (id, approval_date, created_at, decision_number, decision_reference, deleted_at, is_active, is_archived, updated_at, version_number, academic_year_id, course_id, created_by, faculty_id, semester_id, status_id, updated_by) VALUES ('6872e1de-30fc-4b20-a2db-d0241dd58730', NULL, '2026-05-21 23:02:58.400179', NULL, 'ITF Domes sede', NULL, false, false, '2026-05-21 23:02:58.400179', 4, 1, 'e3a130bc-54bf-428c-89a9-31805ef5803d', 4, 1, 1, 5, NULL) ON CONFLICT DO NOTHING;
INSERT INTO public.course_versions (id, approval_date, created_at, decision_number, decision_reference, deleted_at, is_active, is_archived, updated_at, version_number, academic_year_id, course_id, created_by, faculty_id, semester_id, status_id, updated_by) VALUES ('288d8b1f-f91a-4c60-b28f-f5cca44ec0f0', NULL, '2026-05-03 15:48:43.242642', NULL, 'ITF Domes sede', '2026-05-03 16:40:05.384508', false, false, '2026-05-03 15:48:43.242642', 4, 1, 'e3a130bc-54bf-428c-89a9-31805ef5803d', 4, 1, 1, 5, NULL) ON CONFLICT DO NOTHING;
INSERT INTO public.course_versions (id, approval_date, created_at, decision_number, decision_reference, deleted_at, is_active, is_archived, updated_at, version_number, academic_year_id, course_id, created_by, faculty_id, semester_id, status_id, updated_by) VALUES ('b3cd1b32-5de1-40a3-b8d8-360d3e4ce209', NULL, '2026-05-03 16:41:16.538224', NULL, NULL, NULL, true, false, '2026-05-03 16:41:16.538224', 1, NULL, '068c71a2-49f8-4b18-aa9e-5ac22652fc4b', NULL, NULL, NULL, 5, NULL) ON CONFLICT DO NOTHING;
INSERT INTO public.course_versions (id, approval_date, created_at, decision_number, decision_reference, deleted_at, is_active, is_archived, updated_at, version_number, academic_year_id, course_id, created_by, faculty_id, semester_id, status_id, updated_by) VALUES ('06479660-e9c9-4e26-bd02-05471707b4fe', NULL, '2026-05-21 23:04:32.618635', NULL, 'ITF Domes sede', NULL, false, false, '2026-05-21 23:04:32.618635', 5, 1, 'e3a130bc-54bf-428c-89a9-31805ef5803d', 4, 1, 1, 5, NULL) ON CONFLICT DO NOTHING;
INSERT INTO public.course_versions (id, approval_date, created_at, decision_number, decision_reference, deleted_at, is_active, is_archived, updated_at, version_number, academic_year_id, course_id, created_by, faculty_id, semester_id, status_id, updated_by) VALUES ('d9e058ba-4e75-4378-84df-51e97d9b1852', NULL, '2026-05-05 11:49:17.43367', NULL, NULL, NULL, true, false, '2026-05-05 23:41:33.824212', 1, NULL, '4ab6b505-ddee-427a-9d52-ce62e49d11e1', NULL, NULL, NULL, 5, 4) ON CONFLICT DO NOTHING;
INSERT INTO public.course_info (id, academic_hours_total, annotation, created_at, deleted_at, goal, independent_work_hours, language, lecture_hours, pract_classes_hours, prerequisites_description, updated_at, assessment_form_id, course_id, course_version_id, created_by, updated_by) VALUES ('f4130627-2843-4013-9152-bf41317d7ae3', 0, NULL, '2026-04-04 20:23:51.526716', NULL, NULL, 0, 'lv', NULL, NULL, NULL, NULL, NULL, 'abea04d9-aae8-4457-b88a-7dcb37a30053', 'cf53046f-6dbe-430a-92a6-2ead4daf38d3', NULL, NULL) ON CONFLICT DO NOTHING;
INSERT INTO public.course_info (id, academic_hours_total, annotation, created_at, deleted_at, goal, independent_work_hours, language, lecture_hours, pract_classes_hours, prerequisites_description, updated_at, assessment_form_id, course_id, course_version_id, created_by, updated_by) VALUES ('884291a6-0809-44cc-826c-d3c28ab24b39', 32, 'Kurss sastāv no teorijas lekcijām, kas sniedz vispārīgu un aktuālu informāciju par svarīgākajām datora sastāvdaļām ar vēsturisko kontekstu un īpašu uzsvaru uz centrālā procesora darbības pamatprincipiem. Savukārt laboratorijas darbu ietvaros studenti apgūst tādas ar datorsistēmu uzturēšanu saistītas prasmes kā datora izjaukšana/salikšana, operētājsistēmu instalēšana, diska partīciju izveide un klonēšana, tīkla konfigurācija utt.', '2026-05-03 00:19:48.496377', NULL, 'Kursa mērķis ir sniegt vispārīgu informāciju par svarīgākajām datora sastāvdaļām – centrālo procesoru un tā darbības principiem, dažādiem atmiņas veidiem un citu svarīgāko perifēriju, kā arī apgūt praktiskas iemaņas darbā ar datorsistēmu uzturēšanu.', 44, 'lv', 12, 20, 'Vispārējā vidējā vai vidējā profesionālā izglītība', NULL, 1, 'afd1c271-6f4b-45f1-8d1b-ba17f9f0a631', '9cfb9a5a-4480-49ed-b018-babf2e4424b4', NULL, NULL) ON CONFLICT DO NOTHING;
INSERT INTO public.course_info (id, academic_hours_total, annotation, created_at, deleted_at, goal, independent_work_hours, language, lecture_hours, pract_classes_hours, prerequisites_description, updated_at, assessment_form_id, course_id, course_version_id, created_by, updated_by) VALUES ('808096ac-ffdc-44f0-a90a-35977c816e52', 64, 'Studiju kursa ietvarā studējošais apgūst datorzinātņu būtību un pamatprincipus, izskata abstrakto skaitļojamo mašīnu realizāciju fiziskā ierīcē. Studējošais apgūst algoritmu veidošanas pamatus un vienkāršu algoritmu realizāciju programmēšanas valodā Python. 
Programmēšanas valoda Python tiek plaši pielietota programmu izstrādē un tai pašā laikā Python sintakse ir vienkārša un ātri apgūstama, kas ļauj koncentrēties uz problēmas risinājumu, nevis  uz valodas sintakses problēmām. Python ir pieejamas funkcijas un valodas konstrukcijas, kas būtiski samazina koda rindiņu skaitu, tāpēc šī valoda ir piemērota programmēšanas pamatu apguvei. 
Kursa noslēgumā studējošais pielieto iegūtās prasmes un kompetences bāzes algoritmu īstenošanai.', '2026-05-03 00:38:25.377372', NULL, 'Kursa mērķis ir sniegt studentiem nepieciešamās zināšanas par datorzinātņu teorētiskiem un praktiskiem pamatiem, sākot no algoritmu teorijas līdz algoritmu realizācijai reālos datoros ar programmēšanas valodas palīdzību, kā arī veidot priekšstatu par algoritmu un programmu izstrādes procesu. Attīstīt algoritmisko domāšanu. Veicināt programmēšanas iemaņu apgūšanu, izmantojot programmēšanas valodu Python.', 88, 'lv', 32, 32, 'Vispārējā vidējā izglītība', NULL, 1, '61f5e709-f4e1-4b30-8504-a806f48ed12a', '20013e22-f78f-47a6-9f5b-77f4b72ccdf3', NULL, NULL) ON CONFLICT DO NOTHING;
INSERT INTO public.course_info (id, academic_hours_total, annotation, created_at, deleted_at, goal, independent_work_hours, language, lecture_hours, pract_classes_hours, prerequisites_description, updated_at, assessment_form_id, course_id, course_version_id, created_by, updated_by) VALUES ('a215efa2-b605-4923-a6f2-621e22d2532c', 32, 'Kursa mērķis ir tālāk pilnveidot studentu izpratni par IT angļu valodu daudzpusīgās tematiskās jomās un apgūt šajās jomās lietoto terminoloģiju un speciālo leksiku, spēt to atpazīt, saprast, sastatīt ar ekvivalentiem latviešu valodā un spēt to lietot mutvārdu un rakstveida saziņā atbilstoši angļu valodas lietošanas normām. Papildu mērķis – pilnveidot vispārējās jeb caurviju prasmes, īpašu uzmanību pievēršot (a) pašavadītas mācīšanās prasmju pilnveidei un (b) izziņai par savu iespējamo specializācijas jomu IT tirgū, papildus uzlabojot izpratni par uzņēmējdarbību IT jomā un ar to saistītos kontekstus un biznesa leksiku (mutvārdu un rakstveida komunikācijas ietvaros). ', '2026-05-03 10:43:27.227104', NULL, 'Studiju kursa ietvaros studenti – nodarbībās un patstāvīgi, grupās un individuāli - pilnveido darba tirgū nepieciešamās angļu valodas kompetences un vispārējās ar valodas lietojumu saistītās kompetences – dažāda veida funkcionālo tekstu uztveri un izveidi mutvārdos un rakstveidā, apgūstot un izmantojot nozares leksiku. ', 44, 'en', 4, 28, 'Sekmīgi apgūts kurss Angļu valoda I', NULL, 1, '1cba519a-59a7-4093-b3d8-2072685c1bf2', '8e9abc5b-9442-45f5-87c7-201ff0adb328', NULL, NULL) ON CONFLICT DO NOTHING;
INSERT INTO public.course_info (id, academic_hours_total, annotation, created_at, deleted_at, goal, independent_work_hours, language, lecture_hours, pract_classes_hours, prerequisites_description, updated_at, assessment_form_id, course_id, course_version_id, created_by, updated_by) VALUES ('c2cb8133-dbca-42a5-82a2-defff0662094', 32, 'Studiju kursa ietvaros studenti – nodarbībās un patstāvīgi, grupās un individuāli - pilnveido darba tirgū nepieciešamās angļu valodas kompetences un vispārējās ar valodas lietojumu saistītās kompetences – dažāda veida funkcionālo tekstu uztveri un izveidi mutvārdos un rakstiski, apgūstot un izmantojot nozares leksiku. ', '2026-04-19 03:54:12.416887', NULL, 'Kursa mērķis ir pilnveidot studentu izpratni par IT angļu valodu dažādās tematiskās jomās un apgūt šajās jomās lietoto terminoloģiju un speciālo leksiku, spēt to atpazīt, saprast, sastatīt ar ekvivalentiem latviešu valodā un spēt to lietot mutvārdu un rakstveida saziņā atbilstoši angļu valodas lietošanas normām. Papildu mērķis – pilnveidot vispārējās jeb caurviju prasmes, īpašu uzmanību pievēršot (a) informācijas izguvei, apkopošanai, novērtēšanai un apstrādei, un analīzes apkopojuma/secinājumu pasniegšanai mutvārdos vai rakstiski dāžada veida funkcionālajos teikstos un (b) mutvārdu un rakstveida komunikācijai ar dažādu mērķauditoriju dažādu mērķu sasniegšanai.', 44, 'en', 0, 32, 'Vidusskolas angļu valodas eksāmenā iegūts pozitīvs vērtējums', NULL, 3, 'e3a130bc-54bf-428c-89a9-31805ef5803d', 'd290798e-7ee1-4e8f-946a-b9376b643208', NULL, NULL) ON CONFLICT DO NOTHING;
INSERT INTO public.course_info (id, academic_hours_total, annotation, created_at, deleted_at, goal, independent_work_hours, language, lecture_hours, pract_classes_hours, prerequisites_description, updated_at, assessment_form_id, course_id, course_version_id, created_by, updated_by) VALUES ('18d2fd4d-3eed-4908-a313-26b6a375294a', 0, NULL, '2026-04-23 12:30:05.214628', NULL, NULL, 0, 'lv', NULL, NULL, NULL, NULL, NULL, 'e061eaa6-1678-40cc-a814-ad0616bd1d1d', '3ecf54a4-6764-4e5c-8b26-144a33bb17a5', NULL, NULL) ON CONFLICT DO NOTHING;
INSERT INTO public.course_info (id, academic_hours_total, annotation, created_at, deleted_at, goal, independent_work_hours, language, lecture_hours, pract_classes_hours, prerequisites_description, updated_at, assessment_form_id, course_id, course_version_id, created_by, updated_by) VALUES ('b8e12532-459d-4dba-bcc8-f3385c06f0b5', 32, 'Lai ar programmēšanas (vai vismaz datora) palīdzību veiksmīgi risinātu problēmas, jāspēj tās formalizēt datoram saprotamā formā. Lai varētu labāk veikt šo formalizācijas procesu, tiek apskatīts algoritma jēdziens, tā biežākās attēlošanas formas kā arī metodoloģijas pēc kurām var salīdzināt dažādus algoritmus pēc to efektivitātes. Kursa ietvaros studenti zīmē blokshēmas, raksta pseidokodus, raksta programmu kodus kā arī aprēķina sarežģītības kārtas dažādiem algoritmiem.', '2026-05-02 23:57:17.898512', NULL, 'Kursa mērķis ir iepazīstināt studentus ar algoritma jēdzienu, tā sarežģītības novērtēšanu un biežāk izmantotajām algoritmu paradigmām.', 44, 'lv', 16, 16, 'Nav', NULL, 1, 'e89fd28f-d1d8-42da-b55f-72fcea77d27b', '8b8640e6-6986-41f0-ae03-38c93a54ec6a', NULL, NULL) ON CONFLICT DO NOTHING;
INSERT INTO public.course_info (id, academic_hours_total, annotation, created_at, deleted_at, goal, independent_work_hours, language, lecture_hours, pract_classes_hours, prerequisites_description, updated_at, assessment_form_id, course_id, course_version_id, created_by, updated_by) VALUES ('f96e6a04-70cb-4822-af03-4eb0097f6e90', 35, 'Studiju kursā tiek apgūta procedūrorientētā programmēšana ar nelielu ieskatu objektorientētajā programmēšanā. Kursā tiek izmantota programmēšanas valoda C++, kas citu programmēšanas valodu starpā izceļas ar ātrdarbību un datora resursu taupīšanu. C++ izmanto, lai veidotu lietotnes, kuras ir ātras, efektīvi pārvalda datora sistēmas resursus un ir spējīgas risināt kritiskus uzdevumus, piemēram, iegulto sistēmu programmatūra, operētājsistēmas, pārlūkprogrammas, datorspēlēs un citas programmas.
Kursā tiek apskatītas šādas galvenās tēmas: programmēšanas valodas C++ apskats, salīdzinot to ar citām valodām, programmas pamatkonstrukcijas (lineāras konstrukcijas, zarošanās un cikli), funkcijas, virknes, masīvi, vektori, ievades/izvades klases (standarta ievades/izvades ierīces, teksta faili), struktūras.', '2026-05-03 11:26:22.715669', NULL, 'Kursa mērķis ir iepazīstināt studentus ar programmēšanā izmantojamajiem pamatjēdzieniem un pamatkonstrukcijām, veidot izpratni par programmu izstrādes procesu. Attīstīt algoritmisko domāšanu. Veicināt programmēšanas iemaņu apgūšanu programmēšanas valodā C++, izmantojot procedūrorientēto programmēšanas paradigmu un ievērojot programmēšanas labo praksi.', 54, 'lv', 20, 15, 'Nepieciešamas pamatzināšanas matemātikā un loģikā.', NULL, 1, '4b049f4e-b3b4-4595-9cbe-c86b0ef5a0a3', '3f000f9a-ae2f-4187-bec6-93ca001deec0', 1, NULL) ON CONFLICT DO NOTHING;
INSERT INTO public.course_info (id, academic_hours_total, annotation, created_at, deleted_at, goal, independent_work_hours, language, lecture_hours, pract_classes_hours, prerequisites_description, updated_at, assessment_form_id, course_id, course_version_id, created_by, updated_by) VALUES ('8505bfaa-246c-4686-863f-6b02d4621703', 64, 'Studiju kursa ietvarā studējošais apgūst datorzinātņu būtību un pamatprincipus, izskata abstrakto skaitļojamo mašīnu realizāciju fiziskā ierīcē. Studējošais apgūst algoritmu veidošanas pamatus un vienkāršu algoritmu realizāciju programmēšanas valodā Python. 
Programmēšanas valoda Python tiek plaši pielietota programmu izstrādē un tai pašā laikā Python sintakse ir vienkārša un ātri apgūstama, kas ļauj koncentrēties uz problēmas risinājumu, nevis  uz valodas sintakses problēmām. Python ir pieejamas funkcijas un valodas konstrukcijas, kas būtiski samazina koda rindiņu skaitu, tāpēc šī valoda ir piemērota programmēšanas pamatu apguvei. 
Kursa noslēgumā studējošais pielieto iegūtās prasmes un kompetences bāzes algoritmu īstenošanai.', '2026-05-03 12:22:50.132481', NULL, 'Kursa mērķis ir sniegt studentiem nepieciešamās zināšanas par datorzinātņu teorētiskiem un praktiskiem pamatiem, sākot no algoritmu teorijas līdz algoritmu realizācijai reālos datoros ar programmēšanas valodas palīdzību, kā arī veidot priekšstatu par algoritmu un programmu izstrādes procesu. Attīstīt algoritmisko domāšanu. Veicināt programmēšanas iemaņu apgūšanu, izmantojot programmēšanas valodu Python.', 88, 'lv', 32, 32, 'Vispārējā vidējā izglītība', NULL, 1, '61f5e709-f4e1-4b30-8504-a806f48ed12a', '53375844-6d48-45ae-ba04-a918d283ae37', NULL, NULL) ON CONFLICT DO NOTHING;
INSERT INTO public.course_info (id, academic_hours_total, annotation, created_at, deleted_at, goal, independent_work_hours, language, lecture_hours, pract_classes_hours, prerequisites_description, updated_at, assessment_form_id, course_id, course_version_id, created_by, updated_by) VALUES ('11ac2e25-f7fd-43d0-8166-32eb7ed5f2d0', 32, 'Studiju kursā tiek apgūta procedūrorientētā programmēšana ar nelielu ieskatu objektorientētajā programmēšanā. Kursā tiek izmantota programmēšanas valoda C++, kas citu programmēšanas valodu starpā izceļas ar ātrdarbību un datora resursu taupīšanu. C++ izmanto, lai veidotu lietotnes, kuras ir ātras, efektīvi pārvalda datora sistēmas resursus un ir spējīgas risināt kritiskus uzdevumus, piemēram, iegulto sistēmu programmatūra, operētājsistēmas, pārlūkprogrammas, datorspēlēs un citas programmas.
Kursā tiek apskatītas šādas galvenās tēmas: programmēšanas valodas C++ apskats, salīdzinot to ar citām valodām, programmas pamatkonstrukcijas (lineāras konstrukcijas, zarošanās un cikli), funkcijas, virknes, masīvi, vektori, ievades/izvades klases (standarta ievades/izvades ierīces, teksta faili), struktūras.', '2026-05-03 12:40:56.949554', NULL, 'Kursa mērķis ir iepazīstināt studentus ar programmēšanā izmantojamajiem pamatjēdzieniem un pamatkonstrukcijām, veidot izpratni par programmu izstrādes procesu. Attīstīt algoritmisko domāšanu. Veicināt programmēšanas iemaņu apgūšanu programmēšanas valodā C++, izmantojot procedūrorientēto programmēšanas paradigmu un ievērojot programmēšanas labo praksi.', 44, 'lv', 10, 22, 'Nepieciešamas pamatzināšanas matemātikā un loģikā.', NULL, 1, '4b049f4e-b3b4-4595-9cbe-c86b0ef5a0a3', '45f91e70-f429-4541-99d9-7368cabaf4fe', 1, NULL) ON CONFLICT DO NOTHING;
INSERT INTO public.course_info (id, academic_hours_total, annotation, created_at, deleted_at, goal, independent_work_hours, language, lecture_hours, pract_classes_hours, prerequisites_description, updated_at, assessment_form_id, course_id, course_version_id, created_by, updated_by) VALUES ('c74bab0f-0045-45b3-8547-4e2131abce5a', 32, 'Studiju kursā tiek apgūta procedūrorientētā programmēšana ar nelielu ieskatu objektorientētajā programmēšanā. Kursā tiek izmantota programmēšanas valoda C++, kas citu programmēšanas valodu starpā izceļas ar ātrdarbību un datora resursu taupīšanu. C++ izmanto, lai veidotu lietotnes, kuras ir ātras, efektīvi pārvalda datora sistēmas resursus un ir spējīgas risināt kritiskus uzdevumus, piemēram, iegulto sistēmu programmatūra, operētājsistēmas, pārlūkprogrammas, datorspēlēs un citas programmas.
Kursā tiek apskatītas šādas galvenās tēmas: programmēšanas valodas C++ apskats, salīdzinot to ar citām valodām, programmas pamatkonstrukcijas (lineāras konstrukcijas, zarošanās un cikli), funkcijas, virknes, masīvi, vektori, ievades/izvades klases (standarta ievades/izvades ierīces, teksta faili), struktūras.', '2026-04-04 14:25:47.820485', NULL, 'Kursa mērķis ir iepazīstināt studentus ar programmēšanā izmantojamajiem pamatjēdzieniem un pamatkonstrukcijām, veidot izpratni par programmu izstrādes procesu. Attīstīt algoritmisko domāšanu. Veicināt programmēšanas iemaņu apgūšanu programmēšanas valodā C++, izmantojot procedūrorientēto programmēšanas paradigmu un ievērojot programmēšanas labo praksi.', 44, 'lv', 12, 20, 'Nepieciešamas pamatzināšanas matemātikā un loģikā.', NULL, 1, '4b049f4e-b3b4-4595-9cbe-c86b0ef5a0a3', '2e5c8c08-ca8a-4c69-9ac9-05b64ef2d1d1', 1, NULL) ON CONFLICT DO NOTHING;
INSERT INTO public.course_info (id, academic_hours_total, annotation, created_at, deleted_at, goal, independent_work_hours, language, lecture_hours, pract_classes_hours, prerequisites_description, updated_at, assessment_form_id, course_id, course_version_id, created_by, updated_by) VALUES ('f26e2d96-3d76-4518-9c90-8b18b66c9b8c', 32, 'Studiju kursa ietvaros studenti – nodarbībās un patstāvīgi, grupās un individuāli - pilnveido darba tirgū nepieciešamās angļu valodas kompetences un vispārējās ar valodas lietojumu saistītās kompetences – dažāda veida funkcionālo tekstu uztveri un izveidi mutvārdos un rakstiski, apgūstot un izmantojot nozares leksiku. ', '2026-05-03 15:15:03.421987', NULL, 'Kursa mērķis ir pilnveidot studentu izpratni par IT angļu valodu dažādās tematiskās jomās un apgūt šajās jomās lietoto terminoloģiju un speciālo leksiku, spēt to atpazīt, saprast, sastatīt ar ekvivalentiem latviešu valodā un spēt to lietot mutvārdu un rakstveida saziņā atbilstoši angļu valodas lietošanas normām. Papildu mērķis – pilnveidot vispārējās jeb caurviju prasmes, īpašu uzmanību pievēršot (a) informācijas izguvei, apkopošanai, novērtēšanai un apstrādei, un analīzes apkopojuma/secinājumu pasniegšanai mutvārdos vai rakstiski dāžada veida funkcionālajos teikstos un (b) mutvārdu un rakstveida komunikācijai ar dažādu mērķauditoriju dažādu mērķu sasniegšanai.', 44, 'en', 0, 32, 'Vidusskolas angļu valodas eksāmenā iegūts pozitīvs vērtējums', NULL, 3, 'e3a130bc-54bf-428c-89a9-31805ef5803d', '272125c1-c4ca-4069-a48a-643798f2dff6', NULL, NULL) ON CONFLICT DO NOTHING;
INSERT INTO public.course_info (id, academic_hours_total, annotation, created_at, deleted_at, goal, independent_work_hours, language, lecture_hours, pract_classes_hours, prerequisites_description, updated_at, assessment_form_id, course_id, course_version_id, created_by, updated_by) VALUES ('4ffc5cfe-068b-411a-8db5-d5fe753cbbc4', 32, 'Studiju kursa ietvaros studenti – nodarbībās un patstāvīgi, grupās un individuāli - pilnveido darba tirgū nepieciešamās angļu valodas kompetences un vispārējās ar valodas lietojumu saistītās kompetences – dažāda veida funkcionālo tekstu uztveri un izveidi mutvārdos un rakstiski, apgūstot un izmantojot nozares leksiku. ', '2026-05-03 15:17:53.175106', NULL, 'Kursa mērķis ir pilnveidot studentu izpratni par IT angļu valodu dažādās tematiskās jomās un apgūt šajās jomās lietoto terminoloģiju un speciālo leksiku, spēt to atpazīt, saprast, sastatīt ar ekvivalentiem latviešu valodā un spēt to lietot mutvārdu un rakstveida saziņā atbilstoši angļu valodas lietošanas normām. Papildu mērķis – pilnveidot vispārējās jeb caurviju prasmes, īpašu uzmanību pievēršot (a) informācijas izguvei, apkopošanai, novērtēšanai un apstrādei, un analīzes apkopojuma/secinājumu pasniegšanai mutvārdos vai rakstiski dāžada veida funkcionālajos teikstos un (b) mutvārdu un rakstveida komunikācijai ar dažādu mērķauditoriju dažādu mērķu sasniegšanai.', 44, 'en', 0, 32, 'Vidusskolas angļu valodas eksāmenā iegūts pozitīvs vērtējums', NULL, 3, 'e3a130bc-54bf-428c-89a9-31805ef5803d', '4b521113-27b1-4de2-8a36-1fcf45971beb', NULL, NULL) ON CONFLICT DO NOTHING;
INSERT INTO public.course_info (id, academic_hours_total, annotation, created_at, deleted_at, goal, independent_work_hours, language, lecture_hours, pract_classes_hours, prerequisites_description, updated_at, assessment_form_id, course_id, course_version_id, created_by, updated_by) VALUES ('6d2d0040-b5fc-4eec-9202-4a3543035dc7', 32, 'Kurss sastāv no teorijas lekcijām, kas sniedz vispārīgu un aktuālu informāciju par svarīgākajām datora sastāvdaļām ar vēsturisko kontekstu un īpašu uzsvaru uz centrālā procesora darbības pamatprincipiem. Savukārt laboratorijas darbu ietvaros studenti apgūst tādas ar datorsistēmu uzturēšanu saistītas prasmes kā datora izjaukšana/salikšana, operētājsistēmu instalēšana, diska partīciju izveide un klonēšana, tīkla konfigurācija utt.', '2026-05-03 15:33:32.640926', NULL, 'Kursa mērķis ir sniegt vispārīgu informāciju par svarīgākajām datora sastāvdaļām – centrālo procesoru un tā darbības principiem, dažādiem atmiņas veidiem un citu svarīgāko perifēriju, kā arī apgūt praktiskas iemaņas darbā ar datorsistēmu uzturēšanu.', 44, 'lv', 12, 20, 'Vispārējā vidējā vai vidējā profesionālā izglītība', NULL, 1, 'afd1c271-6f4b-45f1-8d1b-ba17f9f0a631', 'ace4ee41-eaf0-4e9f-a6e1-a36fc7090b43', NULL, NULL) ON CONFLICT DO NOTHING;
INSERT INTO public.course_info (id, academic_hours_total, annotation, created_at, deleted_at, goal, independent_work_hours, language, lecture_hours, pract_classes_hours, prerequisites_description, updated_at, assessment_form_id, course_id, course_version_id, created_by, updated_by) VALUES ('02ecef0e-40d4-43d9-8c56-4b4a6facdc56', 32, 'Studiju kursa ietvaros studenti – nodarbībās un patstāvīgi, grupās un individuāli - pilnveido darba tirgū nepieciešamās angļu valodas kompetences un vispārējās ar valodas lietojumu saistītās kompetences – dažāda veida funkcionālo tekstu uztveri un izveidi mutvārdos un rakstiski, apgūstot un izmantojot nozares leksiku. ', '2026-05-03 15:48:43.29135', NULL, 'Kursa mērķis ir pilnveidot studentu izpratni par IT angļu valodu dažādās tematiskās jomās un apgūt šajās jomās lietoto terminoloģiju un speciālo leksiku, spēt to atpazīt, saprast, sastatīt ar ekvivalentiem latviešu valodā un spēt to lietot mutvārdu un rakstveida saziņā atbilstoši angļu valodas lietošanas normām. Papildu mērķis – pilnveidot vispārējās jeb caurviju prasmes, īpašu uzmanību pievēršot (a) informācijas izguvei, apkopošanai, novērtēšanai un apstrādei, un analīzes apkopojuma/secinājumu pasniegšanai mutvārdos vai rakstiski dāžada veida funkcionālajos teikstos un (b) mutvārdu un rakstveida komunikācijai ar dažādu mērķauditoriju dažādu mērķu sasniegšanai.', 44, 'en', 0, 32, 'Vidusskolas angļu valodas eksāmenā iegūts pozitīvs vērtējums', NULL, 3, 'e3a130bc-54bf-428c-89a9-31805ef5803d', '288d8b1f-f91a-4c60-b28f-f5cca44ec0f0', NULL, NULL) ON CONFLICT DO NOTHING;
INSERT INTO public.course_info (id, academic_hours_total, annotation, created_at, deleted_at, goal, independent_work_hours, language, lecture_hours, pract_classes_hours, prerequisites_description, updated_at, assessment_form_id, course_id, course_version_id, created_by, updated_by) VALUES ('f3aa9ccd-6ebe-460b-922e-d5bc91a5a712', 0, NULL, '2026-05-03 16:41:16.594965', NULL, NULL, 0, 'lv', NULL, NULL, NULL, NULL, NULL, '068c71a2-49f8-4b18-aa9e-5ac22652fc4b', 'b3cd1b32-5de1-40a3-b8d8-360d3e4ce209', NULL, NULL) ON CONFLICT DO NOTHING;
INSERT INTO public.course_info (id, academic_hours_total, annotation, created_at, deleted_at, goal, independent_work_hours, language, lecture_hours, pract_classes_hours, prerequisites_description, updated_at, assessment_form_id, course_id, course_version_id, created_by, updated_by) VALUES ('d2a5c6e0-9501-4149-985b-40ce2eef9ea9', 0, NULL, '2026-05-05 11:49:17.486627', NULL, NULL, 0, 'lv', NULL, NULL, NULL, NULL, NULL, '4ab6b505-ddee-427a-9d52-ce62e49d11e1', 'd9e058ba-4e75-4378-84df-51e97d9b1852', NULL, NULL) ON CONFLICT DO NOTHING;
INSERT INTO public.course_info (id, academic_hours_total, annotation, created_at, deleted_at, goal, independent_work_hours, language, lecture_hours, pract_classes_hours, prerequisites_description, updated_at, assessment_form_id, course_id, course_version_id, created_by, updated_by) VALUES ('27cb9e40-9048-4589-8566-ca9ac7f83481', 32, 'Lai ar programmēšanas (vai vismaz datora) palīdzību veiksmīgi risinātu problēmas, jāspēj tās formalizēt datoram saprotamā formā. Lai varētu labāk veikt šo formalizācijas procesu, tiek apskatīts algoritma jēdziens, tā biežākās attēlošanas formas kā arī metodoloģijas pēc kurām var salīdzināt dažādus algoritmus pēc to efektivitātes. Kursa ietvaros studenti zīmē blokshēmas, raksta pseidokodus, raksta programmu kodus kā arī aprēķina sarežģītības kārtas dažādiem algoritmiem.', '2026-05-14 12:42:02.408054', NULL, 'Kursa mērķis ir iepazīstināt studentus ar algoritma jēdzienu, tā sarežģītības novērtēšanu un biežāk izmantotajām algoritmu paradigmām.', 44, 'lv', 16, 16, 'Nav', NULL, 1, 'e89fd28f-d1d8-42da-b55f-72fcea77d27b', '501f14d9-0c38-4dc9-8ecc-bb02e6e73e64', NULL, NULL) ON CONFLICT DO NOTHING;
INSERT INTO public.course_info (id, academic_hours_total, annotation, created_at, deleted_at, goal, independent_work_hours, language, lecture_hours, pract_classes_hours, prerequisites_description, updated_at, assessment_form_id, course_id, course_version_id, created_by, updated_by) VALUES ('ca667a16-ae75-4347-b375-ee42766584a2', 32, 'Kursa mērķis ir tālāk pilnveidot studentu izpratni par IT angļu valodu daudzpusīgās tematiskās jomās un apgūt šajās jomās lietoto terminoloģiju un speciālo leksiku, spēt to atpazīt, saprast, sastatīt ar ekvivalentiem latviešu valodā un spēt to lietot mutvārdu un rakstveida saziņā atbilstoši angļu valodas lietošanas normām. Papildu mērķis – pilnveidot vispārējās jeb caurviju prasmes, īpašu uzmanību pievēršot (a) pašavadītas mācīšanās prasmju pilnveidei un (b) izziņai par savu iespējamo specializācijas jomu IT tirgū, papildus uzlabojot izpratni par uzņēmējdarbību IT jomā un ar to saistītos kontekstus un biznesa leksiku (mutvārdu un rakstveida komunikācijas ietvaros). ', '2026-05-21 00:09:28.880385', NULL, 'Studiju kursa ietvaros studenti – nodarbībās un patstāvīgi, grupās un individuāli - pilnveido darba tirgū nepieciešamās angļu valodas kompetences un vispārējās ar valodas lietojumu saistītās kompetences – dažāda veida funkcionālo tekstu uztveri un izveidi mutvārdos un rakstveidā, apgūstot un izmantojot nozares leksiku. ', 44, 'en', 4, 28, 'Sekmīgi apgūts kurss Angļu valoda I', NULL, 1, '1cba519a-59a7-4093-b3d8-2072685c1bf2', '0ce8c9ff-547b-463b-ac7d-c27d0ab4a6f0', NULL, NULL) ON CONFLICT DO NOTHING;
INSERT INTO public.course_info (id, academic_hours_total, annotation, created_at, deleted_at, goal, independent_work_hours, language, lecture_hours, pract_classes_hours, prerequisites_description, updated_at, assessment_form_id, course_id, course_version_id, created_by, updated_by) VALUES ('5b8ee3aa-2746-41f9-bb26-1b26a2624f67', 0, NULL, '2026-05-21 19:38:52.028723', NULL, NULL, 0, 'lv', NULL, NULL, NULL, NULL, NULL, 'c68c6ee5-5060-4d1f-91f4-9bfb8b3bbc5a', '4f8866e3-8bd5-4e07-9fad-1a3e9b4ae9d6', NULL, NULL) ON CONFLICT DO NOTHING;
INSERT INTO public.course_info (id, academic_hours_total, annotation, created_at, deleted_at, goal, independent_work_hours, language, lecture_hours, pract_classes_hours, prerequisites_description, updated_at, assessment_form_id, course_id, course_version_id, created_by, updated_by) VALUES ('4d7c0350-ef6b-4f8c-be18-ba68c046b980', 32, 'Lai ar programmēšanas (vai vismaz datora) palīdzību veiksmīgi risinātu problēmas, jāspēj tās formalizēt datoram saprotamā formā. Lai varētu labāk veikt šo formalizācijas procesu, tiek apskatīts algoritma jēdziens, tā biežākās attēlošanas formas kā arī metodoloģijas pēc kurām var salīdzināt dažādus algoritmus pēc to efektivitātes. Kursa ietvaros studenti zīmē blokshēmas, raksta pseidokodus, raksta programmu kodus kā arī aprēķina sarežģītības kārtas dažādiem algoritmiem.', '2026-05-21 21:48:42.341982', NULL, 'Kursa mērķis ir iepazīstināt studentus ar algoritma jēdzienu, tā sarežģītības novērtēšanu un biežāk izmantotajām algoritmu paradigmām.', 44, 'lv', 16, 16, 'Nav', NULL, 1, 'e89fd28f-d1d8-42da-b55f-72fcea77d27b', 'f5aaaf6a-b6da-434e-9503-90e4d0d060a3', NULL, NULL) ON CONFLICT DO NOTHING;
INSERT INTO public.course_info (id, academic_hours_total, annotation, created_at, deleted_at, goal, independent_work_hours, language, lecture_hours, pract_classes_hours, prerequisites_description, updated_at, assessment_form_id, course_id, course_version_id, created_by, updated_by) VALUES ('260db896-2f68-4ba8-ad13-88e740f58e16', 32, 'Studiju kursa ietvaros studenti – nodarbībās un patstāvīgi, grupās un individuāli - pilnveido darba tirgū nepieciešamās angļu valodas kompetences un vispārējās ar valodas lietojumu saistītās kompetences – dažāda veida funkcionālo tekstu uztveri un izveidi mutvārdos un rakstiski, apgūstot un izmantojot nozares leksiku. ', '2026-05-21 23:02:58.438759', NULL, 'Kursa mērķis ir pilnveidot studentu izpratni par IT angļu valodu dažādās tematiskās jomās un apgūt šajās jomās lietoto terminoloģiju un speciālo leksiku, spēt to atpazīt, saprast, sastatīt ar ekvivalentiem latviešu valodā un spēt to lietot mutvārdu un rakstveida saziņā atbilstoši angļu valodas lietošanas normām. Papildu mērķis – pilnveidot vispārējās jeb caurviju prasmes, īpašu uzmanību pievēršot (a) informācijas izguvei, apkopošanai, novērtēšanai un apstrādei, un analīzes apkopojuma/secinājumu pasniegšanai mutvārdos vai rakstiski dāžada veida funkcionālajos teikstos un (b) mutvārdu un rakstveida komunikācijai ar dažādu mērķauditoriju dažādu mērķu sasniegšanai.', 44, 'en', 0, 32, 'Vidusskolas angļu valodas eksāmenā iegūts pozitīvs vērtējums', NULL, 3, 'e3a130bc-54bf-428c-89a9-31805ef5803d', '6872e1de-30fc-4b20-a2db-d0241dd58730', NULL, NULL) ON CONFLICT DO NOTHING;
INSERT INTO public.course_info (id, academic_hours_total, annotation, created_at, deleted_at, goal, independent_work_hours, language, lecture_hours, pract_classes_hours, prerequisites_description, updated_at, assessment_form_id, course_id, course_version_id, created_by, updated_by) VALUES ('413c51f6-ff8f-43dd-befd-2672802f2128', 32, 'Studiju kursa ietvaros studenti – nodarbībās un patstāvīgi, grupās un individuāli - pilnveido darba tirgū nepieciešamās angļu valodas kompetences un vispārējās ar valodas lietojumu saistītās kompetences – dažāda veida funkcionālo tekstu uztveri un izveidi mutvārdos un rakstiski, apgūstot un izmantojot nozares leksiku. ', '2026-05-21 23:04:32.654129', NULL, 'Kursa mērķis ir pilnveidot studentu izpratni par IT angļu valodu dažādās tematiskās jomās un apgūt šajās jomās lietoto terminoloģiju un speciālo leksiku, spēt to atpazīt, saprast, sastatīt ar ekvivalentiem latviešu valodā un spēt to lietot mutvārdu un rakstveida saziņā atbilstoši angļu valodas lietošanas normām. Papildu mērķis – pilnveidot vispārējās jeb caurviju prasmes, īpašu uzmanību pievēršot (a) informācijas izguvei, apkopošanai, novērtēšanai un apstrādei, un analīzes apkopojuma/secinājumu pasniegšanai mutvārdos vai rakstiski dāžada veida funkcionālajos teikstos un (b) mutvārdu un rakstveida komunikācijai ar dažādu mērķauditoriju dažādu mērķu sasniegšanai.', 44, 'en', 0, 32, 'Vidusskolas angļu valodas eksāmenā iegūts pozitīvs vērtējums', NULL, 3, 'e3a130bc-54bf-428c-89a9-31805ef5803d', '06479660-e9c9-4e26-bd02-05471707b4fe', NULL, NULL) ON CONFLICT DO NOTHING;
INSERT INTO public.course_content (id, created_at, language, sequence_number, topic_description, topic_title, updated_at, course_info_id, created_by, updated_by) VALUES (58, '2026-05-03 11:14:48.767208', 'lv', 1, NULL, 'IT darba tirgus. Internets. Lietu internets (IoT) un tā ietekme uz tautsaimniecību un darba tirgu.', NULL, 'a215efa2-b605-4923-a6f2-621e22d2532c', NULL, NULL) ON CONFLICT DO NOTHING;
INSERT INTO public.course_content (id, created_at, language, sequence_number, topic_description, topic_title, updated_at, course_info_id, created_by, updated_by) VALUES (7, '2026-04-06 16:33:07.392632', 'lv', 6, '<p>C++ standarta bibliotēkas funkcijas. Funkciju definēšana (prototips un implementēšana) . Funkciju pārslogošana. Mainīgā tvērums.</p>', 'Funkcijas jēdziens', NULL, 'c74bab0f-0045-45b3-8547-4e2131abce5a', NULL, NULL) ON CONFLICT DO NOTHING;
INSERT INTO public.course_content (id, created_at, language, sequence_number, topic_description, topic_title, updated_at, course_info_id, created_by, updated_by) VALUES (8, '2026-04-15 00:04:22.175674', 'lv', 7, '<p>Daudzdimensiju masīvi. Masīvi kā funkciju parametri. Programmēšanas uzdevumi.&nbsp;</p>', 'Masīvi, to izveidošana un lietošana', NULL, 'c74bab0f-0045-45b3-8547-4e2131abce5a', NULL, NULL) ON CONFLICT DO NOTHING;
INSERT INTO public.course_content (id, created_at, language, sequence_number, topic_description, topic_title, updated_at, course_info_id, created_by, updated_by) VALUES (9, '2026-04-19 04:00:49.106633', 'lv', 1, '<p>Tehnoloģijas un mākslīgais intelekts</p>', 'Dzīve un darbs digitālajā laikmetā.', NULL, 'c2cb8133-dbca-42a5-82a2-defff0662094', NULL, NULL) ON CONFLICT DO NOTHING;
INSERT INTO public.course_content (id, created_at, language, sequence_number, topic_description, topic_title, updated_at, course_info_id, created_by, updated_by) VALUES (10, '2026-04-19 04:00:49.140128', 'lv', 2, '<p>Datortehnikas lietotāji. Datortehnikas lietošanas iespējas. Roboti.</p>', 'Datortehnikas izmantošanas jomas.', NULL, 'c2cb8133-dbca-42a5-82a2-defff0662094', NULL, NULL) ON CONFLICT DO NOTHING;
INSERT INTO public.course_content (id, created_at, language, sequence_number, topic_description, topic_title, updated_at, course_info_id, created_by, updated_by) VALUES (6, '2026-04-06 16:33:07.369215', 'lv', 5, NULL, 'Atkārtojuma priekšraksti.', NULL, 'c74bab0f-0045-45b3-8547-4e2131abce5a', NULL, NULL) ON CONFLICT DO NOTHING;
INSERT INTO public.course_content (id, created_at, language, sequence_number, topic_description, topic_title, updated_at, course_info_id, created_by, updated_by) VALUES (11, '2026-04-19 04:00:49.152202', 'lv', 3, '<p>Datortehnikas lietotāji. Datortehnikas lietošanas iespējas. Roboti.</p>', 'Datorarhitektūra.', NULL, 'c2cb8133-dbca-42a5-82a2-defff0662094', NULL, NULL) ON CONFLICT DO NOTHING;
INSERT INTO public.course_content (id, created_at, language, sequence_number, topic_description, topic_title, updated_at, course_info_id, created_by, updated_by) VALUES (12, '2026-04-19 04:00:49.165323', 'lv', 4, '<p>Ievad-/Izvad-ierīces. Runas atpazīšanas sistēmas. Printeri to darbība. Jaunākās ievad/izvadierīces. </p>', 'Perifērās datorierīces.', NULL, 'c2cb8133-dbca-42a5-82a2-defff0662094', NULL, NULL) ON CONFLICT DO NOTHING;
INSERT INTO public.course_content (id, created_at, language, sequence_number, topic_description, topic_title, updated_at, course_info_id, created_by, updated_by) VALUES (13, '2026-04-19 04:00:49.179706', 'lv', 5, '<p>Grafiskās datora-lietotāja saskarnes īpašības.</p>', 'Datora-Lietotāja saskarne.', NULL, 'c2cb8133-dbca-42a5-82a2-defff0662094', NULL, NULL) ON CONFLICT DO NOTHING;
INSERT INTO public.course_content (id, created_at, language, sequence_number, topic_description, topic_title, updated_at, course_info_id, created_by, updated_by) VALUES (14, '2026-05-03 00:01:33.248075', 'lv', 1, NULL, 'Algoritma jēdziens. Algoritmu vēsture un definīcija. Svarīgākie problēmu tipi.', NULL, 'b8e12532-459d-4dba-bcc8-f3385c06f0b5', NULL, NULL) ON CONFLICT DO NOTHING;
INSERT INTO public.course_content (id, created_at, language, sequence_number, topic_description, topic_title, updated_at, course_info_id, created_by, updated_by) VALUES (15, '2026-05-03 00:01:33.276288', 'lv', 2, NULL, 'Algoritmu atveidošana, teksts, blokshēma, pseidokods, programma', NULL, 'b8e12532-459d-4dba-bcc8-f3385c06f0b5', NULL, NULL) ON CONFLICT DO NOTHING;
INSERT INTO public.course_content (id, created_at, language, sequence_number, topic_description, topic_title, updated_at, course_info_id, created_by, updated_by) VALUES (16, '2026-05-03 00:01:33.291631', 'lv', 3, NULL, 'Algoritma īpašības. Algoritma izmaksas.', NULL, 'b8e12532-459d-4dba-bcc8-f3385c06f0b5', NULL, NULL) ON CONFLICT DO NOTHING;
INSERT INTO public.course_content (id, created_at, language, sequence_number, topic_description, topic_title, updated_at, course_info_id, created_by, updated_by) VALUES (17, '2026-05-03 00:01:33.306045', 'lv', 4, NULL, 'Algoritmu sarežģītības analīze. Sarežģītības kārtas jēdziens.', NULL, 'b8e12532-459d-4dba-bcc8-f3385c06f0b5', NULL, NULL) ON CONFLICT DO NOTHING;
INSERT INTO public.course_content (id, created_at, language, sequence_number, topic_description, topic_title, updated_at, course_info_id, created_by, updated_by) VALUES (18, '2026-05-03 00:01:33.31835', 'lv', 5, NULL, 'Dažādu funkcijas kārtu salīdzinājums', NULL, 'b8e12532-459d-4dba-bcc8-f3385c06f0b5', NULL, NULL) ON CONFLICT DO NOTHING;
INSERT INTO public.course_content (id, created_at, language, sequence_number, topic_description, topic_title, updated_at, course_info_id, created_by, updated_by) VALUES (19, '2026-05-03 00:01:33.330972', 'lv', 6, NULL, 'Rekursija, izpildes laiks rekursīvam algoritmam', NULL, 'b8e12532-459d-4dba-bcc8-f3385c06f0b5', NULL, NULL) ON CONFLICT DO NOTHING;
INSERT INTO public.course_content (id, created_at, language, sequence_number, topic_description, topic_title, updated_at, course_info_id, created_by, updated_by) VALUES (5, '2026-04-06 16:33:07.222009', 'lv', 4, NULL, 'Attieksmes un loģiskie operatori. Zarošanās priekšraksti.', NULL, 'c74bab0f-0045-45b3-8547-4e2131abce5a', NULL, NULL) ON CONFLICT DO NOTHING;
INSERT INTO public.course_content (id, created_at, language, sequence_number, topic_description, topic_title, updated_at, course_info_id, created_by, updated_by) VALUES (21, '2026-05-03 00:01:33.35346', 'lv', 7, NULL, 'Īsākā ceļa meklēšanas algoritms', NULL, 'b8e12532-459d-4dba-bcc8-f3385c06f0b5', NULL, NULL) ON CONFLICT DO NOTHING;
INSERT INTO public.course_content (id, created_at, language, sequence_number, topic_description, topic_title, updated_at, course_info_id, created_by, updated_by) VALUES (1, '2026-04-04 20:21:14.879817', 'lv', 1, '<p>Algoritms. Programma. Programmēšanas paradigmas. <u>Programmēšanas </u>valodas. Programmēšanas valodu attīstības tendences.&nbsp;</p><p></p><p></p>', 'Ievads', NULL, 'c74bab0f-0045-45b3-8547-4e2131abce5a', NULL, NULL) ON CONFLICT DO NOTHING;
INSERT INTO public.course_content (id, created_at, language, sequence_number, topic_description, topic_title, updated_at, course_info_id, created_by, updated_by) VALUES (20, '2026-05-03 00:01:33.338818', 'lv', 8, NULL, 'Algoritmu paradigmas', NULL, 'b8e12532-459d-4dba-bcc8-f3385c06f0b5', NULL, NULL) ON CONFLICT DO NOTHING;
INSERT INTO public.course_content (id, created_at, language, sequence_number, topic_description, topic_title, updated_at, course_info_id, created_by, updated_by) VALUES (22, '2026-05-03 00:24:56.298133', 'lv', 1, '<p>Skaitīšanas sistēmas, negatīvu skaitļu reprezentācija binārajā sistēmā, datorsistēmu veidi, iegultās sistēmas, datoru paaudzes, tipiska datora uzbūve</p><p></p>', 'Ievads', NULL, '884291a6-0809-44cc-826c-d3c28ab24b39', NULL, NULL) ON CONFLICT DO NOTHING;
INSERT INTO public.course_content (id, created_at, language, sequence_number, topic_description, topic_title, updated_at, course_info_id, created_by, updated_by) VALUES (23, '2026-05-03 00:24:56.333701', 'lv', 2, '<p>Teorētiska CPU uzbūve, asemblervaloda, loģiskie elementi, Būla algebra, summators, Intel 8086 CPU arhitektūra un instrukciju formāti; Fon Neimaņa/Hārvardas un RISC/CISC arhitektūras, atšķirības starp mikroprocesoru un mikrokontrolieri; CPU veiktspēja; CPU ražotāji</p><p></p>', 'Centrālais procesors (CPU)', NULL, '884291a6-0809-44cc-826c-d3c28ab24b39', NULL, NULL) ON CONFLICT DO NOTHING;
INSERT INTO public.course_content (id, created_at, language, sequence_number, topic_description, topic_title, updated_at, course_info_id, created_by, updated_by) VALUES (4, '2026-04-05 13:41:55.806085', 'lv', 2, '<p><strong>Konstantes</strong>. Operatori. Operatoru prioritātes. Ievades/izvade, izmantojot standarta ierīces. Komentāri. C++ programmēšanas labā prakse.</p>', 'Mainīgā jēdziens, pamata jeb iebūvētie datu tipi', NULL, 'c74bab0f-0045-45b3-8547-4e2131abce5a', NULL, NULL) ON CONFLICT DO NOTHING;
INSERT INTO public.course_content (id, created_at, language, sequence_number, topic_description, topic_title, updated_at, course_info_id, created_by, updated_by) VALUES (2, '2026-04-04 20:21:14.962521', 'lv', 3, '<p>Valodas standarti. Programmu izstrādes vides. C++ programmas struktūra. Programmas kompilācija un izpilde, kļūdu konstatēšana un labošana. Sintakse un semantika.&nbsp;</p>', 'Programmēšanas valoda C++', NULL, 'c74bab0f-0045-45b3-8547-4e2131abce5a', NULL, NULL) ON CONFLICT DO NOTHING;
INSERT INTO public.course_content (id, created_at, language, sequence_number, topic_description, topic_title, updated_at, course_info_id, created_by, updated_by) VALUES (36, '2026-05-03 00:45:21.993628', 'lv', 11, NULL, 'Abstraktās skaitļojamās mašīnas un reālie datori', NULL, '808096ac-ffdc-44f0-a90a-35977c816e52', NULL, NULL) ON CONFLICT DO NOTHING;
INSERT INTO public.course_content (id, created_at, language, sequence_number, topic_description, topic_title, updated_at, course_info_id, created_by, updated_by) VALUES (24, '2026-05-03 00:24:56.343927', 'lv', 3, '<p>Atmiņas mērvienības (SI, IEC un JEDEC sistēmas), cietais disks (HDD un SSD), zibatmiņa (flash),partīcijas, failu sistēmas, BIOS/MBR un UEFI/GPT, biežāk izmantotie RAID (redundant array of independent disks) līmeņi; statiskā un dinamiskā brīvpiekļuves atmiņa (RAM), kešatmiņa</p><p></p>', 'Atmiņa', NULL, '884291a6-0809-44cc-826c-d3c28ab24b39', NULL, NULL) ON CONFLICT DO NOTHING;
INSERT INTO public.course_content (id, created_at, language, sequence_number, topic_description, topic_title, updated_at, course_info_id, created_by, updated_by) VALUES (27, '2026-05-03 00:24:56.374433', 'lv', 6, '<p>ATX standarts, PCI un PCIe, grafiskie procesori (GPU), pamatlietas par tīklu un TCP/IP protokolu kopu</p><p></p>', 'Perifērija un tīkls', NULL, '884291a6-0809-44cc-826c-d3c28ab24b39', NULL, NULL) ON CONFLICT DO NOTHING;
INSERT INTO public.course_content (id, created_at, language, sequence_number, topic_description, topic_title, updated_at, course_info_id, created_by, updated_by) VALUES (30, '2026-05-03 00:24:56.408111', 'lv', 9, NULL, 'Lietotāju administrēšana Linux operētājsistēmā, Linux terminālkomandas', NULL, '884291a6-0809-44cc-826c-d3c28ab24b39', NULL, NULL) ON CONFLICT DO NOTHING;
INSERT INTO public.course_content (id, created_at, language, sequence_number, topic_description, topic_title, updated_at, course_info_id, created_by, updated_by) VALUES (29, '2026-05-03 00:24:56.39675', 'lv', 7, NULL, 'Datora darbības pārbaude un labošana', NULL, '884291a6-0809-44cc-826c-d3c28ab24b39', NULL, NULL) ON CONFLICT DO NOTHING;
INSERT INTO public.course_content (id, created_at, language, sequence_number, topic_description, topic_title, updated_at, course_info_id, created_by, updated_by) VALUES (28, '2026-05-03 00:24:56.386431', 'lv', 8, NULL, 'Datora tīkla kartes konfigurēšana; samba servera izveide', NULL, '884291a6-0809-44cc-826c-d3c28ab24b39', NULL, NULL) ON CONFLICT DO NOTHING;
INSERT INTO public.course_content (id, created_at, language, sequence_number, topic_description, topic_title, updated_at, course_info_id, created_by, updated_by) VALUES (32, '2026-05-03 00:45:21.944439', 'lv', 3, NULL, 'Algoritma 1. definīcija. Leibnica problēma. Algoritma 2. definīcija. Algoritma 3. definīcija.', NULL, '808096ac-ffdc-44f0-a90a-35977c816e52', NULL, NULL) ON CONFLICT DO NOTHING;
INSERT INTO public.course_content (id, created_at, language, sequence_number, topic_description, topic_title, updated_at, course_info_id, created_by, updated_by) VALUES (59, '2026-05-03 11:14:48.830079', 'lv', 2, NULL, 'Kibervide un kiberdrošība. Sociālie mēdiji un citas kolektīvās vietnes internetā.', NULL, 'a215efa2-b605-4923-a6f2-621e22d2532c', NULL, NULL) ON CONFLICT DO NOTHING;
INSERT INTO public.course_content (id, created_at, language, sequence_number, topic_description, topic_title, updated_at, course_info_id, created_by, updated_by) VALUES (37, '2026-05-03 00:45:22.005223', 'lv', 13, NULL, 'Fon Neimaņa mašīnas uzbūve un  darbība', NULL, '808096ac-ffdc-44f0-a90a-35977c816e52', NULL, NULL) ON CONFLICT DO NOTHING;
INSERT INTO public.course_content (id, created_at, language, sequence_number, topic_description, topic_title, updated_at, course_info_id, created_by, updated_by) VALUES (38, '2026-05-03 00:45:22.016073', 'lv', 15, NULL, 'Fon Neimaņa mašīnas automāta darbības cikls', NULL, '808096ac-ffdc-44f0-a90a-35977c816e52', NULL, NULL) ON CONFLICT DO NOTHING;
INSERT INTO public.course_content (id, created_at, language, sequence_number, topic_description, topic_title, updated_at, course_info_id, created_by, updated_by) VALUES (34, '2026-05-03 00:45:21.970835', 'lv', 7, NULL, 'Posta mašīnas uzbūve un  darbība', NULL, '808096ac-ffdc-44f0-a90a-35977c816e52', NULL, NULL) ON CONFLICT DO NOTHING;
INSERT INTO public.course_content (id, created_at, language, sequence_number, topic_description, topic_title, updated_at, course_info_id, created_by, updated_by) VALUES (60, '2026-05-03 11:14:48.854461', 'lv', 3, NULL, 'Datu glabāšanas ierīces. Datu glabāšanas ierīču vēsture un jaunākie, arī nākotnes risinājumi. Ierīču veidi un to salīdzionošā analīze. Datoratmiņa salīdzinājumā ar cilvēka atmiņu.', NULL, 'a215efa2-b605-4923-a6f2-621e22d2532c', NULL, NULL) ON CONFLICT DO NOTHING;
INSERT INTO public.course_content (id, created_at, language, sequence_number, topic_description, topic_title, updated_at, course_info_id, created_by, updated_by) VALUES (31, '2026-05-03 00:45:21.889953', 'lv', 1, NULL, 'Ievads algoritmu teorijā. Termina algoritms vēsture', NULL, '808096ac-ffdc-44f0-a90a-35977c816e52', NULL, NULL) ON CONFLICT DO NOTHING;
INSERT INTO public.course_content (id, created_at, language, sequence_number, topic_description, topic_title, updated_at, course_info_id, created_by, updated_by) VALUES (33, '2026-05-03 00:45:21.958542', 'lv', 5, NULL, 'Tjuringa mašīnas uzbūve un  darbība. Algoritma 4. Definīcija.', NULL, '808096ac-ffdc-44f0-a90a-35977c816e52', NULL, NULL) ON CONFLICT DO NOTHING;
INSERT INTO public.course_content (id, created_at, language, sequence_number, topic_description, topic_title, updated_at, course_info_id, created_by, updated_by) VALUES (61, '2026-05-03 11:14:48.893604', 'lv', 4, NULL, 'Mākslīgais intelekts un tā izmantošana dažādās tautsaimniecības jomās.', NULL, 'a215efa2-b605-4923-a6f2-621e22d2532c', NULL, NULL) ON CONFLICT DO NOTHING;
INSERT INTO public.course_content (id, created_at, language, sequence_number, topic_description, topic_title, updated_at, course_info_id, created_by, updated_by) VALUES (35, '2026-05-03 00:45:21.983205', 'lv', 9, NULL, 'PM emulācija ar TM palīdzību. TM emulācija ar PM palīdzību.', NULL, '808096ac-ffdc-44f0-a90a-35977c816e52', NULL, NULL) ON CONFLICT DO NOTHING;
INSERT INTO public.course_content (id, created_at, language, sequence_number, topic_description, topic_title, updated_at, course_info_id, created_by, updated_by) VALUES (62, '2026-05-03 11:14:48.92021', 'lv', 5, NULL, 'Operētājsistēmas. To veidi un funkcijas', NULL, 'a215efa2-b605-4923-a6f2-621e22d2532c', NULL, NULL) ON CONFLICT DO NOTHING;
INSERT INTO public.course_content (id, created_at, language, sequence_number, topic_description, topic_title, updated_at, course_info_id, created_by, updated_by) VALUES (63, '2026-05-03 11:14:48.941374', 'lv', 6, NULL, 'Mutvārdu un rakstveida saziņa visus tēmu ietvaros; darbs ar dažādiem funkcionālo tekstu veidiem, tai skaitā aaudiovizuālajiem, gan tekstu uztvere, gan tekstveide.', NULL, 'a215efa2-b605-4923-a6f2-621e22d2532c', NULL, NULL) ON CONFLICT DO NOTHING;
INSERT INTO public.course_content (id, created_at, language, sequence_number, topic_description, topic_title, updated_at, course_info_id, created_by, updated_by) VALUES (25, '2026-05-03 00:24:56.35415', 'lv', 4, '<p>Ātrdarbības testi un klonēšana ar CloneZilla un gparted</p>', 'Cietie diski (testi un klonēšana)', NULL, '884291a6-0809-44cc-826c-d3c28ab24b39', NULL, NULL) ON CONFLICT DO NOTHING;
INSERT INTO public.course_content (id, created_at, language, sequence_number, topic_description, topic_title, updated_at, course_info_id, created_by, updated_by) VALUES (124, '2026-05-03 15:48:43.304089', 'lv', 1, '<p>Tehnoloģijas un mākslīgais intelekts</p>', 'Dzīve un darbs digitālajā laikmetā.', NULL, '02ecef0e-40d4-43d9-8c56-4b4a6facdc56', NULL, NULL) ON CONFLICT DO NOTHING;
INSERT INTO public.course_content (id, created_at, language, sequence_number, topic_description, topic_title, updated_at, course_info_id, created_by, updated_by) VALUES (125, '2026-05-03 15:48:43.320393', 'lv', 2, '<p>Datortehnikas lietotāji. Datortehnikas lietošanas iespējas. Roboti.</p>', 'Datortehnikas izmantošanas jomas.', NULL, '02ecef0e-40d4-43d9-8c56-4b4a6facdc56', NULL, NULL) ON CONFLICT DO NOTHING;
INSERT INTO public.course_content (id, created_at, language, sequence_number, topic_description, topic_title, updated_at, course_info_id, created_by, updated_by) VALUES (64, '2026-05-03 11:26:22.723585', 'lv', 1, '<p>Algoritms. Programma. Programmēšanas paradigmas. <u>Programmēšanas </u>valodas. Programmēšanas valodu attīstības tendences.&nbsp;</p><p></p><p></p>', 'Ievads', NULL, 'f96e6a04-70cb-4822-af03-4eb0097f6e90', NULL, NULL) ON CONFLICT DO NOTHING;
INSERT INTO public.course_content (id, created_at, language, sequence_number, topic_description, topic_title, updated_at, course_info_id, created_by, updated_by) VALUES (65, '2026-05-03 11:26:22.758847', 'lv', 2, '<p><strong>Konstantes</strong>. Operatori. Operatoru prioritātes. Ievades/izvade, izmantojot standarta ierīces. Komentāri. C++ programmēšanas labā prakse.</p>', 'Mainīgā jēdziens, pamata jeb iebūvētie datu tipi', NULL, 'f96e6a04-70cb-4822-af03-4eb0097f6e90', NULL, NULL) ON CONFLICT DO NOTHING;
INSERT INTO public.course_content (id, created_at, language, sequence_number, topic_description, topic_title, updated_at, course_info_id, created_by, updated_by) VALUES (66, '2026-05-03 11:26:22.761563', 'lv', 3, '<p>Valodas standarti. Programmu izstrādes vides. C++ programmas struktūra. Programmas kompilācija un izpilde, kļūdu konstatēšana un labošana. Sintakse un semantika.&nbsp;</p>', 'Programmēšanas valoda C++', NULL, 'f96e6a04-70cb-4822-af03-4eb0097f6e90', NULL, NULL) ON CONFLICT DO NOTHING;
INSERT INTO public.course_content (id, created_at, language, sequence_number, topic_description, topic_title, updated_at, course_info_id, created_by, updated_by) VALUES (67, '2026-05-03 11:26:22.763723', 'lv', 4, NULL, 'Attieksmes un loģiskie operatori. Zarošanās priekšraksti.', NULL, 'f96e6a04-70cb-4822-af03-4eb0097f6e90', NULL, NULL) ON CONFLICT DO NOTHING;
INSERT INTO public.course_content (id, created_at, language, sequence_number, topic_description, topic_title, updated_at, course_info_id, created_by, updated_by) VALUES (68, '2026-05-03 11:26:22.765825', 'lv', 5, NULL, 'Atkārtojuma priekšraksti.', NULL, 'f96e6a04-70cb-4822-af03-4eb0097f6e90', NULL, NULL) ON CONFLICT DO NOTHING;
INSERT INTO public.course_content (id, created_at, language, sequence_number, topic_description, topic_title, updated_at, course_info_id, created_by, updated_by) VALUES (69, '2026-05-03 11:26:22.767395', 'lv', 6, '<p>C++ standarta bibliotēkas funkcijas. Funkciju definēšana (prototips un implementēšana) . Funkciju pārslogošana. Mainīgā tvērums.</p>', 'Funkcijas jēdziens', NULL, 'f96e6a04-70cb-4822-af03-4eb0097f6e90', NULL, NULL) ON CONFLICT DO NOTHING;
INSERT INTO public.course_content (id, created_at, language, sequence_number, topic_description, topic_title, updated_at, course_info_id, created_by, updated_by) VALUES (39, '2026-05-03 00:45:22.027991', 'lv', 16, NULL, 'Ievads datoru uzbūvē un arhitektūrā', NULL, '808096ac-ffdc-44f0-a90a-35977c816e52', NULL, NULL) ON CONFLICT DO NOTHING;
INSERT INTO public.course_content (id, created_at, language, sequence_number, topic_description, topic_title, updated_at, course_info_id, created_by, updated_by) VALUES (70, '2026-05-03 11:26:22.770459', 'lv', 7, '<p>Daudzdimensiju masīvi. Masīvi kā funkciju parametri. Programmēšanas uzdevumi.&nbsp;</p>', 'Masīvi, to izveidošana un lietošana', NULL, 'f96e6a04-70cb-4822-af03-4eb0097f6e90', NULL, NULL) ON CONFLICT DO NOTHING;
INSERT INTO public.course_content (id, created_at, language, sequence_number, topic_description, topic_title, updated_at, course_info_id, created_by, updated_by) VALUES (126, '2026-05-03 15:48:43.323513', 'lv', 3, '<p>Datortehnikas lietotāji. Datortehnikas lietošanas iespējas. Roboti.</p>', 'Datorarhitektūra.', NULL, '02ecef0e-40d4-43d9-8c56-4b4a6facdc56', NULL, NULL) ON CONFLICT DO NOTHING;
INSERT INTO public.course_content (id, created_at, language, sequence_number, topic_description, topic_title, updated_at, course_info_id, created_by, updated_by) VALUES (127, '2026-05-03 15:48:43.326207', 'lv', 4, '<p>Ievad-/Izvad-ierīces. Runas atpazīšanas sistēmas. Printeri to darbība. Jaunākās ievad/izvadierīces. </p>', 'Perifērās datorierīces.', NULL, '02ecef0e-40d4-43d9-8c56-4b4a6facdc56', NULL, NULL) ON CONFLICT DO NOTHING;
INSERT INTO public.course_content (id, created_at, language, sequence_number, topic_description, topic_title, updated_at, course_info_id, created_by, updated_by) VALUES (128, '2026-05-03 15:48:43.328873', 'lv', 5, '<p>Grafiskās datora-lietotāja saskarnes īpašības.</p>', 'Datora-Lietotāja saskarne.', NULL, '02ecef0e-40d4-43d9-8c56-4b4a6facdc56', NULL, NULL) ON CONFLICT DO NOTHING;
INSERT INTO public.course_content (id, created_at, language, sequence_number, topic_description, topic_title, updated_at, course_info_id, created_by, updated_by) VALUES (52, '2026-05-03 00:45:22.191526', 'lv', 18, NULL, 'Python virknes – klase str. Darbības ar virknēm, funkcijas un metodes.', NULL, '808096ac-ffdc-44f0-a90a-35977c816e52', NULL, NULL) ON CONFLICT DO NOTHING;
INSERT INTO public.course_content (id, created_at, language, sequence_number, topic_description, topic_title, updated_at, course_info_id, created_by, updated_by) VALUES (42, '2026-05-03 00:45:22.074362', 'lv', 21, NULL, 'Markova normālais algoritms. MA apstāšanas nosacījumi.MA piemēri.', NULL, '808096ac-ffdc-44f0-a90a-35977c816e52', NULL, NULL) ON CONFLICT DO NOTHING;
INSERT INTO public.course_content (id, created_at, language, sequence_number, topic_description, topic_title, updated_at, course_info_id, created_by, updated_by) VALUES (49, '2026-05-03 00:45:22.158496', 'lv', 6, NULL, 'Python pamati', NULL, '808096ac-ffdc-44f0-a90a-35977c816e52', NULL, NULL) ON CONFLICT DO NOTHING;
INSERT INTO public.course_content (id, created_at, language, sequence_number, topic_description, topic_title, updated_at, course_info_id, created_by, updated_by) VALUES (71, '2026-05-03 12:22:50.140702', 'lv', 1, NULL, 'Ievads algoritmu teorijā. Termina algoritms vēsture', NULL, '8505bfaa-246c-4686-863f-6b02d4621703', NULL, NULL) ON CONFLICT DO NOTHING;
INSERT INTO public.course_content (id, created_at, language, sequence_number, topic_description, topic_title, updated_at, course_info_id, created_by, updated_by) VALUES (72, '2026-05-03 12:22:50.155898', 'lv', 2, NULL, 'Populārāko programmēšanas valodu apskats un tendences. Programmēšanas valodas Python apskats, salīdzinājums ar citām programmēšanas valodām.', NULL, '8505bfaa-246c-4686-863f-6b02d4621703', NULL, NULL) ON CONFLICT DO NOTHING;
INSERT INTO public.course_content (id, created_at, language, sequence_number, topic_description, topic_title, updated_at, course_info_id, created_by, updated_by) VALUES (73, '2026-05-03 12:22:50.158044', 'lv', 3, NULL, 'Algoritma 1. definīcija. Leibnica problēma. Algoritma 2. definīcija. Algoritma 3. definīcija.', NULL, '8505bfaa-246c-4686-863f-6b02d4621703', NULL, NULL) ON CONFLICT DO NOTHING;
INSERT INTO public.course_content (id, created_at, language, sequence_number, topic_description, topic_title, updated_at, course_info_id, created_by, updated_by) VALUES (74, '2026-05-03 12:22:50.159677', 'lv', 4, NULL, 'Python programmu izstrādes vides. Python versijas. Python programmas galvenie elementi.', NULL, '8505bfaa-246c-4686-863f-6b02d4621703', NULL, NULL) ON CONFLICT DO NOTHING;
INSERT INTO public.course_content (id, created_at, language, sequence_number, topic_description, topic_title, updated_at, course_info_id, created_by, updated_by) VALUES (75, '2026-05-03 12:22:50.161312', 'lv', 5, NULL, 'Tjuringa mašīnas uzbūve un  darbība. Algoritma 4. Definīcija.', NULL, '8505bfaa-246c-4686-863f-6b02d4621703', NULL, NULL) ON CONFLICT DO NOTHING;
INSERT INTO public.course_content (id, created_at, language, sequence_number, topic_description, topic_title, updated_at, course_info_id, created_by, updated_by) VALUES (76, '2026-05-03 12:22:50.163988', 'lv', 6, NULL, 'Python pamati', NULL, '8505bfaa-246c-4686-863f-6b02d4621703', NULL, NULL) ON CONFLICT DO NOTHING;
INSERT INTO public.course_content (id, created_at, language, sequence_number, topic_description, topic_title, updated_at, course_info_id, created_by, updated_by) VALUES (77, '2026-05-03 12:22:50.167236', 'lv', 7, NULL, 'Posta mašīnas uzbūve un  darbība', NULL, '8505bfaa-246c-4686-863f-6b02d4621703', NULL, NULL) ON CONFLICT DO NOTHING;
INSERT INTO public.course_content (id, created_at, language, sequence_number, topic_description, topic_title, updated_at, course_info_id, created_by, updated_by) VALUES (78, '2026-05-03 12:22:50.169909', 'lv', 8, NULL, 'Zarošanās konstrukcijas. Loģiskās izteiksmes. Izņēmumu saķeršana, izmantojot try un except.', NULL, '8505bfaa-246c-4686-863f-6b02d4621703', NULL, NULL) ON CONFLICT DO NOTHING;
INSERT INTO public.course_content (id, created_at, language, sequence_number, topic_description, topic_title, updated_at, course_info_id, created_by, updated_by) VALUES (79, '2026-05-03 12:22:50.171461', 'lv', 9, NULL, 'PM emulācija ar TM palīdzību. TM emulācija ar PM palīdzību.', NULL, '8505bfaa-246c-4686-863f-6b02d4621703', NULL, NULL) ON CONFLICT DO NOTHING;
INSERT INTO public.course_content (id, created_at, language, sequence_number, topic_description, topic_title, updated_at, course_info_id, created_by, updated_by) VALUES (40, '2026-05-03 00:45:22.047381', 'lv', 17, NULL, 'Lauku MDP tranzistors. Dinamiskais atmiņas elements. Komlementārais tranzistoru pāris. Triģeris. Statiskais atmiņas elements. Slēdzis. Dešifrators. Integrāla atmiņas shēma.', NULL, '808096ac-ffdc-44f0-a90a-35977c816e52', NULL, NULL) ON CONFLICT DO NOTHING;
INSERT INTO public.course_content (id, created_at, language, sequence_number, topic_description, topic_title, updated_at, course_info_id, created_by, updated_by) VALUES (80, '2026-05-03 12:22:50.175655', 'lv', 10, NULL, 'Atkārtojuma konstrukcijas', NULL, '8505bfaa-246c-4686-863f-6b02d4621703', NULL, NULL) ON CONFLICT DO NOTHING;
INSERT INTO public.course_content (id, created_at, language, sequence_number, topic_description, topic_title, updated_at, course_info_id, created_by, updated_by) VALUES (81, '2026-05-03 12:22:50.178332', 'lv', 11, NULL, 'Abstraktās skaitļojamās mašīnas un reālie datori', NULL, '8505bfaa-246c-4686-863f-6b02d4621703', NULL, NULL) ON CONFLICT DO NOTHING;
INSERT INTO public.course_content (id, created_at, language, sequence_number, topic_description, topic_title, updated_at, course_info_id, created_by, updated_by) VALUES (54, '2026-05-03 00:45:22.217166', 'lv', 14, NULL, 'Funkcijas. Python iebūvētās funkcijas. Moduļi un funkcijas (moduļi: random, time u.c.). Nejaušu skaitļu ģenerēšana.', NULL, '808096ac-ffdc-44f0-a90a-35977c816e52', NULL, NULL) ON CONFLICT DO NOTHING;
INSERT INTO public.course_content (id, created_at, language, sequence_number, topic_description, topic_title, updated_at, course_info_id, created_by, updated_by) VALUES (82, '2026-05-03 12:22:50.181523', 'lv', 12, NULL, 'Python saraksti – klase list. Darbības ar sarakstiem, funkcijas un metodes. Sarakstu ģenerēšana (List comprehensions).', NULL, '8505bfaa-246c-4686-863f-6b02d4621703', NULL, NULL) ON CONFLICT DO NOTHING;
INSERT INTO public.course_content (id, created_at, language, sequence_number, topic_description, topic_title, updated_at, course_info_id, created_by, updated_by) VALUES (83, '2026-05-03 12:22:50.184275', 'lv', 13, NULL, 'Fon Neimaņa mašīnas uzbūve un  darbība', NULL, '8505bfaa-246c-4686-863f-6b02d4621703', NULL, NULL) ON CONFLICT DO NOTHING;
INSERT INTO public.course_content (id, created_at, language, sequence_number, topic_description, topic_title, updated_at, course_info_id, created_by, updated_by) VALUES (50, '2026-05-03 00:45:22.170415', 'lv', 8, NULL, 'Zarošanās konstrukcijas. Loģiskās izteiksmes. Izņēmumu saķeršana, izmantojot try un except.', NULL, '808096ac-ffdc-44f0-a90a-35977c816e52', NULL, NULL) ON CONFLICT DO NOTHING;
INSERT INTO public.course_content (id, created_at, language, sequence_number, topic_description, topic_title, updated_at, course_info_id, created_by, updated_by) VALUES (44, '2026-05-03 00:45:22.099943', 'lv', 24, NULL, 'Datu struktūras pamatjēdziens. Algoritmu veidi. Meklēšanas un kārtošanas algoritmi.', NULL, '808096ac-ffdc-44f0-a90a-35977c816e52', NULL, NULL) ON CONFLICT DO NOTHING;
INSERT INTO public.course_content (id, created_at, language, sequence_number, topic_description, topic_title, updated_at, course_info_id, created_by, updated_by) VALUES (84, '2026-05-03 12:22:50.187002', 'lv', 14, NULL, 'Funkcijas. Python iebūvētās funkcijas. Moduļi un funkcijas (moduļi: random, time u.c.). Nejaušu skaitļu ģenerēšana.', NULL, '8505bfaa-246c-4686-863f-6b02d4621703', NULL, NULL) ON CONFLICT DO NOTHING;
INSERT INTO public.course_content (id, created_at, language, sequence_number, topic_description, topic_title, updated_at, course_info_id, created_by, updated_by) VALUES (85, '2026-05-03 12:22:50.189677', 'lv', 15, NULL, 'Fon Neimaņa mašīnas automāta darbības cikls', NULL, '8505bfaa-246c-4686-863f-6b02d4621703', NULL, NULL) ON CONFLICT DO NOTHING;
INSERT INTO public.course_content (id, created_at, language, sequence_number, topic_description, topic_title, updated_at, course_info_id, created_by, updated_by) VALUES (86, '2026-05-03 12:22:50.192386', 'lv', 16, NULL, 'Ievads datoru uzbūvē un arhitektūrā', NULL, '8505bfaa-246c-4686-863f-6b02d4621703', NULL, NULL) ON CONFLICT DO NOTHING;
INSERT INTO public.course_content (id, created_at, language, sequence_number, topic_description, topic_title, updated_at, course_info_id, created_by, updated_by) VALUES (87, '2026-05-03 12:22:50.195074', 'lv', 17, NULL, 'Lauku MDP tranzistors. Dinamiskais atmiņas elements. Komlementārais tranzistoru pāris. Triģeris. Statiskais atmiņas elements. Slēdzis. Dešifrators. Integrāla atmiņas shēma.', NULL, '8505bfaa-246c-4686-863f-6b02d4621703', NULL, NULL) ON CONFLICT DO NOTHING;
INSERT INTO public.course_content (id, created_at, language, sequence_number, topic_description, topic_title, updated_at, course_info_id, created_by, updated_by) VALUES (88, '2026-05-03 12:22:50.197864', 'lv', 18, NULL, 'Python virknes – klase str. Darbības ar virknēm, funkcijas un metodes.', NULL, '8505bfaa-246c-4686-863f-6b02d4621703', NULL, NULL) ON CONFLICT DO NOTHING;
INSERT INTO public.course_content (id, created_at, language, sequence_number, topic_description, topic_title, updated_at, course_info_id, created_by, updated_by) VALUES (89, '2026-05-03 12:22:50.200537', 'lv', 19, NULL, 'Aritmētiski- loģiska ierīce. Procesors.', NULL, '8505bfaa-246c-4686-863f-6b02d4621703', NULL, NULL) ON CONFLICT DO NOTHING;
INSERT INTO public.course_content (id, created_at, language, sequence_number, topic_description, topic_title, updated_at, course_info_id, created_by, updated_by) VALUES (90, '2026-05-03 12:22:50.203328', 'lv', 20, NULL, 'Funkciju definēšana un izmantošana. Argumentu nodošana funkcijai un vērtību atgriešana. Rekursīvu funkciju definēšana.', NULL, '8505bfaa-246c-4686-863f-6b02d4621703', NULL, NULL) ON CONFLICT DO NOTHING;
INSERT INTO public.course_content (id, created_at, language, sequence_number, topic_description, topic_title, updated_at, course_info_id, created_by, updated_by) VALUES (91, '2026-05-03 12:22:50.206046', 'lv', 21, NULL, 'Markova normālais algoritms. MA apstāšanas nosacījumi.MA piemēri.', NULL, '8505bfaa-246c-4686-863f-6b02d4621703', NULL, NULL) ON CONFLICT DO NOTHING;
INSERT INTO public.course_content (id, created_at, language, sequence_number, topic_description, topic_title, updated_at, course_info_id, created_by, updated_by) VALUES (92, '2026-05-03 12:22:50.208164', 'lv', 22, NULL, 'Citas Python konteineru klases (tuple, dictionary, set). Maināmi un nemaināmi objekti. Galvenās darbības, funkcijas un metodes.', NULL, '8505bfaa-246c-4686-863f-6b02d4621703', NULL, NULL) ON CONFLICT DO NOTHING;
INSERT INTO public.course_content (id, created_at, language, sequence_number, topic_description, topic_title, updated_at, course_info_id, created_by, updated_by) VALUES (93, '2026-05-03 12:22:50.21084', 'lv', 23, NULL, 'Teorēma par Normālo MA pašpielietojamības atpazīšanas problēmas algoritmisko neatrisināmību.', NULL, '8505bfaa-246c-4686-863f-6b02d4621703', NULL, NULL) ON CONFLICT DO NOTHING;
INSERT INTO public.course_content (id, created_at, language, sequence_number, topic_description, topic_title, updated_at, course_info_id, created_by, updated_by) VALUES (94, '2026-05-03 12:22:50.213495', 'lv', 24, NULL, 'Datu struktūras pamatjēdziens. Algoritmu veidi. Meklēšanas un kārtošanas algoritmi.', NULL, '8505bfaa-246c-4686-863f-6b02d4621703', NULL, NULL) ON CONFLICT DO NOTHING;
INSERT INTO public.course_content (id, created_at, language, sequence_number, topic_description, topic_title, updated_at, course_info_id, created_by, updated_by) VALUES (95, '2026-05-03 12:22:50.216169', 'lv', 25, NULL, 'Teksta faili. Lasīšana no faila. Rakstīšana failā.', NULL, '8505bfaa-246c-4686-863f-6b02d4621703', NULL, NULL) ON CONFLICT DO NOTHING;
INSERT INTO public.course_content (id, created_at, language, sequence_number, topic_description, topic_title, updated_at, course_info_id, created_by, updated_by) VALUES (96, '2026-05-03 12:22:50.218342', 'lv', 26, NULL, 'Failu kārtošana. Saplūšanas pamatprocedūra. Tieša failu saplūšana.', NULL, '8505bfaa-246c-4686-863f-6b02d4621703', NULL, NULL) ON CONFLICT DO NOTHING;
INSERT INTO public.course_content (id, created_at, language, sequence_number, topic_description, topic_title, updated_at, course_info_id, created_by, updated_by) VALUES (97, '2026-05-03 12:22:50.220973', 'lv', 27, NULL, 'Rekursīvie algoritmi. Lineārie saraksti. Koki.', NULL, '8505bfaa-246c-4686-863f-6b02d4621703', NULL, NULL) ON CONFLICT DO NOTHING;
INSERT INTO public.course_content (id, created_at, language, sequence_number, topic_description, topic_title, updated_at, course_info_id, created_by, updated_by) VALUES (129, '2026-05-14 12:42:02.420346', 'lv', 1, NULL, 'Algoritma jēdziens. Algoritmu vēsture un definīcija. Svarīgākie problēmu tipi.', NULL, '27cb9e40-9048-4589-8566-ca9ac7f83481', NULL, NULL) ON CONFLICT DO NOTHING;
INSERT INTO public.course_content (id, created_at, language, sequence_number, topic_description, topic_title, updated_at, course_info_id, created_by, updated_by) VALUES (130, '2026-05-14 12:42:02.458329', 'lv', 2, NULL, 'Algoritmu atveidošana, teksts, blokshēma, pseidokods, programma', NULL, '27cb9e40-9048-4589-8566-ca9ac7f83481', NULL, NULL) ON CONFLICT DO NOTHING;
INSERT INTO public.course_content (id, created_at, language, sequence_number, topic_description, topic_title, updated_at, course_info_id, created_by, updated_by) VALUES (131, '2026-05-14 12:42:02.462191', 'lv', 3, NULL, 'Algoritma īpašības. Algoritma izmaksas.', NULL, '27cb9e40-9048-4589-8566-ca9ac7f83481', NULL, NULL) ON CONFLICT DO NOTHING;
INSERT INTO public.course_content (id, created_at, language, sequence_number, topic_description, topic_title, updated_at, course_info_id, created_by, updated_by) VALUES (132, '2026-05-14 12:42:02.467218', 'lv', 4, NULL, 'Algoritmu sarežģītības analīze. Sarežģītības kārtas jēdziens.', NULL, '27cb9e40-9048-4589-8566-ca9ac7f83481', NULL, NULL) ON CONFLICT DO NOTHING;
INSERT INTO public.course_content (id, created_at, language, sequence_number, topic_description, topic_title, updated_at, course_info_id, created_by, updated_by) VALUES (133, '2026-05-14 12:42:02.470514', 'lv', 5, NULL, 'Dažādu funkcijas kārtu salīdzinājums', NULL, '27cb9e40-9048-4589-8566-ca9ac7f83481', NULL, NULL) ON CONFLICT DO NOTHING;
INSERT INTO public.course_content (id, created_at, language, sequence_number, topic_description, topic_title, updated_at, course_info_id, created_by, updated_by) VALUES (134, '2026-05-14 12:42:02.473876', 'lv', 6, NULL, 'Rekursija, izpildes laiks rekursīvam algoritmam', NULL, '27cb9e40-9048-4589-8566-ca9ac7f83481', NULL, NULL) ON CONFLICT DO NOTHING;
INSERT INTO public.course_content (id, created_at, language, sequence_number, topic_description, topic_title, updated_at, course_info_id, created_by, updated_by) VALUES (135, '2026-05-14 12:42:02.480493', 'lv', 7, NULL, 'Īsākā ceļa meklēšanas algoritms', NULL, '27cb9e40-9048-4589-8566-ca9ac7f83481', NULL, NULL) ON CONFLICT DO NOTHING;
INSERT INTO public.course_content (id, created_at, language, sequence_number, topic_description, topic_title, updated_at, course_info_id, created_by, updated_by) VALUES (136, '2026-05-14 12:42:02.487069', 'lv', 8, NULL, 'Algoritmu paradigmas', NULL, '27cb9e40-9048-4589-8566-ca9ac7f83481', NULL, NULL) ON CONFLICT DO NOTHING;
INSERT INTO public.course_content (id, created_at, language, sequence_number, topic_description, topic_title, updated_at, course_info_id, created_by, updated_by) VALUES (137, '2026-05-21 00:09:28.886269', 'lv', 1, NULL, 'IT darba tirgus. Internets. Lietu internets (IoT) un tā ietekme uz tautsaimniecību un darba tirgu.', NULL, 'ca667a16-ae75-4347-b375-ee42766584a2', NULL, NULL) ON CONFLICT DO NOTHING;
INSERT INTO public.course_content (id, created_at, language, sequence_number, topic_description, topic_title, updated_at, course_info_id, created_by, updated_by) VALUES (138, '2026-05-21 00:09:28.907193', 'lv', 2, NULL, 'Kibervide un kiberdrošība. Sociālie mēdiji un citas kolektīvās vietnes internetā.', NULL, 'ca667a16-ae75-4347-b375-ee42766584a2', NULL, NULL) ON CONFLICT DO NOTHING;
INSERT INTO public.course_content (id, created_at, language, sequence_number, topic_description, topic_title, updated_at, course_info_id, created_by, updated_by) VALUES (139, '2026-05-21 00:09:28.909359', 'lv', 3, NULL, 'Datu glabāšanas ierīces. Datu glabāšanas ierīču vēsture un jaunākie, arī nākotnes risinājumi. Ierīču veidi un to salīdzionošā analīze. Datoratmiņa salīdzinājumā ar cilvēka atmiņu.', NULL, 'ca667a16-ae75-4347-b375-ee42766584a2', NULL, NULL) ON CONFLICT DO NOTHING;
INSERT INTO public.course_content (id, created_at, language, sequence_number, topic_description, topic_title, updated_at, course_info_id, created_by, updated_by) VALUES (140, '2026-05-21 00:09:28.911543', 'lv', 4, NULL, 'Mākslīgais intelekts un tā izmantošana dažādās tautsaimniecības jomās.', NULL, 'ca667a16-ae75-4347-b375-ee42766584a2', NULL, NULL) ON CONFLICT DO NOTHING;
INSERT INTO public.course_content (id, created_at, language, sequence_number, topic_description, topic_title, updated_at, course_info_id, created_by, updated_by) VALUES (141, '2026-05-21 00:09:28.914005', 'lv', 5, NULL, 'Operētājsistēmas. To veidi un funkcijas', NULL, 'ca667a16-ae75-4347-b375-ee42766584a2', NULL, NULL) ON CONFLICT DO NOTHING;
INSERT INTO public.course_content (id, created_at, language, sequence_number, topic_description, topic_title, updated_at, course_info_id, created_by, updated_by) VALUES (142, '2026-05-21 00:09:28.91668', 'lv', 6, NULL, 'Mutvārdu un rakstveida saziņa visus tēmu ietvaros; darbs ar dažādiem funkcionālo tekstu veidiem, tai skaitā aaudiovizuālajiem, gan tekstu uztvere, gan tekstveide.', NULL, 'ca667a16-ae75-4347-b375-ee42766584a2', NULL, NULL) ON CONFLICT DO NOTHING;
INSERT INTO public.course_content (id, created_at, language, sequence_number, topic_description, topic_title, updated_at, course_info_id, created_by, updated_by) VALUES (45, '2026-05-03 00:45:22.111044', 'lv', 26, NULL, 'Failu kārtošana. Saplūšanas pamatprocedūra. Tieša failu saplūšana.', NULL, '808096ac-ffdc-44f0-a90a-35977c816e52', NULL, NULL) ON CONFLICT DO NOTHING;
INSERT INTO public.course_content (id, created_at, language, sequence_number, topic_description, topic_title, updated_at, course_info_id, created_by, updated_by) VALUES (98, '2026-05-03 12:40:56.955137', 'lv', 1, '<p>Algoritms. Programma. Programmēšanas paradigmas. <u>Programmēšanas </u>valodas. Programmēšanas valodu attīstības tendences.&nbsp;</p><p></p><p></p>', 'Ievads', NULL, '11ac2e25-f7fd-43d0-8166-32eb7ed5f2d0', NULL, NULL) ON CONFLICT DO NOTHING;
INSERT INTO public.course_content (id, created_at, language, sequence_number, topic_description, topic_title, updated_at, course_info_id, created_by, updated_by) VALUES (99, '2026-05-03 12:40:56.968966', 'lv', 2, '<p><strong>Konstantes</strong>. Operatori. Operatoru prioritātes. Ievades/izvade, izmantojot standarta ierīces. Komentāri. C++ programmēšanas labā prakse.</p>', 'Mainīgā jēdziens, pamata jeb iebūvētie datu tipi', NULL, '11ac2e25-f7fd-43d0-8166-32eb7ed5f2d0', NULL, NULL) ON CONFLICT DO NOTHING;
INSERT INTO public.course_content (id, created_at, language, sequence_number, topic_description, topic_title, updated_at, course_info_id, created_by, updated_by) VALUES (100, '2026-05-03 12:40:56.971046', 'lv', 3, '<p>Valodas standarti. Programmu izstrādes vides. C++ programmas struktūra. Programmas kompilācija un izpilde, kļūdu konstatēšana un labošana. Sintakse un semantika.&nbsp;</p>', 'Programmēšanas valoda C++', NULL, '11ac2e25-f7fd-43d0-8166-32eb7ed5f2d0', NULL, NULL) ON CONFLICT DO NOTHING;
INSERT INTO public.course_content (id, created_at, language, sequence_number, topic_description, topic_title, updated_at, course_info_id, created_by, updated_by) VALUES (41, '2026-05-03 00:45:22.05961', 'lv', 19, NULL, 'Aritmētiski- loģiska ierīce. Procesors.', NULL, '808096ac-ffdc-44f0-a90a-35977c816e52', NULL, NULL) ON CONFLICT DO NOTHING;
INSERT INTO public.course_content (id, created_at, language, sequence_number, topic_description, topic_title, updated_at, course_info_id, created_by, updated_by) VALUES (101, '2026-05-03 12:40:56.973895', 'lv', 4, NULL, 'Attieksmes un loģiskie operatori. Zarošanās priekšraksti.', NULL, '11ac2e25-f7fd-43d0-8166-32eb7ed5f2d0', NULL, NULL) ON CONFLICT DO NOTHING;
INSERT INTO public.course_content (id, created_at, language, sequence_number, topic_description, topic_title, updated_at, course_info_id, created_by, updated_by) VALUES (102, '2026-05-03 12:40:56.976261', 'lv', 5, NULL, 'Atkārtojuma priekšraksti.', NULL, '11ac2e25-f7fd-43d0-8166-32eb7ed5f2d0', NULL, NULL) ON CONFLICT DO NOTHING;
INSERT INTO public.course_content (id, created_at, language, sequence_number, topic_description, topic_title, updated_at, course_info_id, created_by, updated_by) VALUES (103, '2026-05-03 12:40:56.978395', 'lv', 6, '<p>C++ standarta bibliotēkas funkcijas. Funkciju definēšana (prototips un implementēšana) . Funkciju pārslogošana. Mainīgā tvērums.</p>', 'Funkcijas jēdziens', NULL, '11ac2e25-f7fd-43d0-8166-32eb7ed5f2d0', NULL, NULL) ON CONFLICT DO NOTHING;
INSERT INTO public.course_content (id, created_at, language, sequence_number, topic_description, topic_title, updated_at, course_info_id, created_by, updated_by) VALUES (104, '2026-05-03 12:40:56.981305', 'lv', 7, '<p>Daudzdimensiju masīvi. Masīvi kā funkciju parametri. Programmēšanas uzdevumi.&nbsp;</p>', 'Masīvi, to izveidošana un lietošana', NULL, '11ac2e25-f7fd-43d0-8166-32eb7ed5f2d0', NULL, NULL) ON CONFLICT DO NOTHING;
INSERT INTO public.course_content (id, created_at, language, sequence_number, topic_description, topic_title, updated_at, course_info_id, created_by, updated_by) VALUES (143, '2026-05-21 21:48:42.347889', 'lv', 1, NULL, 'Algoritma jēdziens. Algoritmu vēsture un definīcija. Svarīgākie problēmu tipi.', NULL, '4d7c0350-ef6b-4f8c-be18-ba68c046b980', NULL, NULL) ON CONFLICT DO NOTHING;
INSERT INTO public.course_content (id, created_at, language, sequence_number, topic_description, topic_title, updated_at, course_info_id, created_by, updated_by) VALUES (144, '2026-05-21 21:48:42.362357', 'lv', 2, NULL, 'Algoritmu atveidošana, teksts, blokshēma, pseidokods, programma', NULL, '4d7c0350-ef6b-4f8c-be18-ba68c046b980', NULL, NULL) ON CONFLICT DO NOTHING;
INSERT INTO public.course_content (id, created_at, language, sequence_number, topic_description, topic_title, updated_at, course_info_id, created_by, updated_by) VALUES (145, '2026-05-21 21:48:42.365605', 'lv', 3, NULL, 'Algoritma īpašības. Algoritma izmaksas.', NULL, '4d7c0350-ef6b-4f8c-be18-ba68c046b980', NULL, NULL) ON CONFLICT DO NOTHING;
INSERT INTO public.course_content (id, created_at, language, sequence_number, topic_description, topic_title, updated_at, course_info_id, created_by, updated_by) VALUES (146, '2026-05-21 21:48:42.36838', 'lv', 4, NULL, 'Algoritmu sarežģītības analīze. Sarežģītības kārtas jēdziens.', NULL, '4d7c0350-ef6b-4f8c-be18-ba68c046b980', NULL, NULL) ON CONFLICT DO NOTHING;
INSERT INTO public.course_content (id, created_at, language, sequence_number, topic_description, topic_title, updated_at, course_info_id, created_by, updated_by) VALUES (147, '2026-05-21 21:48:42.370543', 'lv', 5, NULL, 'Dažādu funkcijas kārtu salīdzinājums', NULL, '4d7c0350-ef6b-4f8c-be18-ba68c046b980', NULL, NULL) ON CONFLICT DO NOTHING;
INSERT INTO public.course_content (id, created_at, language, sequence_number, topic_description, topic_title, updated_at, course_info_id, created_by, updated_by) VALUES (148, '2026-05-21 21:48:42.37267', 'lv', 6, NULL, 'Rekursija, izpildes laiks rekursīvam algoritmam', NULL, '4d7c0350-ef6b-4f8c-be18-ba68c046b980', NULL, NULL) ON CONFLICT DO NOTHING;
INSERT INTO public.course_content (id, created_at, language, sequence_number, topic_description, topic_title, updated_at, course_info_id, created_by, updated_by) VALUES (149, '2026-05-21 21:48:42.376387', 'lv', 7, NULL, 'Īsākā ceļa meklēšanas algoritms', NULL, '4d7c0350-ef6b-4f8c-be18-ba68c046b980', NULL, NULL) ON CONFLICT DO NOTHING;
INSERT INTO public.course_content (id, created_at, language, sequence_number, topic_description, topic_title, updated_at, course_info_id, created_by, updated_by) VALUES (150, '2026-05-21 21:48:42.379061', 'lv', 8, NULL, 'Algoritmu paradigmas', NULL, '4d7c0350-ef6b-4f8c-be18-ba68c046b980', NULL, NULL) ON CONFLICT DO NOTHING;
INSERT INTO public.course_content (id, created_at, language, sequence_number, topic_description, topic_title, updated_at, course_info_id, created_by, updated_by) VALUES (55, '2026-05-03 00:45:22.228818', 'lv', 20, NULL, 'Funkciju definēšana un izmantošana. Argumentu nodošana funkcijai un vērtību atgriešana. Rekursīvu funkciju definēšana.', NULL, '808096ac-ffdc-44f0-a90a-35977c816e52', NULL, NULL) ON CONFLICT DO NOTHING;
INSERT INTO public.course_content (id, created_at, language, sequence_number, topic_description, topic_title, updated_at, course_info_id, created_by, updated_by) VALUES (51, '2026-05-03 00:45:22.18048', 'lv', 10, NULL, 'Atkārtojuma konstrukcijas', NULL, '808096ac-ffdc-44f0-a90a-35977c816e52', NULL, NULL) ON CONFLICT DO NOTHING;
INSERT INTO public.course_content (id, created_at, language, sequence_number, topic_description, topic_title, updated_at, course_info_id, created_by, updated_by) VALUES (105, '2026-05-03 15:15:03.439192', 'lv', 1, '<p>Tehnoloģijas un mākslīgais intelekts</p>', 'Dzīve un darbs digitālajā laikmetā.', NULL, 'f26e2d96-3d76-4518-9c90-8b18b66c9b8c', NULL, NULL) ON CONFLICT DO NOTHING;
INSERT INTO public.course_content (id, created_at, language, sequence_number, topic_description, topic_title, updated_at, course_info_id, created_by, updated_by) VALUES (106, '2026-05-03 15:15:03.461969', 'lv', 2, '<p>Datortehnikas lietotāji. Datortehnikas lietošanas iespējas. Roboti.</p>', 'Datortehnikas izmantošanas jomas.', NULL, 'f26e2d96-3d76-4518-9c90-8b18b66c9b8c', NULL, NULL) ON CONFLICT DO NOTHING;
INSERT INTO public.course_content (id, created_at, language, sequence_number, topic_description, topic_title, updated_at, course_info_id, created_by, updated_by) VALUES (107, '2026-05-03 15:15:03.464125', 'lv', 3, '<p>Datortehnikas lietotāji. Datortehnikas lietošanas iespējas. Roboti.</p>', 'Datorarhitektūra.', NULL, 'f26e2d96-3d76-4518-9c90-8b18b66c9b8c', NULL, NULL) ON CONFLICT DO NOTHING;
INSERT INTO public.course_content (id, created_at, language, sequence_number, topic_description, topic_title, updated_at, course_info_id, created_by, updated_by) VALUES (108, '2026-05-03 15:15:03.466804', 'lv', 4, '<p>Ievad-/Izvad-ierīces. Runas atpazīšanas sistēmas. Printeri to darbība. Jaunākās ievad/izvadierīces. </p>', 'Perifērās datorierīces.', NULL, 'f26e2d96-3d76-4518-9c90-8b18b66c9b8c', NULL, NULL) ON CONFLICT DO NOTHING;
INSERT INTO public.course_content (id, created_at, language, sequence_number, topic_description, topic_title, updated_at, course_info_id, created_by, updated_by) VALUES (53, '2026-05-03 00:45:22.204838', 'lv', 12, NULL, 'Python saraksti – klase list. Darbības ar sarakstiem, funkcijas un metodes. Sarakstu ģenerēšana (List comprehensions).', NULL, '808096ac-ffdc-44f0-a90a-35977c816e52', NULL, NULL) ON CONFLICT DO NOTHING;
INSERT INTO public.course_content (id, created_at, language, sequence_number, topic_description, topic_title, updated_at, course_info_id, created_by, updated_by) VALUES (109, '2026-05-03 15:15:03.469001', 'lv', 5, '<p>Grafiskās datora-lietotāja saskarnes īpašības.</p>', 'Datora-Lietotāja saskarne.', NULL, 'f26e2d96-3d76-4518-9c90-8b18b66c9b8c', NULL, NULL) ON CONFLICT DO NOTHING;
INSERT INTO public.course_content (id, created_at, language, sequence_number, topic_description, topic_title, updated_at, course_info_id, created_by, updated_by) VALUES (110, '2026-05-03 15:17:53.210057', 'lv', 1, '<p>Tehnoloģijas un mākslīgais intelekts</p>', 'Dzīve un darbs digitālajā laikmetā.', NULL, '4ffc5cfe-068b-411a-8db5-d5fe753cbbc4', NULL, NULL) ON CONFLICT DO NOTHING;
INSERT INTO public.course_content (id, created_at, language, sequence_number, topic_description, topic_title, updated_at, course_info_id, created_by, updated_by) VALUES (111, '2026-05-03 15:17:53.265952', 'lv', 2, '<p>Datortehnikas lietotāji. Datortehnikas lietošanas iespējas. Roboti.</p>', 'Datortehnikas izmantošanas jomas.', NULL, '4ffc5cfe-068b-411a-8db5-d5fe753cbbc4', NULL, NULL) ON CONFLICT DO NOTHING;
INSERT INTO public.course_content (id, created_at, language, sequence_number, topic_description, topic_title, updated_at, course_info_id, created_by, updated_by) VALUES (112, '2026-05-03 15:17:53.277946', 'lv', 3, '<p>Datortehnikas lietotāji. Datortehnikas lietošanas iespējas. Roboti.</p>', 'Datorarhitektūra.', NULL, '4ffc5cfe-068b-411a-8db5-d5fe753cbbc4', NULL, NULL) ON CONFLICT DO NOTHING;
INSERT INTO public.course_content (id, created_at, language, sequence_number, topic_description, topic_title, updated_at, course_info_id, created_by, updated_by) VALUES (113, '2026-05-03 15:17:53.284651', 'lv', 4, '<p>Ievad-/Izvad-ierīces. Runas atpazīšanas sistēmas. Printeri to darbība. Jaunākās ievad/izvadierīces. </p>', 'Perifērās datorierīces.', NULL, '4ffc5cfe-068b-411a-8db5-d5fe753cbbc4', NULL, NULL) ON CONFLICT DO NOTHING;
INSERT INTO public.course_content (id, created_at, language, sequence_number, topic_description, topic_title, updated_at, course_info_id, created_by, updated_by) VALUES (114, '2026-05-03 15:17:53.290728', 'lv', 5, '<p>Grafiskās datora-lietotāja saskarnes īpašības.</p>', 'Datora-Lietotāja saskarne.', NULL, '4ffc5cfe-068b-411a-8db5-d5fe753cbbc4', NULL, NULL) ON CONFLICT DO NOTHING;
INSERT INTO public.course_content (id, created_at, language, sequence_number, topic_description, topic_title, updated_at, course_info_id, created_by, updated_by) VALUES (151, '2026-05-21 23:02:58.446926', 'lv', 1, '<p>Tehnoloģijas un mākslīgais intelekts</p>', 'Dzīve un darbs digitālajā laikmetā.', NULL, '260db896-2f68-4ba8-ad13-88e740f58e16', NULL, NULL) ON CONFLICT DO NOTHING;
INSERT INTO public.course_content (id, created_at, language, sequence_number, topic_description, topic_title, updated_at, course_info_id, created_by, updated_by) VALUES (152, '2026-05-21 23:02:58.456182', 'lv', 2, '<p>Datortehnikas lietotāji. Datortehnikas lietošanas iespējas. Roboti.</p>', 'Datortehnikas izmantošanas jomas.', NULL, '260db896-2f68-4ba8-ad13-88e740f58e16', NULL, NULL) ON CONFLICT DO NOTHING;
INSERT INTO public.course_content (id, created_at, language, sequence_number, topic_description, topic_title, updated_at, course_info_id, created_by, updated_by) VALUES (153, '2026-05-21 23:02:58.45835', 'lv', 3, '<p>Datortehnikas lietotāji. Datortehnikas lietošanas iespējas. Roboti.</p>', 'Datorarhitektūra.', NULL, '260db896-2f68-4ba8-ad13-88e740f58e16', NULL, NULL) ON CONFLICT DO NOTHING;
INSERT INTO public.course_content (id, created_at, language, sequence_number, topic_description, topic_title, updated_at, course_info_id, created_by, updated_by) VALUES (154, '2026-05-21 23:02:58.45997', 'lv', 4, '<p>Ievad-/Izvad-ierīces. Runas atpazīšanas sistēmas. Printeri to darbība. Jaunākās ievad/izvadierīces. </p>', 'Perifērās datorierīces.', NULL, '260db896-2f68-4ba8-ad13-88e740f58e16', NULL, NULL) ON CONFLICT DO NOTHING;
INSERT INTO public.course_content (id, created_at, language, sequence_number, topic_description, topic_title, updated_at, course_info_id, created_by, updated_by) VALUES (155, '2026-05-21 23:02:58.461595', 'lv', 5, '<p>Grafiskās datora-lietotāja saskarnes īpašības.</p>', 'Datora-Lietotāja saskarne.', NULL, '260db896-2f68-4ba8-ad13-88e740f58e16', NULL, NULL) ON CONFLICT DO NOTHING;
INSERT INTO public.course_content (id, created_at, language, sequence_number, topic_description, topic_title, updated_at, course_info_id, created_by, updated_by) VALUES (43, '2026-05-03 00:45:22.086532', 'lv', 23, NULL, 'Teorēma par Normālo MA pašpielietojamības atpazīšanas problēmas algoritmisko neatrisināmību.', NULL, '808096ac-ffdc-44f0-a90a-35977c816e52', NULL, NULL) ON CONFLICT DO NOTHING;
INSERT INTO public.course_content (id, created_at, language, sequence_number, topic_description, topic_title, updated_at, course_info_id, created_by, updated_by) VALUES (46, '2026-05-03 00:45:22.122528', 'lv', 27, NULL, 'Rekursīvie algoritmi. Lineārie saraksti. Koki.', NULL, '808096ac-ffdc-44f0-a90a-35977c816e52', NULL, NULL) ON CONFLICT DO NOTHING;
INSERT INTO public.course_content (id, created_at, language, sequence_number, topic_description, topic_title, updated_at, course_info_id, created_by, updated_by) VALUES (57, '2026-05-03 00:45:22.250837', 'lv', 25, NULL, 'Teksta faili. Lasīšana no faila. Rakstīšana failā.', NULL, '808096ac-ffdc-44f0-a90a-35977c816e52', NULL, NULL) ON CONFLICT DO NOTHING;
INSERT INTO public.course_content (id, created_at, language, sequence_number, topic_description, topic_title, updated_at, course_info_id, created_by, updated_by) VALUES (26, '2026-05-03 00:24:56.364767', 'lv', 5, '<p>Partīcijas izveide, formatēšana un RAID (redundant array of independent disks)  izveide</p>', 'Cietie diski (partīcijas, formatēšana, RAID)', NULL, '884291a6-0809-44cc-826c-d3c28ab24b39', NULL, NULL) ON CONFLICT DO NOTHING;
INSERT INTO public.course_content (id, created_at, language, sequence_number, topic_description, topic_title, updated_at, course_info_id, created_by, updated_by) VALUES (156, '2026-05-21 23:04:32.659507', 'lv', 1, '<p>Tehnoloģijas un mākslīgais intelekts</p>', 'Dzīve un darbs digitālajā laikmetā.', NULL, '413c51f6-ff8f-43dd-befd-2672802f2128', NULL, NULL) ON CONFLICT DO NOTHING;
INSERT INTO public.course_content (id, created_at, language, sequence_number, topic_description, topic_title, updated_at, course_info_id, created_by, updated_by) VALUES (157, '2026-05-21 23:04:32.673247', 'lv', 2, '<p>Datortehnikas lietotāji. Datortehnikas lietošanas iespējas. Roboti.</p>', 'Datortehnikas izmantošanas jomas.', NULL, '413c51f6-ff8f-43dd-befd-2672802f2128', NULL, NULL) ON CONFLICT DO NOTHING;
INSERT INTO public.course_content (id, created_at, language, sequence_number, topic_description, topic_title, updated_at, course_info_id, created_by, updated_by) VALUES (158, '2026-05-21 23:04:32.675756', 'lv', 3, '<p>Datortehnikas lietotāji. Datortehnikas lietošanas iespējas. Roboti.</p>', 'Datorarhitektūra.', NULL, '413c51f6-ff8f-43dd-befd-2672802f2128', NULL, NULL) ON CONFLICT DO NOTHING;
INSERT INTO public.course_content (id, created_at, language, sequence_number, topic_description, topic_title, updated_at, course_info_id, created_by, updated_by) VALUES (56, '2026-05-03 00:45:22.240284', 'lv', 22, NULL, 'Citas Python konteineru klases (tuple, dictionary, set). Maināmi un nemaināmi objekti. Galvenās darbības, funkcijas un metodes.', NULL, '808096ac-ffdc-44f0-a90a-35977c816e52', NULL, NULL) ON CONFLICT DO NOTHING;
INSERT INTO public.course_content (id, created_at, language, sequence_number, topic_description, topic_title, updated_at, course_info_id, created_by, updated_by) VALUES (159, '2026-05-21 23:04:32.678905', 'lv', 4, '<p>Ievad-/Izvad-ierīces. Runas atpazīšanas sistēmas. Printeri to darbība. Jaunākās ievad/izvadierīces. </p>', 'Perifērās datorierīces.', NULL, '413c51f6-ff8f-43dd-befd-2672802f2128', NULL, NULL) ON CONFLICT DO NOTHING;
INSERT INTO public.course_content (id, created_at, language, sequence_number, topic_description, topic_title, updated_at, course_info_id, created_by, updated_by) VALUES (160, '2026-05-21 23:04:32.68108', 'lv', 5, '<p>Grafiskās datora-lietotāja saskarnes īpašības.</p>', 'Datora-Lietotāja saskarne.', NULL, '413c51f6-ff8f-43dd-befd-2672802f2128', NULL, NULL) ON CONFLICT DO NOTHING;
INSERT INTO public.course_content (id, created_at, language, sequence_number, topic_description, topic_title, updated_at, course_info_id, created_by, updated_by) VALUES (47, '2026-05-03 00:45:22.135526', 'lv', 2, NULL, 'Populārāko programmēšanas valodu apskats un tendences. Programmēšanas valodas Python apskats, salīdzinājums ar citām programmēšanas valodām.', NULL, '808096ac-ffdc-44f0-a90a-35977c816e52', NULL, NULL) ON CONFLICT DO NOTHING;
INSERT INTO public.course_content (id, created_at, language, sequence_number, topic_description, topic_title, updated_at, course_info_id, created_by, updated_by) VALUES (115, '2026-05-03 15:33:32.645792', 'lv', 1, '<p>Skaitīšanas sistēmas, negatīvu skaitļu reprezentācija binārajā sistēmā, datorsistēmu veidi, iegultās sistēmas, datoru paaudzes, tipiska datora uzbūve</p><p></p>', 'Ievads', NULL, '6d2d0040-b5fc-4eec-9202-4a3543035dc7', NULL, NULL) ON CONFLICT DO NOTHING;
INSERT INTO public.course_content (id, created_at, language, sequence_number, topic_description, topic_title, updated_at, course_info_id, created_by, updated_by) VALUES (116, '2026-05-03 15:33:32.654789', 'lv', 2, '<p>Teorētiska CPU uzbūve, asemblervaloda, loģiskie elementi, Būla algebra, summators, Intel 8086 CPU arhitektūra un instrukciju formāti; Fon Neimaņa/Hārvardas un RISC/CISC arhitektūras, atšķirības starp mikroprocesoru un mikrokontrolieri; CPU veiktspēja; CPU ražotāji</p><p></p>', 'Centrālais procesors (CPU)', NULL, '6d2d0040-b5fc-4eec-9202-4a3543035dc7', NULL, NULL) ON CONFLICT DO NOTHING;
INSERT INTO public.course_content (id, created_at, language, sequence_number, topic_description, topic_title, updated_at, course_info_id, created_by, updated_by) VALUES (117, '2026-05-03 15:33:32.656922', 'lv', 3, '<p>Atmiņas mērvienības (SI, IEC un JEDEC sistēmas), cietais disks (HDD un SSD), zibatmiņa (flash),partīcijas, failu sistēmas, BIOS/MBR un UEFI/GPT, biežāk izmantotie RAID (redundant array of independent disks) līmeņi; statiskā un dinamiskā brīvpiekļuves atmiņa (RAM), kešatmiņa</p><p></p>', 'Atmiņa', NULL, '6d2d0040-b5fc-4eec-9202-4a3543035dc7', NULL, NULL) ON CONFLICT DO NOTHING;
INSERT INTO public.course_content (id, created_at, language, sequence_number, topic_description, topic_title, updated_at, course_info_id, created_by, updated_by) VALUES (118, '2026-05-03 15:33:32.658514', 'lv', 4, '<p>Ātrdarbības testi un klonēšana ar CloneZilla un gparted</p>', 'Cietie diski (testi un klonēšana)', NULL, '6d2d0040-b5fc-4eec-9202-4a3543035dc7', NULL, NULL) ON CONFLICT DO NOTHING;
INSERT INTO public.course_content (id, created_at, language, sequence_number, topic_description, topic_title, updated_at, course_info_id, created_by, updated_by) VALUES (119, '2026-05-03 15:33:32.660096', 'lv', 5, '<p>Partīcijas izveide, formatēšana un RAID (redundant array of independent disks)  izveide</p>', 'Cietie diski (partīcijas, formatēšana, RAID)', NULL, '6d2d0040-b5fc-4eec-9202-4a3543035dc7', NULL, NULL) ON CONFLICT DO NOTHING;
INSERT INTO public.course_content (id, created_at, language, sequence_number, topic_description, topic_title, updated_at, course_info_id, created_by, updated_by) VALUES (120, '2026-05-03 15:33:32.661703', 'lv', 6, '<p>ATX standarts, PCI un PCIe, grafiskie procesori (GPU), pamatlietas par tīklu un TCP/IP protokolu kopu</p><p></p>', 'Perifērija un tīkls', NULL, '6d2d0040-b5fc-4eec-9202-4a3543035dc7', NULL, NULL) ON CONFLICT DO NOTHING;
INSERT INTO public.course_content (id, created_at, language, sequence_number, topic_description, topic_title, updated_at, course_info_id, created_by, updated_by) VALUES (121, '2026-05-03 15:33:32.664375', 'lv', 7, NULL, 'Datora darbības pārbaude un labošana', NULL, '6d2d0040-b5fc-4eec-9202-4a3543035dc7', NULL, NULL) ON CONFLICT DO NOTHING;
INSERT INTO public.course_content (id, created_at, language, sequence_number, topic_description, topic_title, updated_at, course_info_id, created_by, updated_by) VALUES (122, '2026-05-03 15:33:32.666534', 'lv', 8, NULL, 'Datora tīkla kartes konfigurēšana; samba servera izveide', NULL, '6d2d0040-b5fc-4eec-9202-4a3543035dc7', NULL, NULL) ON CONFLICT DO NOTHING;
INSERT INTO public.course_content (id, created_at, language, sequence_number, topic_description, topic_title, updated_at, course_info_id, created_by, updated_by) VALUES (123, '2026-05-03 15:33:32.669234', 'lv', 9, NULL, 'Lietotāju administrēšana Linux operētājsistēmā, Linux terminālkomandas', NULL, '6d2d0040-b5fc-4eec-9202-4a3543035dc7', NULL, NULL) ON CONFLICT DO NOTHING;
INSERT INTO public.course_content (id, created_at, language, sequence_number, topic_description, topic_title, updated_at, course_info_id, created_by, updated_by) VALUES (48, '2026-05-03 00:45:22.145958', 'lv', 4, NULL, 'Python programmu izstrādes vides. Python versijas. Python programmas galvenie elementi.', NULL, '808096ac-ffdc-44f0-a90a-35977c816e52', NULL, NULL) ON CONFLICT DO NOTHING;
INSERT INTO public.calendar_topics (id, language, note, sequence_number, course_content_id, course_info_id) VALUES (5, 'lv', NULL, 4, 5, 'c74bab0f-0045-45b3-8547-4e2131abce5a') ON CONFLICT DO NOTHING;
INSERT INTO public.calendar_topics (id, language, note, sequence_number, course_content_id, course_info_id) VALUES (6, 'lv', NULL, 5, 6, 'c74bab0f-0045-45b3-8547-4e2131abce5a') ON CONFLICT DO NOTHING;
INSERT INTO public.calendar_topics (id, language, note, sequence_number, course_content_id, course_info_id) VALUES (7, 'lv', NULL, 6, 7, 'c74bab0f-0045-45b3-8547-4e2131abce5a') ON CONFLICT DO NOTHING;
INSERT INTO public.calendar_topics (id, language, note, sequence_number, course_content_id, course_info_id) VALUES (1, 'lv', NULL, 1, 2, 'c74bab0f-0045-45b3-8547-4e2131abce5a') ON CONFLICT DO NOTHING;
INSERT INTO public.calendar_topics (id, language, note, sequence_number, course_content_id, course_info_id) VALUES (117, 'lv', NULL, 3, 117, '6d2d0040-b5fc-4eec-9202-4a3543035dc7') ON CONFLICT DO NOTHING;
INSERT INTO public.calendar_topics (id, language, note, sequence_number, course_content_id, course_info_id) VALUES (118, 'lv', NULL, 4, 118, '6d2d0040-b5fc-4eec-9202-4a3543035dc7') ON CONFLICT DO NOTHING;
INSERT INTO public.calendar_topics (id, language, note, sequence_number, course_content_id, course_info_id) VALUES (119, 'lv', NULL, 5, 119, '6d2d0040-b5fc-4eec-9202-4a3543035dc7') ON CONFLICT DO NOTHING;
INSERT INTO public.calendar_topics (id, language, note, sequence_number, course_content_id, course_info_id) VALUES (120, 'lv', NULL, 6, 120, '6d2d0040-b5fc-4eec-9202-4a3543035dc7') ON CONFLICT DO NOTHING;
INSERT INTO public.calendar_topics (id, language, note, sequence_number, course_content_id, course_info_id) VALUES (4, 'lv', NULL, 3, 4, 'c74bab0f-0045-45b3-8547-4e2131abce5a') ON CONFLICT DO NOTHING;
INSERT INTO public.calendar_topics (id, language, note, sequence_number, course_content_id, course_info_id) VALUES (2, 'lv', NULL, 2, 1, 'c74bab0f-0045-45b3-8547-4e2131abce5a') ON CONFLICT DO NOTHING;
INSERT INTO public.calendar_topics (id, language, note, sequence_number, course_content_id, course_info_id) VALUES (8, 'lv', NULL, 7, 8, 'c74bab0f-0045-45b3-8547-4e2131abce5a') ON CONFLICT DO NOTHING;
INSERT INTO public.calendar_topics (id, language, note, sequence_number, course_content_id, course_info_id) VALUES (9, 'lv', NULL, 1, 9, 'c2cb8133-dbca-42a5-82a2-defff0662094') ON CONFLICT DO NOTHING;
INSERT INTO public.calendar_topics (id, language, note, sequence_number, course_content_id, course_info_id) VALUES (10, 'lv', NULL, 2, 10, 'c2cb8133-dbca-42a5-82a2-defff0662094') ON CONFLICT DO NOTHING;
INSERT INTO public.calendar_topics (id, language, note, sequence_number, course_content_id, course_info_id) VALUES (11, 'lv', NULL, 3, 11, 'c2cb8133-dbca-42a5-82a2-defff0662094') ON CONFLICT DO NOTHING;
INSERT INTO public.calendar_topics (id, language, note, sequence_number, course_content_id, course_info_id) VALUES (12, 'lv', NULL, 4, 12, 'c2cb8133-dbca-42a5-82a2-defff0662094') ON CONFLICT DO NOTHING;
INSERT INTO public.calendar_topics (id, language, note, sequence_number, course_content_id, course_info_id) VALUES (13, 'lv', NULL, 5, 13, 'c2cb8133-dbca-42a5-82a2-defff0662094') ON CONFLICT DO NOTHING;
INSERT INTO public.calendar_topics (id, language, note, sequence_number, course_content_id, course_info_id) VALUES (14, 'lv', NULL, 1, 14, 'b8e12532-459d-4dba-bcc8-f3385c06f0b5') ON CONFLICT DO NOTHING;
INSERT INTO public.calendar_topics (id, language, note, sequence_number, course_content_id, course_info_id) VALUES (15, 'lv', NULL, 2, 15, 'b8e12532-459d-4dba-bcc8-f3385c06f0b5') ON CONFLICT DO NOTHING;
INSERT INTO public.calendar_topics (id, language, note, sequence_number, course_content_id, course_info_id) VALUES (16, 'lv', NULL, 3, 16, 'b8e12532-459d-4dba-bcc8-f3385c06f0b5') ON CONFLICT DO NOTHING;
INSERT INTO public.calendar_topics (id, language, note, sequence_number, course_content_id, course_info_id) VALUES (17, 'lv', NULL, 4, 17, 'b8e12532-459d-4dba-bcc8-f3385c06f0b5') ON CONFLICT DO NOTHING;
INSERT INTO public.calendar_topics (id, language, note, sequence_number, course_content_id, course_info_id) VALUES (18, 'lv', NULL, 5, 18, 'b8e12532-459d-4dba-bcc8-f3385c06f0b5') ON CONFLICT DO NOTHING;
INSERT INTO public.calendar_topics (id, language, note, sequence_number, course_content_id, course_info_id) VALUES (19, 'lv', NULL, 6, 19, 'b8e12532-459d-4dba-bcc8-f3385c06f0b5') ON CONFLICT DO NOTHING;
INSERT INTO public.calendar_topics (id, language, note, sequence_number, course_content_id, course_info_id) VALUES (20, 'lv', NULL, 7, 20, 'b8e12532-459d-4dba-bcc8-f3385c06f0b5') ON CONFLICT DO NOTHING;
INSERT INTO public.calendar_topics (id, language, note, sequence_number, course_content_id, course_info_id) VALUES (21, 'lv', NULL, 8, 21, 'b8e12532-459d-4dba-bcc8-f3385c06f0b5') ON CONFLICT DO NOTHING;
INSERT INTO public.calendar_topics (id, language, note, sequence_number, course_content_id, course_info_id) VALUES (22, 'lv', NULL, 1, 22, '884291a6-0809-44cc-826c-d3c28ab24b39') ON CONFLICT DO NOTHING;
INSERT INTO public.calendar_topics (id, language, note, sequence_number, course_content_id, course_info_id) VALUES (23, 'lv', NULL, 2, 23, '884291a6-0809-44cc-826c-d3c28ab24b39') ON CONFLICT DO NOTHING;
INSERT INTO public.calendar_topics (id, language, note, sequence_number, course_content_id, course_info_id) VALUES (24, 'lv', NULL, 3, 24, '884291a6-0809-44cc-826c-d3c28ab24b39') ON CONFLICT DO NOTHING;
INSERT INTO public.calendar_topics (id, language, note, sequence_number, course_content_id, course_info_id) VALUES (25, 'lv', NULL, 4, 25, '884291a6-0809-44cc-826c-d3c28ab24b39') ON CONFLICT DO NOTHING;
INSERT INTO public.calendar_topics (id, language, note, sequence_number, course_content_id, course_info_id) VALUES (26, 'lv', NULL, 5, 26, '884291a6-0809-44cc-826c-d3c28ab24b39') ON CONFLICT DO NOTHING;
INSERT INTO public.calendar_topics (id, language, note, sequence_number, course_content_id, course_info_id) VALUES (27, 'lv', NULL, 6, 27, '884291a6-0809-44cc-826c-d3c28ab24b39') ON CONFLICT DO NOTHING;
INSERT INTO public.calendar_topics (id, language, note, sequence_number, course_content_id, course_info_id) VALUES (28, 'lv', NULL, 7, 28, '884291a6-0809-44cc-826c-d3c28ab24b39') ON CONFLICT DO NOTHING;
INSERT INTO public.calendar_topics (id, language, note, sequence_number, course_content_id, course_info_id) VALUES (29, 'lv', NULL, 8, 29, '884291a6-0809-44cc-826c-d3c28ab24b39') ON CONFLICT DO NOTHING;
INSERT INTO public.calendar_topics (id, language, note, sequence_number, course_content_id, course_info_id) VALUES (30, 'lv', NULL, 9, 30, '884291a6-0809-44cc-826c-d3c28ab24b39') ON CONFLICT DO NOTHING;
INSERT INTO public.calendar_topics (id, language, note, sequence_number, course_content_id, course_info_id) VALUES (31, 'lv', NULL, 1, 31, '808096ac-ffdc-44f0-a90a-35977c816e52') ON CONFLICT DO NOTHING;
INSERT INTO public.calendar_topics (id, language, note, sequence_number, course_content_id, course_info_id) VALUES (32, 'lv', NULL, 2, 32, '808096ac-ffdc-44f0-a90a-35977c816e52') ON CONFLICT DO NOTHING;
INSERT INTO public.calendar_topics (id, language, note, sequence_number, course_content_id, course_info_id) VALUES (33, 'lv', NULL, 3, 33, '808096ac-ffdc-44f0-a90a-35977c816e52') ON CONFLICT DO NOTHING;
INSERT INTO public.calendar_topics (id, language, note, sequence_number, course_content_id, course_info_id) VALUES (34, 'lv', NULL, 4, 34, '808096ac-ffdc-44f0-a90a-35977c816e52') ON CONFLICT DO NOTHING;
INSERT INTO public.calendar_topics (id, language, note, sequence_number, course_content_id, course_info_id) VALUES (35, 'lv', NULL, 5, 35, '808096ac-ffdc-44f0-a90a-35977c816e52') ON CONFLICT DO NOTHING;
INSERT INTO public.calendar_topics (id, language, note, sequence_number, course_content_id, course_info_id) VALUES (36, 'lv', NULL, 6, 36, '808096ac-ffdc-44f0-a90a-35977c816e52') ON CONFLICT DO NOTHING;
INSERT INTO public.calendar_topics (id, language, note, sequence_number, course_content_id, course_info_id) VALUES (37, 'lv', NULL, 7, 37, '808096ac-ffdc-44f0-a90a-35977c816e52') ON CONFLICT DO NOTHING;
INSERT INTO public.calendar_topics (id, language, note, sequence_number, course_content_id, course_info_id) VALUES (38, 'lv', NULL, 8, 38, '808096ac-ffdc-44f0-a90a-35977c816e52') ON CONFLICT DO NOTHING;
INSERT INTO public.calendar_topics (id, language, note, sequence_number, course_content_id, course_info_id) VALUES (39, 'lv', NULL, 9, 39, '808096ac-ffdc-44f0-a90a-35977c816e52') ON CONFLICT DO NOTHING;
INSERT INTO public.calendar_topics (id, language, note, sequence_number, course_content_id, course_info_id) VALUES (40, 'lv', NULL, 10, 40, '808096ac-ffdc-44f0-a90a-35977c816e52') ON CONFLICT DO NOTHING;
INSERT INTO public.calendar_topics (id, language, note, sequence_number, course_content_id, course_info_id) VALUES (41, 'lv', NULL, 11, 41, '808096ac-ffdc-44f0-a90a-35977c816e52') ON CONFLICT DO NOTHING;
INSERT INTO public.calendar_topics (id, language, note, sequence_number, course_content_id, course_info_id) VALUES (42, 'lv', NULL, 12, 42, '808096ac-ffdc-44f0-a90a-35977c816e52') ON CONFLICT DO NOTHING;
INSERT INTO public.calendar_topics (id, language, note, sequence_number, course_content_id, course_info_id) VALUES (43, 'lv', NULL, 13, 43, '808096ac-ffdc-44f0-a90a-35977c816e52') ON CONFLICT DO NOTHING;
INSERT INTO public.calendar_topics (id, language, note, sequence_number, course_content_id, course_info_id) VALUES (44, 'lv', NULL, 14, 44, '808096ac-ffdc-44f0-a90a-35977c816e52') ON CONFLICT DO NOTHING;
INSERT INTO public.calendar_topics (id, language, note, sequence_number, course_content_id, course_info_id) VALUES (45, 'lv', NULL, 15, 45, '808096ac-ffdc-44f0-a90a-35977c816e52') ON CONFLICT DO NOTHING;
INSERT INTO public.calendar_topics (id, language, note, sequence_number, course_content_id, course_info_id) VALUES (46, 'lv', NULL, 16, 46, '808096ac-ffdc-44f0-a90a-35977c816e52') ON CONFLICT DO NOTHING;
INSERT INTO public.calendar_topics (id, language, note, sequence_number, course_content_id, course_info_id) VALUES (47, 'lv', NULL, 17, 47, '808096ac-ffdc-44f0-a90a-35977c816e52') ON CONFLICT DO NOTHING;
INSERT INTO public.calendar_topics (id, language, note, sequence_number, course_content_id, course_info_id) VALUES (48, 'lv', NULL, 18, 48, '808096ac-ffdc-44f0-a90a-35977c816e52') ON CONFLICT DO NOTHING;
INSERT INTO public.calendar_topics (id, language, note, sequence_number, course_content_id, course_info_id) VALUES (49, 'lv', NULL, 19, 49, '808096ac-ffdc-44f0-a90a-35977c816e52') ON CONFLICT DO NOTHING;
INSERT INTO public.calendar_topics (id, language, note, sequence_number, course_content_id, course_info_id) VALUES (50, 'lv', NULL, 20, 50, '808096ac-ffdc-44f0-a90a-35977c816e52') ON CONFLICT DO NOTHING;
INSERT INTO public.calendar_topics (id, language, note, sequence_number, course_content_id, course_info_id) VALUES (51, 'lv', NULL, 21, 51, '808096ac-ffdc-44f0-a90a-35977c816e52') ON CONFLICT DO NOTHING;
INSERT INTO public.calendar_topics (id, language, note, sequence_number, course_content_id, course_info_id) VALUES (52, 'lv', NULL, 22, 52, '808096ac-ffdc-44f0-a90a-35977c816e52') ON CONFLICT DO NOTHING;
INSERT INTO public.calendar_topics (id, language, note, sequence_number, course_content_id, course_info_id) VALUES (53, 'lv', NULL, 23, 53, '808096ac-ffdc-44f0-a90a-35977c816e52') ON CONFLICT DO NOTHING;
INSERT INTO public.calendar_topics (id, language, note, sequence_number, course_content_id, course_info_id) VALUES (54, 'lv', NULL, 24, 54, '808096ac-ffdc-44f0-a90a-35977c816e52') ON CONFLICT DO NOTHING;
INSERT INTO public.calendar_topics (id, language, note, sequence_number, course_content_id, course_info_id) VALUES (55, 'lv', NULL, 25, 55, '808096ac-ffdc-44f0-a90a-35977c816e52') ON CONFLICT DO NOTHING;
INSERT INTO public.calendar_topics (id, language, note, sequence_number, course_content_id, course_info_id) VALUES (56, 'lv', NULL, 26, 56, '808096ac-ffdc-44f0-a90a-35977c816e52') ON CONFLICT DO NOTHING;
INSERT INTO public.calendar_topics (id, language, note, sequence_number, course_content_id, course_info_id) VALUES (57, 'lv', NULL, 27, 57, '808096ac-ffdc-44f0-a90a-35977c816e52') ON CONFLICT DO NOTHING;
INSERT INTO public.calendar_topics (id, language, note, sequence_number, course_content_id, course_info_id) VALUES (58, 'lv', NULL, 4, 67, 'f96e6a04-70cb-4822-af03-4eb0097f6e90') ON CONFLICT DO NOTHING;
INSERT INTO public.calendar_topics (id, language, note, sequence_number, course_content_id, course_info_id) VALUES (59, 'lv', NULL, 5, 68, 'f96e6a04-70cb-4822-af03-4eb0097f6e90') ON CONFLICT DO NOTHING;
INSERT INTO public.calendar_topics (id, language, note, sequence_number, course_content_id, course_info_id) VALUES (60, 'lv', NULL, 6, 69, 'f96e6a04-70cb-4822-af03-4eb0097f6e90') ON CONFLICT DO NOTHING;
INSERT INTO public.calendar_topics (id, language, note, sequence_number, course_content_id, course_info_id) VALUES (61, 'lv', NULL, 1, 66, 'f96e6a04-70cb-4822-af03-4eb0097f6e90') ON CONFLICT DO NOTHING;
INSERT INTO public.calendar_topics (id, language, note, sequence_number, course_content_id, course_info_id) VALUES (62, 'lv', NULL, 3, 65, 'f96e6a04-70cb-4822-af03-4eb0097f6e90') ON CONFLICT DO NOTHING;
INSERT INTO public.calendar_topics (id, language, note, sequence_number, course_content_id, course_info_id) VALUES (63, 'lv', NULL, 2, 64, 'f96e6a04-70cb-4822-af03-4eb0097f6e90') ON CONFLICT DO NOTHING;
INSERT INTO public.calendar_topics (id, language, note, sequence_number, course_content_id, course_info_id) VALUES (64, 'lv', NULL, 7, 70, 'f96e6a04-70cb-4822-af03-4eb0097f6e90') ON CONFLICT DO NOTHING;
INSERT INTO public.calendar_topics (id, language, note, sequence_number, course_content_id, course_info_id) VALUES (65, 'lv', NULL, 1, 71, '8505bfaa-246c-4686-863f-6b02d4621703') ON CONFLICT DO NOTHING;
INSERT INTO public.calendar_topics (id, language, note, sequence_number, course_content_id, course_info_id) VALUES (66, 'lv', NULL, 2, 73, '8505bfaa-246c-4686-863f-6b02d4621703') ON CONFLICT DO NOTHING;
INSERT INTO public.calendar_topics (id, language, note, sequence_number, course_content_id, course_info_id) VALUES (67, 'lv', NULL, 3, 75, '8505bfaa-246c-4686-863f-6b02d4621703') ON CONFLICT DO NOTHING;
INSERT INTO public.calendar_topics (id, language, note, sequence_number, course_content_id, course_info_id) VALUES (68, 'lv', NULL, 4, 77, '8505bfaa-246c-4686-863f-6b02d4621703') ON CONFLICT DO NOTHING;
INSERT INTO public.calendar_topics (id, language, note, sequence_number, course_content_id, course_info_id) VALUES (69, 'lv', NULL, 5, 79, '8505bfaa-246c-4686-863f-6b02d4621703') ON CONFLICT DO NOTHING;
INSERT INTO public.calendar_topics (id, language, note, sequence_number, course_content_id, course_info_id) VALUES (70, 'lv', NULL, 6, 81, '8505bfaa-246c-4686-863f-6b02d4621703') ON CONFLICT DO NOTHING;
INSERT INTO public.calendar_topics (id, language, note, sequence_number, course_content_id, course_info_id) VALUES (71, 'lv', NULL, 7, 83, '8505bfaa-246c-4686-863f-6b02d4621703') ON CONFLICT DO NOTHING;
INSERT INTO public.calendar_topics (id, language, note, sequence_number, course_content_id, course_info_id) VALUES (72, 'lv', NULL, 8, 85, '8505bfaa-246c-4686-863f-6b02d4621703') ON CONFLICT DO NOTHING;
INSERT INTO public.calendar_topics (id, language, note, sequence_number, course_content_id, course_info_id) VALUES (73, 'lv', NULL, 9, 86, '8505bfaa-246c-4686-863f-6b02d4621703') ON CONFLICT DO NOTHING;
INSERT INTO public.calendar_topics (id, language, note, sequence_number, course_content_id, course_info_id) VALUES (74, 'lv', NULL, 10, 87, '8505bfaa-246c-4686-863f-6b02d4621703') ON CONFLICT DO NOTHING;
INSERT INTO public.calendar_topics (id, language, note, sequence_number, course_content_id, course_info_id) VALUES (75, 'lv', NULL, 11, 89, '8505bfaa-246c-4686-863f-6b02d4621703') ON CONFLICT DO NOTHING;
INSERT INTO public.calendar_topics (id, language, note, sequence_number, course_content_id, course_info_id) VALUES (76, 'lv', NULL, 12, 91, '8505bfaa-246c-4686-863f-6b02d4621703') ON CONFLICT DO NOTHING;
INSERT INTO public.calendar_topics (id, language, note, sequence_number, course_content_id, course_info_id) VALUES (77, 'lv', NULL, 13, 93, '8505bfaa-246c-4686-863f-6b02d4621703') ON CONFLICT DO NOTHING;
INSERT INTO public.calendar_topics (id, language, note, sequence_number, course_content_id, course_info_id) VALUES (78, 'lv', NULL, 14, 94, '8505bfaa-246c-4686-863f-6b02d4621703') ON CONFLICT DO NOTHING;
INSERT INTO public.calendar_topics (id, language, note, sequence_number, course_content_id, course_info_id) VALUES (79, 'lv', NULL, 15, 96, '8505bfaa-246c-4686-863f-6b02d4621703') ON CONFLICT DO NOTHING;
INSERT INTO public.calendar_topics (id, language, note, sequence_number, course_content_id, course_info_id) VALUES (80, 'lv', NULL, 16, 97, '8505bfaa-246c-4686-863f-6b02d4621703') ON CONFLICT DO NOTHING;
INSERT INTO public.calendar_topics (id, language, note, sequence_number, course_content_id, course_info_id) VALUES (81, 'lv', NULL, 17, 72, '8505bfaa-246c-4686-863f-6b02d4621703') ON CONFLICT DO NOTHING;
INSERT INTO public.calendar_topics (id, language, note, sequence_number, course_content_id, course_info_id) VALUES (82, 'lv', NULL, 18, 74, '8505bfaa-246c-4686-863f-6b02d4621703') ON CONFLICT DO NOTHING;
INSERT INTO public.calendar_topics (id, language, note, sequence_number, course_content_id, course_info_id) VALUES (83, 'lv', NULL, 19, 76, '8505bfaa-246c-4686-863f-6b02d4621703') ON CONFLICT DO NOTHING;
INSERT INTO public.calendar_topics (id, language, note, sequence_number, course_content_id, course_info_id) VALUES (84, 'lv', NULL, 20, 78, '8505bfaa-246c-4686-863f-6b02d4621703') ON CONFLICT DO NOTHING;
INSERT INTO public.calendar_topics (id, language, note, sequence_number, course_content_id, course_info_id) VALUES (85, 'lv', NULL, 21, 80, '8505bfaa-246c-4686-863f-6b02d4621703') ON CONFLICT DO NOTHING;
INSERT INTO public.calendar_topics (id, language, note, sequence_number, course_content_id, course_info_id) VALUES (86, 'lv', NULL, 22, 88, '8505bfaa-246c-4686-863f-6b02d4621703') ON CONFLICT DO NOTHING;
INSERT INTO public.calendar_topics (id, language, note, sequence_number, course_content_id, course_info_id) VALUES (87, 'lv', NULL, 23, 82, '8505bfaa-246c-4686-863f-6b02d4621703') ON CONFLICT DO NOTHING;
INSERT INTO public.calendar_topics (id, language, note, sequence_number, course_content_id, course_info_id) VALUES (88, 'lv', NULL, 24, 84, '8505bfaa-246c-4686-863f-6b02d4621703') ON CONFLICT DO NOTHING;
INSERT INTO public.calendar_topics (id, language, note, sequence_number, course_content_id, course_info_id) VALUES (89, 'lv', NULL, 25, 90, '8505bfaa-246c-4686-863f-6b02d4621703') ON CONFLICT DO NOTHING;
INSERT INTO public.calendar_topics (id, language, note, sequence_number, course_content_id, course_info_id) VALUES (90, 'lv', NULL, 26, 92, '8505bfaa-246c-4686-863f-6b02d4621703') ON CONFLICT DO NOTHING;
INSERT INTO public.calendar_topics (id, language, note, sequence_number, course_content_id, course_info_id) VALUES (91, 'lv', NULL, 27, 95, '8505bfaa-246c-4686-863f-6b02d4621703') ON CONFLICT DO NOTHING;
INSERT INTO public.calendar_topics (id, language, note, sequence_number, course_content_id, course_info_id) VALUES (92, 'lv', NULL, 4, 101, '11ac2e25-f7fd-43d0-8166-32eb7ed5f2d0') ON CONFLICT DO NOTHING;
INSERT INTO public.calendar_topics (id, language, note, sequence_number, course_content_id, course_info_id) VALUES (93, 'lv', NULL, 5, 102, '11ac2e25-f7fd-43d0-8166-32eb7ed5f2d0') ON CONFLICT DO NOTHING;
INSERT INTO public.calendar_topics (id, language, note, sequence_number, course_content_id, course_info_id) VALUES (94, 'lv', NULL, 6, 103, '11ac2e25-f7fd-43d0-8166-32eb7ed5f2d0') ON CONFLICT DO NOTHING;
INSERT INTO public.calendar_topics (id, language, note, sequence_number, course_content_id, course_info_id) VALUES (95, 'lv', NULL, 1, 100, '11ac2e25-f7fd-43d0-8166-32eb7ed5f2d0') ON CONFLICT DO NOTHING;
INSERT INTO public.calendar_topics (id, language, note, sequence_number, course_content_id, course_info_id) VALUES (96, 'lv', NULL, 3, 99, '11ac2e25-f7fd-43d0-8166-32eb7ed5f2d0') ON CONFLICT DO NOTHING;
INSERT INTO public.calendar_topics (id, language, note, sequence_number, course_content_id, course_info_id) VALUES (97, 'lv', NULL, 2, 98, '11ac2e25-f7fd-43d0-8166-32eb7ed5f2d0') ON CONFLICT DO NOTHING;
INSERT INTO public.calendar_topics (id, language, note, sequence_number, course_content_id, course_info_id) VALUES (98, 'lv', NULL, 7, 104, '11ac2e25-f7fd-43d0-8166-32eb7ed5f2d0') ON CONFLICT DO NOTHING;
INSERT INTO public.calendar_topics (id, language, note, sequence_number, course_content_id, course_info_id) VALUES (99, 'lv', NULL, 1, 58, 'a215efa2-b605-4923-a6f2-621e22d2532c') ON CONFLICT DO NOTHING;
INSERT INTO public.calendar_topics (id, language, note, sequence_number, course_content_id, course_info_id) VALUES (100, 'lv', NULL, 2, 59, 'a215efa2-b605-4923-a6f2-621e22d2532c') ON CONFLICT DO NOTHING;
INSERT INTO public.calendar_topics (id, language, note, sequence_number, course_content_id, course_info_id) VALUES (101, 'lv', NULL, 3, 60, 'a215efa2-b605-4923-a6f2-621e22d2532c') ON CONFLICT DO NOTHING;
INSERT INTO public.calendar_topics (id, language, note, sequence_number, course_content_id, course_info_id) VALUES (102, 'lv', NULL, 4, 61, 'a215efa2-b605-4923-a6f2-621e22d2532c') ON CONFLICT DO NOTHING;
INSERT INTO public.calendar_topics (id, language, note, sequence_number, course_content_id, course_info_id) VALUES (103, 'lv', NULL, 5, 62, 'a215efa2-b605-4923-a6f2-621e22d2532c') ON CONFLICT DO NOTHING;
INSERT INTO public.calendar_topics (id, language, note, sequence_number, course_content_id, course_info_id) VALUES (104, 'lv', NULL, 6, 63, 'a215efa2-b605-4923-a6f2-621e22d2532c') ON CONFLICT DO NOTHING;
INSERT INTO public.calendar_topics (id, language, note, sequence_number, course_content_id, course_info_id) VALUES (105, 'lv', NULL, 1, 105, 'f26e2d96-3d76-4518-9c90-8b18b66c9b8c') ON CONFLICT DO NOTHING;
INSERT INTO public.calendar_topics (id, language, note, sequence_number, course_content_id, course_info_id) VALUES (106, 'lv', NULL, 2, 106, 'f26e2d96-3d76-4518-9c90-8b18b66c9b8c') ON CONFLICT DO NOTHING;
INSERT INTO public.calendar_topics (id, language, note, sequence_number, course_content_id, course_info_id) VALUES (107, 'lv', NULL, 3, 107, 'f26e2d96-3d76-4518-9c90-8b18b66c9b8c') ON CONFLICT DO NOTHING;
INSERT INTO public.calendar_topics (id, language, note, sequence_number, course_content_id, course_info_id) VALUES (108, 'lv', NULL, 4, 108, 'f26e2d96-3d76-4518-9c90-8b18b66c9b8c') ON CONFLICT DO NOTHING;
INSERT INTO public.calendar_topics (id, language, note, sequence_number, course_content_id, course_info_id) VALUES (109, 'lv', NULL, 5, 109, 'f26e2d96-3d76-4518-9c90-8b18b66c9b8c') ON CONFLICT DO NOTHING;
INSERT INTO public.calendar_topics (id, language, note, sequence_number, course_content_id, course_info_id) VALUES (110, 'lv', NULL, 1, 110, '4ffc5cfe-068b-411a-8db5-d5fe753cbbc4') ON CONFLICT DO NOTHING;
INSERT INTO public.calendar_topics (id, language, note, sequence_number, course_content_id, course_info_id) VALUES (111, 'lv', NULL, 2, 111, '4ffc5cfe-068b-411a-8db5-d5fe753cbbc4') ON CONFLICT DO NOTHING;
INSERT INTO public.calendar_topics (id, language, note, sequence_number, course_content_id, course_info_id) VALUES (112, 'lv', NULL, 3, 112, '4ffc5cfe-068b-411a-8db5-d5fe753cbbc4') ON CONFLICT DO NOTHING;
INSERT INTO public.calendar_topics (id, language, note, sequence_number, course_content_id, course_info_id) VALUES (113, 'lv', NULL, 4, 113, '4ffc5cfe-068b-411a-8db5-d5fe753cbbc4') ON CONFLICT DO NOTHING;
INSERT INTO public.calendar_topics (id, language, note, sequence_number, course_content_id, course_info_id) VALUES (114, 'lv', NULL, 5, 114, '4ffc5cfe-068b-411a-8db5-d5fe753cbbc4') ON CONFLICT DO NOTHING;
INSERT INTO public.calendar_topics (id, language, note, sequence_number, course_content_id, course_info_id) VALUES (115, 'lv', NULL, 1, 115, '6d2d0040-b5fc-4eec-9202-4a3543035dc7') ON CONFLICT DO NOTHING;
INSERT INTO public.calendar_topics (id, language, note, sequence_number, course_content_id, course_info_id) VALUES (116, 'lv', NULL, 2, 116, '6d2d0040-b5fc-4eec-9202-4a3543035dc7') ON CONFLICT DO NOTHING;
INSERT INTO public.calendar_topics (id, language, note, sequence_number, course_content_id, course_info_id) VALUES (121, 'lv', NULL, 7, 122, '6d2d0040-b5fc-4eec-9202-4a3543035dc7') ON CONFLICT DO NOTHING;
INSERT INTO public.calendar_topics (id, language, note, sequence_number, course_content_id, course_info_id) VALUES (122, 'lv', NULL, 8, 121, '6d2d0040-b5fc-4eec-9202-4a3543035dc7') ON CONFLICT DO NOTHING;
INSERT INTO public.calendar_topics (id, language, note, sequence_number, course_content_id, course_info_id) VALUES (123, 'lv', NULL, 9, 123, '6d2d0040-b5fc-4eec-9202-4a3543035dc7') ON CONFLICT DO NOTHING;
INSERT INTO public.calendar_topics (id, language, note, sequence_number, course_content_id, course_info_id) VALUES (124, 'lv', NULL, 1, 124, '02ecef0e-40d4-43d9-8c56-4b4a6facdc56') ON CONFLICT DO NOTHING;
INSERT INTO public.calendar_topics (id, language, note, sequence_number, course_content_id, course_info_id) VALUES (125, 'lv', NULL, 2, 125, '02ecef0e-40d4-43d9-8c56-4b4a6facdc56') ON CONFLICT DO NOTHING;
INSERT INTO public.calendar_topics (id, language, note, sequence_number, course_content_id, course_info_id) VALUES (126, 'lv', NULL, 3, 126, '02ecef0e-40d4-43d9-8c56-4b4a6facdc56') ON CONFLICT DO NOTHING;
INSERT INTO public.calendar_topics (id, language, note, sequence_number, course_content_id, course_info_id) VALUES (127, 'lv', NULL, 4, 127, '02ecef0e-40d4-43d9-8c56-4b4a6facdc56') ON CONFLICT DO NOTHING;
INSERT INTO public.calendar_topics (id, language, note, sequence_number, course_content_id, course_info_id) VALUES (128, 'lv', NULL, 5, 128, '02ecef0e-40d4-43d9-8c56-4b4a6facdc56') ON CONFLICT DO NOTHING;
INSERT INTO public.calendar_topics (id, language, note, sequence_number, course_content_id, course_info_id) VALUES (129, 'lv', NULL, 1, 129, '27cb9e40-9048-4589-8566-ca9ac7f83481') ON CONFLICT DO NOTHING;
INSERT INTO public.calendar_topics (id, language, note, sequence_number, course_content_id, course_info_id) VALUES (130, 'lv', NULL, 2, 130, '27cb9e40-9048-4589-8566-ca9ac7f83481') ON CONFLICT DO NOTHING;
INSERT INTO public.calendar_topics (id, language, note, sequence_number, course_content_id, course_info_id) VALUES (131, 'lv', NULL, 3, 131, '27cb9e40-9048-4589-8566-ca9ac7f83481') ON CONFLICT DO NOTHING;
INSERT INTO public.calendar_topics (id, language, note, sequence_number, course_content_id, course_info_id) VALUES (132, 'lv', NULL, 4, 132, '27cb9e40-9048-4589-8566-ca9ac7f83481') ON CONFLICT DO NOTHING;
INSERT INTO public.calendar_topics (id, language, note, sequence_number, course_content_id, course_info_id) VALUES (133, 'lv', NULL, 5, 133, '27cb9e40-9048-4589-8566-ca9ac7f83481') ON CONFLICT DO NOTHING;
INSERT INTO public.calendar_topics (id, language, note, sequence_number, course_content_id, course_info_id) VALUES (134, 'lv', NULL, 6, 134, '27cb9e40-9048-4589-8566-ca9ac7f83481') ON CONFLICT DO NOTHING;
INSERT INTO public.calendar_topics (id, language, note, sequence_number, course_content_id, course_info_id) VALUES (135, 'lv', NULL, 7, 136, '27cb9e40-9048-4589-8566-ca9ac7f83481') ON CONFLICT DO NOTHING;
INSERT INTO public.calendar_topics (id, language, note, sequence_number, course_content_id, course_info_id) VALUES (136, 'lv', NULL, 8, 135, '27cb9e40-9048-4589-8566-ca9ac7f83481') ON CONFLICT DO NOTHING;
INSERT INTO public.calendar_topics (id, language, note, sequence_number, course_content_id, course_info_id) VALUES (137, 'lv', NULL, 1, 137, 'ca667a16-ae75-4347-b375-ee42766584a2') ON CONFLICT DO NOTHING;
INSERT INTO public.calendar_topics (id, language, note, sequence_number, course_content_id, course_info_id) VALUES (138, 'lv', NULL, 2, 138, 'ca667a16-ae75-4347-b375-ee42766584a2') ON CONFLICT DO NOTHING;
INSERT INTO public.calendar_topics (id, language, note, sequence_number, course_content_id, course_info_id) VALUES (139, 'lv', NULL, 3, 139, 'ca667a16-ae75-4347-b375-ee42766584a2') ON CONFLICT DO NOTHING;
INSERT INTO public.calendar_topics (id, language, note, sequence_number, course_content_id, course_info_id) VALUES (140, 'lv', NULL, 4, 140, 'ca667a16-ae75-4347-b375-ee42766584a2') ON CONFLICT DO NOTHING;
INSERT INTO public.calendar_topics (id, language, note, sequence_number, course_content_id, course_info_id) VALUES (141, 'lv', NULL, 5, 141, 'ca667a16-ae75-4347-b375-ee42766584a2') ON CONFLICT DO NOTHING;
INSERT INTO public.calendar_topics (id, language, note, sequence_number, course_content_id, course_info_id) VALUES (142, 'lv', NULL, 6, 142, 'ca667a16-ae75-4347-b375-ee42766584a2') ON CONFLICT DO NOTHING;
INSERT INTO public.calendar_topics (id, language, note, sequence_number, course_content_id, course_info_id) VALUES (143, 'lv', NULL, 1, 143, '4d7c0350-ef6b-4f8c-be18-ba68c046b980') ON CONFLICT DO NOTHING;
INSERT INTO public.calendar_topics (id, language, note, sequence_number, course_content_id, course_info_id) VALUES (144, 'lv', NULL, 2, 144, '4d7c0350-ef6b-4f8c-be18-ba68c046b980') ON CONFLICT DO NOTHING;
INSERT INTO public.calendar_topics (id, language, note, sequence_number, course_content_id, course_info_id) VALUES (145, 'lv', NULL, 3, 145, '4d7c0350-ef6b-4f8c-be18-ba68c046b980') ON CONFLICT DO NOTHING;
INSERT INTO public.calendar_topics (id, language, note, sequence_number, course_content_id, course_info_id) VALUES (146, 'lv', NULL, 4, 146, '4d7c0350-ef6b-4f8c-be18-ba68c046b980') ON CONFLICT DO NOTHING;
INSERT INTO public.calendar_topics (id, language, note, sequence_number, course_content_id, course_info_id) VALUES (147, 'lv', NULL, 5, 147, '4d7c0350-ef6b-4f8c-be18-ba68c046b980') ON CONFLICT DO NOTHING;
INSERT INTO public.calendar_topics (id, language, note, sequence_number, course_content_id, course_info_id) VALUES (148, 'lv', NULL, 6, 148, '4d7c0350-ef6b-4f8c-be18-ba68c046b980') ON CONFLICT DO NOTHING;
INSERT INTO public.calendar_topics (id, language, note, sequence_number, course_content_id, course_info_id) VALUES (149, 'lv', NULL, 7, 150, '4d7c0350-ef6b-4f8c-be18-ba68c046b980') ON CONFLICT DO NOTHING;
INSERT INTO public.calendar_topics (id, language, note, sequence_number, course_content_id, course_info_id) VALUES (150, 'lv', NULL, 8, 149, '4d7c0350-ef6b-4f8c-be18-ba68c046b980') ON CONFLICT DO NOTHING;
INSERT INTO public.calendar_topics (id, language, note, sequence_number, course_content_id, course_info_id) VALUES (151, 'lv', NULL, 1, 151, '260db896-2f68-4ba8-ad13-88e740f58e16') ON CONFLICT DO NOTHING;
INSERT INTO public.calendar_topics (id, language, note, sequence_number, course_content_id, course_info_id) VALUES (152, 'lv', NULL, 2, 152, '260db896-2f68-4ba8-ad13-88e740f58e16') ON CONFLICT DO NOTHING;
INSERT INTO public.calendar_topics (id, language, note, sequence_number, course_content_id, course_info_id) VALUES (153, 'lv', NULL, 3, 153, '260db896-2f68-4ba8-ad13-88e740f58e16') ON CONFLICT DO NOTHING;
INSERT INTO public.calendar_topics (id, language, note, sequence_number, course_content_id, course_info_id) VALUES (154, 'lv', NULL, 4, 154, '260db896-2f68-4ba8-ad13-88e740f58e16') ON CONFLICT DO NOTHING;
INSERT INTO public.calendar_topics (id, language, note, sequence_number, course_content_id, course_info_id) VALUES (155, 'lv', NULL, 5, 155, '260db896-2f68-4ba8-ad13-88e740f58e16') ON CONFLICT DO NOTHING;
INSERT INTO public.calendar_topics (id, language, note, sequence_number, course_content_id, course_info_id) VALUES (156, 'lv', NULL, 1, 156, '413c51f6-ff8f-43dd-befd-2672802f2128') ON CONFLICT DO NOTHING;
INSERT INTO public.calendar_topics (id, language, note, sequence_number, course_content_id, course_info_id) VALUES (157, 'lv', NULL, 2, 157, '413c51f6-ff8f-43dd-befd-2672802f2128') ON CONFLICT DO NOTHING;
INSERT INTO public.calendar_topics (id, language, note, sequence_number, course_content_id, course_info_id) VALUES (158, 'lv', NULL, 3, 158, '413c51f6-ff8f-43dd-befd-2672802f2128') ON CONFLICT DO NOTHING;
INSERT INTO public.calendar_topics (id, language, note, sequence_number, course_content_id, course_info_id) VALUES (159, 'lv', NULL, 4, 159, '413c51f6-ff8f-43dd-befd-2672802f2128') ON CONFLICT DO NOTHING;
INSERT INTO public.calendar_topics (id, language, note, sequence_number, course_content_id, course_info_id) VALUES (160, 'lv', NULL, 5, 160, '413c51f6-ff8f-43dd-befd-2672802f2128') ON CONFLICT DO NOTHING;
INSERT INTO public.session_types (id, description, name) VALUES (1, 'Mācību nodarbība, kurā docētājs mutvārdos (priekšlasījuma, stāstījuma veidā) izklāsta kursa teorētisko materiālu.', 'Lekcija') ON CONFLICT DO NOTHING;
INSERT INTO public.session_types (id, description, name) VALUES (2, 'Mācību nodarbība, kurā studējošie docētāja vadībā apgūst attiecīgajai tēmai atbilstošas prasmes. Praktiskā nodarbība var būt organizēta vairākos veidos: laboratorijas darbi, semināri u. tml.', 'Praktiskā nodarbība') ON CONFLICT DO NOTHING;
INSERT INTO public.session_types (id, description, name) VALUES (3, NULL, 'Laboratorijas darbs') ON CONFLICT DO NOTHING;
INSERT INTO public.session_types (id, description, name) VALUES (4, NULL, 'Seminārs') ON CONFLICT DO NOTHING;
INSERT INTO public.session_types (id, description, name) VALUES (5, NULL, 'Pārbaudes darbs') ON CONFLICT DO NOTHING;
INSERT INTO public.session_types (id, description, name) VALUES (6, NULL, 'Apgrieztā klase') ON CONFLICT DO NOTHING;
INSERT INTO public.session_types (id, description, name) VALUES (7, NULL, 'Prezentācija') ON CONFLICT DO NOTHING;
INSERT INTO public.calendar_sessions (id, academic_hours, created_at, updated_at, session_type_id, topic_id, sequence_number) VALUES (100, 2, '2026-05-03 11:26:22.886946', NULL, 2, 61, 1) ON CONFLICT DO NOTHING;
INSERT INTO public.calendar_sessions (id, academic_hours, created_at, updated_at, session_type_id, topic_id, sequence_number) VALUES (101, 2, '2026-05-03 11:26:22.896699', NULL, 2, 62, 2) ON CONFLICT DO NOTHING;
INSERT INTO public.calendar_sessions (id, academic_hours, created_at, updated_at, session_type_id, topic_id, sequence_number) VALUES (102, 4, '2026-05-03 11:26:22.899412', NULL, 1, 62, 1) ON CONFLICT DO NOTHING;
INSERT INTO public.calendar_sessions (id, academic_hours, created_at, updated_at, session_type_id, topic_id, sequence_number) VALUES (12, 2, '2026-04-14 23:54:56.956232', NULL, 1, 6, 3) ON CONFLICT DO NOTHING;
INSERT INTO public.calendar_sessions (id, academic_hours, created_at, updated_at, session_type_id, topic_id, sequence_number) VALUES (8, 2, '2026-04-14 23:32:47.284553', NULL, 1, 6, 1) ON CONFLICT DO NOTHING;
INSERT INTO public.calendar_sessions (id, academic_hours, created_at, updated_at, session_type_id, topic_id, sequence_number) VALUES (6, 4, '2026-04-14 23:32:08.959507', NULL, 3, 6, 2) ON CONFLICT DO NOTHING;
INSERT INTO public.calendar_sessions (id, academic_hours, created_at, updated_at, session_type_id, topic_id, sequence_number) VALUES (13, 4, '2026-04-15 00:04:54.353798', NULL, 2, 8, 1) ON CONFLICT DO NOTHING;
INSERT INTO public.calendar_sessions (id, academic_hours, created_at, updated_at, session_type_id, topic_id, sequence_number) VALUES (15, 2, '2026-04-15 18:29:13.9376', NULL, 2, 1, 2) ON CONFLICT DO NOTHING;
INSERT INTO public.calendar_sessions (id, academic_hours, created_at, updated_at, session_type_id, topic_id, sequence_number) VALUES (9, 2, '2026-04-14 23:32:55.570208', NULL, 1, 7, 1) ON CONFLICT DO NOTHING;
INSERT INTO public.calendar_sessions (id, academic_hours, created_at, updated_at, session_type_id, topic_id, sequence_number) VALUES (103, 4, '2026-05-03 11:26:22.91216', NULL, 2, 64, 1) ON CONFLICT DO NOTHING;
INSERT INTO public.calendar_sessions (id, academic_hours, created_at, updated_at, session_type_id, topic_id, sequence_number) VALUES (104, 2, '2026-05-03 12:22:50.245023', NULL, 1, 65, 1) ON CONFLICT DO NOTHING;
INSERT INTO public.calendar_sessions (id, academic_hours, created_at, updated_at, session_type_id, topic_id, sequence_number) VALUES (105, 2, '2026-05-03 12:22:50.255205', NULL, 1, 66, 1) ON CONFLICT DO NOTHING;
INSERT INTO public.calendar_sessions (id, academic_hours, created_at, updated_at, session_type_id, topic_id, sequence_number) VALUES (106, 2, '2026-05-03 12:22:50.262496', NULL, 1, 67, 1) ON CONFLICT DO NOTHING;
INSERT INTO public.calendar_sessions (id, academic_hours, created_at, updated_at, session_type_id, topic_id, sequence_number) VALUES (5, 2, '2026-04-14 23:31:48.934279', NULL, 5, 5, 2) ON CONFLICT DO NOTHING;
INSERT INTO public.calendar_sessions (id, academic_hours, created_at, updated_at, session_type_id, topic_id, sequence_number) VALUES (7, 2, '2026-04-14 23:32:27.196057', NULL, 6, 7, 2) ON CONFLICT DO NOTHING;
INSERT INTO public.calendar_sessions (id, academic_hours, created_at, updated_at, session_type_id, topic_id, sequence_number) VALUES (19, 2, '2026-04-19 04:01:00.19669', NULL, 2, 9, 1) ON CONFLICT DO NOTHING;
INSERT INTO public.calendar_sessions (id, academic_hours, created_at, updated_at, session_type_id, topic_id, sequence_number) VALUES (21, 2, '2026-04-19 04:01:37.242487', NULL, 2, 9, 3) ON CONFLICT DO NOTHING;
INSERT INTO public.calendar_sessions (id, academic_hours, created_at, updated_at, session_type_id, topic_id, sequence_number) VALUES (22, 4, '2026-04-19 04:01:45.811538', NULL, 2, 10, 1) ON CONFLICT DO NOTHING;
INSERT INTO public.calendar_sessions (id, academic_hours, created_at, updated_at, session_type_id, topic_id, sequence_number) VALUES (23, 2, '2026-04-19 04:02:07.961512', NULL, 5, 10, 2) ON CONFLICT DO NOTHING;
INSERT INTO public.calendar_sessions (id, academic_hours, created_at, updated_at, session_type_id, topic_id, sequence_number) VALUES (24, 4, '2026-04-19 04:02:19.995676', NULL, 2, 11, 1) ON CONFLICT DO NOTHING;
INSERT INTO public.calendar_sessions (id, academic_hours, created_at, updated_at, session_type_id, topic_id, sequence_number) VALUES (25, 2, '2026-04-19 04:02:27.083656', NULL, 5, 11, 2) ON CONFLICT DO NOTHING;
INSERT INTO public.calendar_sessions (id, academic_hours, created_at, updated_at, session_type_id, topic_id, sequence_number) VALUES (26, 4, '2026-04-19 04:02:36.216554', NULL, 2, 12, 1) ON CONFLICT DO NOTHING;
INSERT INTO public.calendar_sessions (id, academic_hours, created_at, updated_at, session_type_id, topic_id, sequence_number) VALUES (27, 2, '2026-04-19 04:02:45.859073', NULL, 5, 12, 2) ON CONFLICT DO NOTHING;
INSERT INTO public.calendar_sessions (id, academic_hours, created_at, updated_at, session_type_id, topic_id, sequence_number) VALUES (28, 2, '2026-04-19 04:03:05.305219', NULL, 2, 13, 1) ON CONFLICT DO NOTHING;
INSERT INTO public.calendar_sessions (id, academic_hours, created_at, updated_at, session_type_id, topic_id, sequence_number) VALUES (29, 6, '2026-04-19 04:03:40.799559', NULL, 7, 13, 2) ON CONFLICT DO NOTHING;
INSERT INTO public.calendar_sessions (id, academic_hours, created_at, updated_at, session_type_id, topic_id, sequence_number) VALUES (33, 1, '2026-05-03 00:02:25.163749', NULL, 2, 14, 2) ON CONFLICT DO NOTHING;
INSERT INTO public.calendar_sessions (id, academic_hours, created_at, updated_at, session_type_id, topic_id, sequence_number) VALUES (34, 1, '2026-05-03 00:02:30.467269', NULL, 2, 15, 2) ON CONFLICT DO NOTHING;
INSERT INTO public.calendar_sessions (id, academic_hours, created_at, updated_at, session_type_id, topic_id, sequence_number) VALUES (107, 2, '2026-05-03 12:22:50.268425', NULL, 1, 68, 1) ON CONFLICT DO NOTHING;
INSERT INTO public.calendar_sessions (id, academic_hours, created_at, updated_at, session_type_id, topic_id, sequence_number) VALUES (38, 1, '2026-05-03 00:04:17.731402', NULL, 2, 17, 2) ON CONFLICT DO NOTHING;
INSERT INTO public.calendar_sessions (id, academic_hours, created_at, updated_at, session_type_id, topic_id, sequence_number) VALUES (108, 2, '2026-05-03 12:22:50.275376', NULL, 1, 69, 1) ON CONFLICT DO NOTHING;
INSERT INTO public.calendar_sessions (id, academic_hours, created_at, updated_at, session_type_id, topic_id, sequence_number) VALUES (40, 1, '2026-05-03 00:04:41.471789', NULL, 2, 18, 2) ON CONFLICT DO NOTHING;
INSERT INTO public.calendar_sessions (id, academic_hours, created_at, updated_at, session_type_id, topic_id, sequence_number) VALUES (109, 2, '2026-05-03 12:22:50.284369', NULL, 1, 70, 1) ON CONFLICT DO NOTHING;
INSERT INTO public.calendar_sessions (id, academic_hours, created_at, updated_at, session_type_id, topic_id, sequence_number) VALUES (110, 2, '2026-05-03 12:22:50.290238', NULL, 1, 71, 1) ON CONFLICT DO NOTHING;
INSERT INTO public.calendar_sessions (id, academic_hours, created_at, updated_at, session_type_id, topic_id, sequence_number) VALUES (41, 2, '2026-05-03 00:04:47.01356', NULL, 1, 19, 1) ON CONFLICT DO NOTHING;
INSERT INTO public.calendar_sessions (id, academic_hours, created_at, updated_at, session_type_id, topic_id, sequence_number) VALUES (42, 2, '2026-05-03 00:04:49.757256', NULL, 2, 19, 2) ON CONFLICT DO NOTHING;
INSERT INTO public.calendar_sessions (id, academic_hours, created_at, updated_at, session_type_id, topic_id, sequence_number) VALUES (46, 2, '2026-05-03 00:05:09.944037', NULL, 2, 21, 2) ON CONFLICT DO NOTHING;
INSERT INTO public.calendar_sessions (id, academic_hours, created_at, updated_at, session_type_id, topic_id, sequence_number) VALUES (47, 2, '2026-05-03 00:06:58.890951', NULL, 5, 20, 3) ON CONFLICT DO NOTHING;
INSERT INTO public.calendar_sessions (id, academic_hours, created_at, updated_at, session_type_id, topic_id, sequence_number) VALUES (43, 2, '2026-05-03 00:04:56.438022', NULL, 1, 20, 1) ON CONFLICT DO NOTHING;
INSERT INTO public.calendar_sessions (id, academic_hours, created_at, updated_at, session_type_id, topic_id, sequence_number) VALUES (48, 2, '2026-05-03 00:08:07.360102', NULL, 5, 17, 3) ON CONFLICT DO NOTHING;
INSERT INTO public.calendar_sessions (id, academic_hours, created_at, updated_at, session_type_id, topic_id, sequence_number) VALUES (32, 2, '2026-05-03 00:01:55.56237', NULL, 1, 15, 1) ON CONFLICT DO NOTHING;
INSERT INTO public.calendar_sessions (id, academic_hours, created_at, updated_at, session_type_id, topic_id, sequence_number) VALUES (36, 2, '2026-05-03 00:03:52.020632', NULL, 1, 17, 1) ON CONFLICT DO NOTHING;
INSERT INTO public.calendar_sessions (id, academic_hours, created_at, updated_at, session_type_id, topic_id, sequence_number) VALUES (37, 4, '2026-05-03 00:04:11.109481', NULL, 2, 16, 2) ON CONFLICT DO NOTHING;
INSERT INTO public.calendar_sessions (id, academic_hours, created_at, updated_at, session_type_id, topic_id, sequence_number) VALUES (39, 2, '2026-05-03 00:04:37.662232', NULL, 1, 18, 1) ON CONFLICT DO NOTHING;
INSERT INTO public.calendar_sessions (id, academic_hours, created_at, updated_at, session_type_id, topic_id, sequence_number) VALUES (31, 2, '2026-05-03 00:01:49.491328', NULL, 1, 14, 1) ON CONFLICT DO NOTHING;
INSERT INTO public.calendar_sessions (id, academic_hours, created_at, updated_at, session_type_id, topic_id, sequence_number) VALUES (35, 4, '2026-05-03 00:03:46.223932', NULL, 1, 16, 1) ON CONFLICT DO NOTHING;
INSERT INTO public.calendar_sessions (id, academic_hours, created_at, updated_at, session_type_id, topic_id, sequence_number) VALUES (49, 2, '2026-05-03 00:25:10.090273', NULL, 1, 22, 1) ON CONFLICT DO NOTHING;
INSERT INTO public.calendar_sessions (id, academic_hours, created_at, updated_at, session_type_id, topic_id, sequence_number) VALUES (50, 4, '2026-05-03 00:25:14.441417', NULL, 3, 22, 2) ON CONFLICT DO NOTHING;
INSERT INTO public.calendar_sessions (id, academic_hours, created_at, updated_at, session_type_id, topic_id, sequence_number) VALUES (51, 4, '2026-05-03 00:25:22.478916', NULL, 1, 23, 1) ON CONFLICT DO NOTHING;
INSERT INTO public.calendar_sessions (id, academic_hours, created_at, updated_at, session_type_id, topic_id, sequence_number) VALUES (52, 4, '2026-05-03 00:25:31.589929', NULL, 1, 24, 1) ON CONFLICT DO NOTHING;
INSERT INTO public.calendar_sessions (id, academic_hours, created_at, updated_at, session_type_id, topic_id, sequence_number) VALUES (53, 2, '2026-05-03 00:25:44.374334', NULL, 1, 27, 1) ON CONFLICT DO NOTHING;
INSERT INTO public.calendar_sessions (id, academic_hours, created_at, updated_at, session_type_id, topic_id, sequence_number) VALUES (54, 4, '2026-05-03 00:25:56.061905', NULL, 3, 25, 1) ON CONFLICT DO NOTHING;
INSERT INTO public.calendar_sessions (id, academic_hours, created_at, updated_at, session_type_id, topic_id, sequence_number) VALUES (55, 4, '2026-05-03 00:26:07.181878', NULL, 3, 26, 1) ON CONFLICT DO NOTHING;
INSERT INTO public.calendar_sessions (id, academic_hours, created_at, updated_at, session_type_id, topic_id, sequence_number) VALUES (56, 3, '2026-05-03 00:26:21.160721', NULL, 3, 28, 1) ON CONFLICT DO NOTHING;
INSERT INTO public.calendar_sessions (id, academic_hours, created_at, updated_at, session_type_id, topic_id, sequence_number) VALUES (57, 3, '2026-05-03 00:26:33.118759', NULL, 3, 29, 1) ON CONFLICT DO NOTHING;
INSERT INTO public.calendar_sessions (id, academic_hours, created_at, updated_at, session_type_id, topic_id, sequence_number) VALUES (58, 2, '2026-05-03 00:26:44.945133', NULL, 3, 30, 1) ON CONFLICT DO NOTHING;
INSERT INTO public.calendar_sessions (id, academic_hours, created_at, updated_at, session_type_id, topic_id, sequence_number) VALUES (59, 2, '2026-05-03 00:45:33.418535', NULL, 1, 31, 1) ON CONFLICT DO NOTHING;
INSERT INTO public.calendar_sessions (id, academic_hours, created_at, updated_at, session_type_id, topic_id, sequence_number) VALUES (60, 2, '2026-05-03 00:47:41.7455', NULL, 2, 47, 1) ON CONFLICT DO NOTHING;
INSERT INTO public.calendar_sessions (id, academic_hours, created_at, updated_at, session_type_id, topic_id, sequence_number) VALUES (61, 2, '2026-05-03 00:48:09.790245', NULL, 1, 32, 1) ON CONFLICT DO NOTHING;
INSERT INTO public.calendar_sessions (id, academic_hours, created_at, updated_at, session_type_id, topic_id, sequence_number) VALUES (62, 2, '2026-05-03 00:48:26.792863', NULL, 2, 48, 1) ON CONFLICT DO NOTHING;
INSERT INTO public.calendar_sessions (id, academic_hours, created_at, updated_at, session_type_id, topic_id, sequence_number) VALUES (63, 2, '2026-05-03 00:48:53.161536', NULL, 1, 33, 1) ON CONFLICT DO NOTHING;
INSERT INTO public.calendar_sessions (id, academic_hours, created_at, updated_at, session_type_id, topic_id, sequence_number) VALUES (64, 2, '2026-05-03 00:49:10.072665', NULL, 2, 49, 1) ON CONFLICT DO NOTHING;
INSERT INTO public.calendar_sessions (id, academic_hours, created_at, updated_at, session_type_id, topic_id, sequence_number) VALUES (65, 2, '2026-05-03 00:49:33.986124', NULL, 1, 34, 1) ON CONFLICT DO NOTHING;
INSERT INTO public.calendar_sessions (id, academic_hours, created_at, updated_at, session_type_id, topic_id, sequence_number) VALUES (66, 2, '2026-05-03 00:49:41.772531', NULL, 1, 35, 1) ON CONFLICT DO NOTHING;
INSERT INTO public.calendar_sessions (id, academic_hours, created_at, updated_at, session_type_id, topic_id, sequence_number) VALUES (67, 2, '2026-05-03 00:49:47.834622', NULL, 1, 36, 1) ON CONFLICT DO NOTHING;
INSERT INTO public.calendar_sessions (id, academic_hours, created_at, updated_at, session_type_id, topic_id, sequence_number) VALUES (68, 2, '2026-05-03 00:49:51.758606', NULL, 1, 37, 1) ON CONFLICT DO NOTHING;
INSERT INTO public.calendar_sessions (id, academic_hours, created_at, updated_at, session_type_id, topic_id, sequence_number) VALUES (69, 2, '2026-05-03 00:49:58.28565', NULL, 1, 38, 1) ON CONFLICT DO NOTHING;
INSERT INTO public.calendar_sessions (id, academic_hours, created_at, updated_at, session_type_id, topic_id, sequence_number) VALUES (70, 2, '2026-05-03 00:50:08.621092', NULL, 1, 39, 1) ON CONFLICT DO NOTHING;
INSERT INTO public.calendar_sessions (id, academic_hours, created_at, updated_at, session_type_id, topic_id, sequence_number) VALUES (71, 2, '2026-05-03 00:50:16.547667', NULL, 1, 40, 1) ON CONFLICT DO NOTHING;
INSERT INTO public.calendar_sessions (id, academic_hours, created_at, updated_at, session_type_id, topic_id, sequence_number) VALUES (72, 2, '2026-05-03 00:50:31.93397', NULL, 1, 41, 1) ON CONFLICT DO NOTHING;
INSERT INTO public.calendar_sessions (id, academic_hours, created_at, updated_at, session_type_id, topic_id, sequence_number) VALUES (73, 2, '2026-05-03 00:50:36.627854', NULL, 1, 42, 1) ON CONFLICT DO NOTHING;
INSERT INTO public.calendar_sessions (id, academic_hours, created_at, updated_at, session_type_id, topic_id, sequence_number) VALUES (74, 2, '2026-05-03 00:50:41.015187', NULL, 1, 43, 1) ON CONFLICT DO NOTHING;
INSERT INTO public.calendar_sessions (id, academic_hours, created_at, updated_at, session_type_id, topic_id, sequence_number) VALUES (75, 2, '2026-05-03 00:50:54.571709', NULL, 1, 44, 1) ON CONFLICT DO NOTHING;
INSERT INTO public.calendar_sessions (id, academic_hours, created_at, updated_at, session_type_id, topic_id, sequence_number) VALUES (76, 2, '2026-05-03 00:51:07.093017', NULL, 1, 45, 1) ON CONFLICT DO NOTHING;
INSERT INTO public.calendar_sessions (id, academic_hours, created_at, updated_at, session_type_id, topic_id, sequence_number) VALUES (77, 2, '2026-05-03 00:51:13.171809', NULL, 1, 46, 1) ON CONFLICT DO NOTHING;
INSERT INTO public.calendar_sessions (id, academic_hours, created_at, updated_at, session_type_id, topic_id, sequence_number) VALUES (78, 2, '2026-05-03 00:51:47.559297', NULL, 2, 50, 1) ON CONFLICT DO NOTHING;
INSERT INTO public.calendar_sessions (id, academic_hours, created_at, updated_at, session_type_id, topic_id, sequence_number) VALUES (79, 2, '2026-05-03 00:52:19.603573', NULL, 2, 51, 1) ON CONFLICT DO NOTHING;
INSERT INTO public.calendar_sessions (id, academic_hours, created_at, updated_at, session_type_id, topic_id, sequence_number) VALUES (80, 2, '2026-05-03 00:53:24.342023', NULL, 2, 53, 1) ON CONFLICT DO NOTHING;
INSERT INTO public.calendar_sessions (id, academic_hours, created_at, updated_at, session_type_id, topic_id, sequence_number) VALUES (81, 2, '2026-05-03 00:53:58.459868', NULL, 2, 54, 1) ON CONFLICT DO NOTHING;
INSERT INTO public.calendar_sessions (id, academic_hours, created_at, updated_at, session_type_id, topic_id, sequence_number) VALUES (82, 2, '2026-05-03 00:55:02.215031', NULL, 5, 54, 2) ON CONFLICT DO NOTHING;
INSERT INTO public.calendar_sessions (id, academic_hours, created_at, updated_at, session_type_id, topic_id, sequence_number) VALUES (83, 2, '2026-05-03 00:55:36.111225', NULL, 2, 53, 2) ON CONFLICT DO NOTHING;
INSERT INTO public.calendar_sessions (id, academic_hours, created_at, updated_at, session_type_id, topic_id, sequence_number) VALUES (84, 2, '2026-05-03 00:55:52.803428', NULL, 2, 52, 1) ON CONFLICT DO NOTHING;
INSERT INTO public.calendar_sessions (id, academic_hours, created_at, updated_at, session_type_id, topic_id, sequence_number) VALUES (85, 2, '2026-05-03 00:56:21.905847', NULL, 2, 55, 1) ON CONFLICT DO NOTHING;
INSERT INTO public.calendar_sessions (id, academic_hours, created_at, updated_at, session_type_id, topic_id, sequence_number) VALUES (86, 2, '2026-05-03 00:56:59.804226', NULL, 2, 56, 1) ON CONFLICT DO NOTHING;
INSERT INTO public.calendar_sessions (id, academic_hours, created_at, updated_at, session_type_id, topic_id, sequence_number) VALUES (88, 2, '2026-05-03 00:58:57.910467', NULL, 2, 56, 2) ON CONFLICT DO NOTHING;
INSERT INTO public.calendar_sessions (id, academic_hours, created_at, updated_at, session_type_id, topic_id, sequence_number) VALUES (89, 2, '2026-05-03 00:59:17.988153', NULL, 2, 57, 1) ON CONFLICT DO NOTHING;
INSERT INTO public.calendar_sessions (id, academic_hours, created_at, updated_at, session_type_id, topic_id, sequence_number) VALUES (90, 2, '2026-05-03 00:59:47.47834', NULL, 5, 57, 2) ON CONFLICT DO NOTHING;
INSERT INTO public.calendar_sessions (id, academic_hours, created_at, updated_at, session_type_id, topic_id, sequence_number) VALUES (91, 2, '2026-05-03 00:59:50.9743', NULL, 4, 57, 3) ON CONFLICT DO NOTHING;
INSERT INTO public.calendar_sessions (id, academic_hours, created_at, updated_at, session_type_id, topic_id, sequence_number) VALUES (92, 2, '2026-05-03 11:26:22.796408', NULL, 5, 58, 0) ON CONFLICT DO NOTHING;
INSERT INTO public.calendar_sessions (id, academic_hours, created_at, updated_at, session_type_id, topic_id, sequence_number) VALUES (93, 4, '2026-05-03 11:26:22.805534', NULL, 1, 58, 0) ON CONFLICT DO NOTHING;
INSERT INTO public.calendar_sessions (id, academic_hours, created_at, updated_at, session_type_id, topic_id, sequence_number) VALUES (94, 2, '2026-05-03 11:26:22.817418', NULL, 1, 59, 3) ON CONFLICT DO NOTHING;
INSERT INTO public.calendar_sessions (id, academic_hours, created_at, updated_at, session_type_id, topic_id, sequence_number) VALUES (95, 2, '2026-05-03 11:26:22.820685', NULL, 1, 59, 1) ON CONFLICT DO NOTHING;
INSERT INTO public.calendar_sessions (id, academic_hours, created_at, updated_at, session_type_id, topic_id, sequence_number) VALUES (96, 4, '2026-05-03 11:26:22.823303', NULL, 3, 59, 2) ON CONFLICT DO NOTHING;
INSERT INTO public.calendar_sessions (id, academic_hours, created_at, updated_at, session_type_id, topic_id, sequence_number) VALUES (97, 4, '2026-05-03 11:26:22.835873', NULL, 1, 60, 1) ON CONFLICT DO NOTHING;
INSERT INTO public.calendar_sessions (id, academic_hours, created_at, updated_at, session_type_id, topic_id, sequence_number) VALUES (98, 1, '2026-05-03 11:26:22.838597', NULL, 6, 60, 2) ON CONFLICT DO NOTHING;
INSERT INTO public.calendar_sessions (id, academic_hours, created_at, updated_at, session_type_id, topic_id, sequence_number) VALUES (99, 2, '2026-05-03 11:26:22.840373', NULL, 1, 60, 3) ON CONFLICT DO NOTHING;
INSERT INTO public.calendar_sessions (id, academic_hours, created_at, updated_at, session_type_id, topic_id, sequence_number) VALUES (111, 2, '2026-05-03 12:22:50.2968', NULL, 1, 72, 1) ON CONFLICT DO NOTHING;
INSERT INTO public.calendar_sessions (id, academic_hours, created_at, updated_at, session_type_id, topic_id, sequence_number) VALUES (112, 2, '2026-05-03 12:22:50.303917', NULL, 1, 73, 1) ON CONFLICT DO NOTHING;
INSERT INTO public.calendar_sessions (id, academic_hours, created_at, updated_at, session_type_id, topic_id, sequence_number) VALUES (113, 2, '2026-05-03 12:22:50.310931', NULL, 1, 74, 1) ON CONFLICT DO NOTHING;
INSERT INTO public.calendar_sessions (id, academic_hours, created_at, updated_at, session_type_id, topic_id, sequence_number) VALUES (114, 2, '2026-05-03 12:22:50.316823', NULL, 1, 75, 1) ON CONFLICT DO NOTHING;
INSERT INTO public.calendar_sessions (id, academic_hours, created_at, updated_at, session_type_id, topic_id, sequence_number) VALUES (115, 2, '2026-05-03 12:22:50.325959', NULL, 1, 76, 1) ON CONFLICT DO NOTHING;
INSERT INTO public.calendar_sessions (id, academic_hours, created_at, updated_at, session_type_id, topic_id, sequence_number) VALUES (116, 2, '2026-05-03 12:22:50.332459', NULL, 1, 77, 1) ON CONFLICT DO NOTHING;
INSERT INTO public.calendar_sessions (id, academic_hours, created_at, updated_at, session_type_id, topic_id, sequence_number) VALUES (117, 2, '2026-05-03 12:22:50.339023', NULL, 1, 78, 1) ON CONFLICT DO NOTHING;
INSERT INTO public.calendar_sessions (id, academic_hours, created_at, updated_at, session_type_id, topic_id, sequence_number) VALUES (118, 2, '2026-05-03 12:22:50.346005', NULL, 1, 79, 1) ON CONFLICT DO NOTHING;
INSERT INTO public.calendar_sessions (id, academic_hours, created_at, updated_at, session_type_id, topic_id, sequence_number) VALUES (119, 2, '2026-05-03 12:22:50.353465', NULL, 1, 80, 1) ON CONFLICT DO NOTHING;
INSERT INTO public.calendar_sessions (id, academic_hours, created_at, updated_at, session_type_id, topic_id, sequence_number) VALUES (120, 2, '2026-05-03 12:22:50.360729', NULL, 2, 81, 1) ON CONFLICT DO NOTHING;
INSERT INTO public.calendar_sessions (id, academic_hours, created_at, updated_at, session_type_id, topic_id, sequence_number) VALUES (121, 2, '2026-05-03 12:22:50.367182', NULL, 2, 82, 1) ON CONFLICT DO NOTHING;
INSERT INTO public.calendar_sessions (id, academic_hours, created_at, updated_at, session_type_id, topic_id, sequence_number) VALUES (122, 2, '2026-05-03 12:22:50.373702', NULL, 2, 83, 1) ON CONFLICT DO NOTHING;
INSERT INTO public.calendar_sessions (id, academic_hours, created_at, updated_at, session_type_id, topic_id, sequence_number) VALUES (123, 2, '2026-05-03 12:22:50.380764', NULL, 2, 84, 1) ON CONFLICT DO NOTHING;
INSERT INTO public.calendar_sessions (id, academic_hours, created_at, updated_at, session_type_id, topic_id, sequence_number) VALUES (124, 2, '2026-05-03 12:22:50.386674', NULL, 2, 85, 1) ON CONFLICT DO NOTHING;
INSERT INTO public.calendar_sessions (id, academic_hours, created_at, updated_at, session_type_id, topic_id, sequence_number) VALUES (125, 2, '2026-05-03 12:22:50.393319', NULL, 2, 86, 1) ON CONFLICT DO NOTHING;
INSERT INTO public.calendar_sessions (id, academic_hours, created_at, updated_at, session_type_id, topic_id, sequence_number) VALUES (126, 2, '2026-05-03 12:22:50.40039', NULL, 2, 87, 1) ON CONFLICT DO NOTHING;
INSERT INTO public.calendar_sessions (id, academic_hours, created_at, updated_at, session_type_id, topic_id, sequence_number) VALUES (127, 2, '2026-05-03 12:22:50.401989', NULL, 2, 87, 2) ON CONFLICT DO NOTHING;
INSERT INTO public.calendar_sessions (id, academic_hours, created_at, updated_at, session_type_id, topic_id, sequence_number) VALUES (128, 2, '2026-05-03 12:22:50.409014', NULL, 2, 88, 1) ON CONFLICT DO NOTHING;
INSERT INTO public.calendar_sessions (id, academic_hours, created_at, updated_at, session_type_id, topic_id, sequence_number) VALUES (129, 2, '2026-05-03 12:22:50.410089', NULL, 5, 88, 2) ON CONFLICT DO NOTHING;
INSERT INTO public.calendar_sessions (id, academic_hours, created_at, updated_at, session_type_id, topic_id, sequence_number) VALUES (130, 2, '2026-05-03 12:22:50.416274', NULL, 2, 89, 1) ON CONFLICT DO NOTHING;
INSERT INTO public.calendar_sessions (id, academic_hours, created_at, updated_at, session_type_id, topic_id, sequence_number) VALUES (131, 2, '2026-05-03 12:22:50.424264', NULL, 2, 90, 1) ON CONFLICT DO NOTHING;
INSERT INTO public.calendar_sessions (id, academic_hours, created_at, updated_at, session_type_id, topic_id, sequence_number) VALUES (132, 2, '2026-05-03 12:22:50.425899', NULL, 2, 90, 2) ON CONFLICT DO NOTHING;
INSERT INTO public.calendar_sessions (id, academic_hours, created_at, updated_at, session_type_id, topic_id, sequence_number) VALUES (133, 2, '2026-05-03 12:22:50.434013', NULL, 2, 91, 1) ON CONFLICT DO NOTHING;
INSERT INTO public.calendar_sessions (id, academic_hours, created_at, updated_at, session_type_id, topic_id, sequence_number) VALUES (134, 2, '2026-05-03 12:22:50.435712', NULL, 5, 91, 2) ON CONFLICT DO NOTHING;
INSERT INTO public.calendar_sessions (id, academic_hours, created_at, updated_at, session_type_id, topic_id, sequence_number) VALUES (135, 2, '2026-05-03 12:22:50.43732', NULL, 4, 91, 3) ON CONFLICT DO NOTHING;
INSERT INTO public.calendar_sessions (id, academic_hours, created_at, updated_at, session_type_id, topic_id, sequence_number) VALUES (139, 2, '2026-05-03 12:40:57.011125', NULL, 1, 93, 1) ON CONFLICT DO NOTHING;
INSERT INTO public.calendar_sessions (id, academic_hours, created_at, updated_at, session_type_id, topic_id, sequence_number) VALUES (140, 4, '2026-05-03 12:40:57.01269', NULL, 3, 93, 2) ON CONFLICT DO NOTHING;
INSERT INTO public.calendar_sessions (id, academic_hours, created_at, updated_at, session_type_id, topic_id, sequence_number) VALUES (145, 2, '2026-05-03 12:40:57.040711', NULL, 2, 96, 2) ON CONFLICT DO NOTHING;
INSERT INTO public.calendar_sessions (id, academic_hours, created_at, updated_at, session_type_id, topic_id, sequence_number) VALUES (143, 2, '2026-05-03 12:40:57.022617', NULL, 1, 94, 1) ON CONFLICT DO NOTHING;
INSERT INTO public.calendar_sessions (id, academic_hours, created_at, updated_at, session_type_id, topic_id, sequence_number) VALUES (144, 4, '2026-05-03 12:40:57.031692', NULL, 2, 95, 1) ON CONFLICT DO NOTHING;
INSERT INTO public.calendar_sessions (id, academic_hours, created_at, updated_at, session_type_id, topic_id, sequence_number) VALUES (136, 2, '2026-05-03 12:40:56.996441', NULL, 5, 92, 2) ON CONFLICT DO NOTHING;
INSERT INTO public.calendar_sessions (id, academic_hours, created_at, updated_at, session_type_id, topic_id, sequence_number) VALUES (142, 2, '2026-05-03 12:40:57.021457', NULL, 6, 94, 2) ON CONFLICT DO NOTHING;
INSERT INTO public.calendar_sessions (id, academic_hours, created_at, updated_at, session_type_id, topic_id, sequence_number) VALUES (11, 2, '2026-04-14 23:33:12.602218', NULL, 1, 4, 1) ON CONFLICT DO NOTHING;
INSERT INTO public.calendar_sessions (id, academic_hours, created_at, updated_at, session_type_id, topic_id, sequence_number) VALUES (148, 2, '2026-05-03 12:56:57.558902', NULL, 1, 2, 1) ON CONFLICT DO NOTHING;
INSERT INTO public.calendar_sessions (id, academic_hours, created_at, updated_at, session_type_id, topic_id, sequence_number) VALUES (149, 2, '2026-05-03 12:58:46.518213', NULL, 1, 1, 1) ON CONFLICT DO NOTHING;
INSERT INTO public.calendar_sessions (id, academic_hours, created_at, updated_at, session_type_id, topic_id, sequence_number) VALUES (150, 2, '2026-05-03 12:58:58.235586', NULL, 2, 4, 2) ON CONFLICT DO NOTHING;
INSERT INTO public.calendar_sessions (id, academic_hours, created_at, updated_at, session_type_id, topic_id, sequence_number) VALUES (151, 2, '2026-05-03 12:59:09.365879', NULL, 2, 5, 1) ON CONFLICT DO NOTHING;
INSERT INTO public.calendar_sessions (id, academic_hours, created_at, updated_at, session_type_id, topic_id, sequence_number) VALUES (152, 2, '2026-05-03 12:59:25.105413', NULL, 5, 8, 2) ON CONFLICT DO NOTHING;
INSERT INTO public.calendar_sessions (id, academic_hours, created_at, updated_at, session_type_id, topic_id, sequence_number) VALUES (153, 2, '2026-05-03 13:10:40.499983', NULL, 1, 97, 1) ON CONFLICT DO NOTHING;
INSERT INTO public.calendar_sessions (id, academic_hours, created_at, updated_at, session_type_id, topic_id, sequence_number) VALUES (154, 2, '2026-05-03 13:10:53.576727', NULL, 1, 96, 1) ON CONFLICT DO NOTHING;
INSERT INTO public.calendar_sessions (id, academic_hours, created_at, updated_at, session_type_id, topic_id, sequence_number) VALUES (155, 2, '2026-05-03 13:11:08.068543', NULL, 1, 98, 1) ON CONFLICT DO NOTHING;
INSERT INTO public.calendar_sessions (id, academic_hours, created_at, updated_at, session_type_id, topic_id, sequence_number) VALUES (147, 4, '2026-05-03 12:40:57.061851', NULL, 2, 98, 2) ON CONFLICT DO NOTHING;
INSERT INTO public.calendar_sessions (id, academic_hours, created_at, updated_at, session_type_id, topic_id, sequence_number) VALUES (156, 4, '2026-05-03 13:11:30.493245', NULL, 2, 92, 1) ON CONFLICT DO NOTHING;
INSERT INTO public.calendar_sessions (id, academic_hours, created_at, updated_at, session_type_id, topic_id, sequence_number) VALUES (157, 2, '2026-05-03 15:15:03.499649', NULL, 2, 105, 1) ON CONFLICT DO NOTHING;
INSERT INTO public.calendar_sessions (id, academic_hours, created_at, updated_at, session_type_id, topic_id, sequence_number) VALUES (158, 2, '2026-05-03 15:15:03.506574', NULL, 2, 105, 3) ON CONFLICT DO NOTHING;
INSERT INTO public.calendar_sessions (id, academic_hours, created_at, updated_at, session_type_id, topic_id, sequence_number) VALUES (159, 4, '2026-05-03 15:15:03.516902', NULL, 2, 106, 1) ON CONFLICT DO NOTHING;
INSERT INTO public.calendar_sessions (id, academic_hours, created_at, updated_at, session_type_id, topic_id, sequence_number) VALUES (160, 2, '2026-05-03 15:15:03.519587', NULL, 5, 106, 2) ON CONFLICT DO NOTHING;
INSERT INTO public.calendar_sessions (id, academic_hours, created_at, updated_at, session_type_id, topic_id, sequence_number) VALUES (161, 4, '2026-05-03 15:15:03.527745', NULL, 2, 107, 1) ON CONFLICT DO NOTHING;
INSERT INTO public.calendar_sessions (id, academic_hours, created_at, updated_at, session_type_id, topic_id, sequence_number) VALUES (162, 2, '2026-05-03 15:15:03.530483', NULL, 5, 107, 2) ON CONFLICT DO NOTHING;
INSERT INTO public.calendar_sessions (id, academic_hours, created_at, updated_at, session_type_id, topic_id, sequence_number) VALUES (163, 4, '2026-05-03 15:15:03.537757', NULL, 2, 108, 1) ON CONFLICT DO NOTHING;
INSERT INTO public.calendar_sessions (id, academic_hours, created_at, updated_at, session_type_id, topic_id, sequence_number) VALUES (164, 2, '2026-05-03 15:15:03.540294', NULL, 5, 108, 2) ON CONFLICT DO NOTHING;
INSERT INTO public.calendar_sessions (id, academic_hours, created_at, updated_at, session_type_id, topic_id, sequence_number) VALUES (165, 2, '2026-05-03 15:15:03.54946', NULL, 2, 109, 1) ON CONFLICT DO NOTHING;
INSERT INTO public.calendar_sessions (id, academic_hours, created_at, updated_at, session_type_id, topic_id, sequence_number) VALUES (166, 6, '2026-05-03 15:15:03.551631', NULL, 7, 109, 2) ON CONFLICT DO NOTHING;
INSERT INTO public.calendar_sessions (id, academic_hours, created_at, updated_at, session_type_id, topic_id, sequence_number) VALUES (167, 2, '2026-05-03 15:17:53.317923', NULL, 2, 110, 1) ON CONFLICT DO NOTHING;
INSERT INTO public.calendar_sessions (id, academic_hours, created_at, updated_at, session_type_id, topic_id, sequence_number) VALUES (168, 2, '2026-05-03 15:17:53.323411', NULL, 2, 110, 3) ON CONFLICT DO NOTHING;
INSERT INTO public.calendar_sessions (id, academic_hours, created_at, updated_at, session_type_id, topic_id, sequence_number) VALUES (169, 4, '2026-05-03 15:17:53.336847', NULL, 2, 111, 1) ON CONFLICT DO NOTHING;
INSERT INTO public.calendar_sessions (id, academic_hours, created_at, updated_at, session_type_id, topic_id, sequence_number) VALUES (170, 2, '2026-05-03 15:17:53.340109', NULL, 5, 111, 2) ON CONFLICT DO NOTHING;
INSERT INTO public.calendar_sessions (id, academic_hours, created_at, updated_at, session_type_id, topic_id, sequence_number) VALUES (171, 4, '2026-05-03 15:17:53.351148', NULL, 2, 112, 1) ON CONFLICT DO NOTHING;
INSERT INTO public.calendar_sessions (id, academic_hours, created_at, updated_at, session_type_id, topic_id, sequence_number) VALUES (172, 2, '2026-05-03 15:17:53.353905', NULL, 5, 112, 2) ON CONFLICT DO NOTHING;
INSERT INTO public.calendar_sessions (id, academic_hours, created_at, updated_at, session_type_id, topic_id, sequence_number) VALUES (173, 4, '2026-05-03 15:17:53.362539', NULL, 2, 113, 1) ON CONFLICT DO NOTHING;
INSERT INTO public.calendar_sessions (id, academic_hours, created_at, updated_at, session_type_id, topic_id, sequence_number) VALUES (174, 2, '2026-05-03 15:17:53.364656', NULL, 5, 113, 2) ON CONFLICT DO NOTHING;
INSERT INTO public.calendar_sessions (id, academic_hours, created_at, updated_at, session_type_id, topic_id, sequence_number) VALUES (175, 2, '2026-05-03 15:17:53.379019', NULL, 2, 114, 1) ON CONFLICT DO NOTHING;
INSERT INTO public.calendar_sessions (id, academic_hours, created_at, updated_at, session_type_id, topic_id, sequence_number) VALUES (176, 6, '2026-05-03 15:17:53.382792', NULL, 7, 114, 2) ON CONFLICT DO NOTHING;
INSERT INTO public.calendar_sessions (id, academic_hours, created_at, updated_at, session_type_id, topic_id, sequence_number) VALUES (177, 2, '2026-05-03 15:33:32.684933', NULL, 1, 115, 1) ON CONFLICT DO NOTHING;
INSERT INTO public.calendar_sessions (id, academic_hours, created_at, updated_at, session_type_id, topic_id, sequence_number) VALUES (178, 4, '2026-05-03 15:33:32.689513', NULL, 3, 115, 2) ON CONFLICT DO NOTHING;
INSERT INTO public.calendar_sessions (id, academic_hours, created_at, updated_at, session_type_id, topic_id, sequence_number) VALUES (179, 4, '2026-05-03 15:33:32.697354', NULL, 1, 116, 1) ON CONFLICT DO NOTHING;
INSERT INTO public.calendar_sessions (id, academic_hours, created_at, updated_at, session_type_id, topic_id, sequence_number) VALUES (180, 4, '2026-05-03 15:33:32.705323', NULL, 1, 117, 1) ON CONFLICT DO NOTHING;
INSERT INTO public.calendar_sessions (id, academic_hours, created_at, updated_at, session_type_id, topic_id, sequence_number) VALUES (181, 4, '2026-05-03 15:33:32.710646', NULL, 3, 118, 1) ON CONFLICT DO NOTHING;
INSERT INTO public.calendar_sessions (id, academic_hours, created_at, updated_at, session_type_id, topic_id, sequence_number) VALUES (182, 4, '2026-05-03 15:33:32.716115', NULL, 3, 119, 1) ON CONFLICT DO NOTHING;
INSERT INTO public.calendar_sessions (id, academic_hours, created_at, updated_at, session_type_id, topic_id, sequence_number) VALUES (183, 2, '2026-05-03 15:33:32.721175', NULL, 1, 120, 1) ON CONFLICT DO NOTHING;
INSERT INTO public.calendar_sessions (id, academic_hours, created_at, updated_at, session_type_id, topic_id, sequence_number) VALUES (184, 3, '2026-05-03 15:33:32.725972', NULL, 3, 121, 1) ON CONFLICT DO NOTHING;
INSERT INTO public.calendar_sessions (id, academic_hours, created_at, updated_at, session_type_id, topic_id, sequence_number) VALUES (185, 3, '2026-05-03 15:33:32.73148', NULL, 3, 122, 1) ON CONFLICT DO NOTHING;
INSERT INTO public.calendar_sessions (id, academic_hours, created_at, updated_at, session_type_id, topic_id, sequence_number) VALUES (186, 2, '2026-05-03 15:33:32.736939', NULL, 3, 123, 1) ON CONFLICT DO NOTHING;
INSERT INTO public.calendar_sessions (id, academic_hours, created_at, updated_at, session_type_id, topic_id, sequence_number) VALUES (187, 2, '2026-05-03 15:48:43.348992', NULL, 2, 124, 1) ON CONFLICT DO NOTHING;
INSERT INTO public.calendar_sessions (id, academic_hours, created_at, updated_at, session_type_id, topic_id, sequence_number) VALUES (188, 2, '2026-05-03 15:48:43.357107', NULL, 2, 124, 3) ON CONFLICT DO NOTHING;
INSERT INTO public.calendar_sessions (id, academic_hours, created_at, updated_at, session_type_id, topic_id, sequence_number) VALUES (189, 4, '2026-05-03 15:48:43.367305', NULL, 2, 125, 1) ON CONFLICT DO NOTHING;
INSERT INTO public.calendar_sessions (id, academic_hours, created_at, updated_at, session_type_id, topic_id, sequence_number) VALUES (190, 2, '2026-05-03 15:48:43.36959', NULL, 5, 125, 2) ON CONFLICT DO NOTHING;
INSERT INTO public.calendar_sessions (id, academic_hours, created_at, updated_at, session_type_id, topic_id, sequence_number) VALUES (191, 4, '2026-05-03 15:48:43.379933', NULL, 2, 126, 1) ON CONFLICT DO NOTHING;
INSERT INTO public.calendar_sessions (id, academic_hours, created_at, updated_at, session_type_id, topic_id, sequence_number) VALUES (192, 2, '2026-05-03 15:48:43.382649', NULL, 5, 126, 2) ON CONFLICT DO NOTHING;
INSERT INTO public.calendar_sessions (id, academic_hours, created_at, updated_at, session_type_id, topic_id, sequence_number) VALUES (193, 4, '2026-05-03 15:48:43.393492', NULL, 2, 127, 1) ON CONFLICT DO NOTHING;
INSERT INTO public.calendar_sessions (id, academic_hours, created_at, updated_at, session_type_id, topic_id, sequence_number) VALUES (194, 2, '2026-05-03 15:48:43.395612', NULL, 5, 127, 2) ON CONFLICT DO NOTHING;
INSERT INTO public.calendar_sessions (id, academic_hours, created_at, updated_at, session_type_id, topic_id, sequence_number) VALUES (195, 2, '2026-05-03 15:48:43.405877', NULL, 2, 128, 1) ON CONFLICT DO NOTHING;
INSERT INTO public.calendar_sessions (id, academic_hours, created_at, updated_at, session_type_id, topic_id, sequence_number) VALUES (196, 6, '2026-05-03 15:48:43.408342', NULL, 7, 128, 2) ON CONFLICT DO NOTHING;
INSERT INTO public.calendar_sessions (id, academic_hours, created_at, updated_at, session_type_id, topic_id, sequence_number) VALUES (197, 1, '2026-05-14 12:42:02.51312', NULL, 2, 129, 2) ON CONFLICT DO NOTHING;
INSERT INTO public.calendar_sessions (id, academic_hours, created_at, updated_at, session_type_id, topic_id, sequence_number) VALUES (198, 2, '2026-05-14 12:42:02.521976', NULL, 1, 129, 1) ON CONFLICT DO NOTHING;
INSERT INTO public.calendar_sessions (id, academic_hours, created_at, updated_at, session_type_id, topic_id, sequence_number) VALUES (199, 1, '2026-05-14 12:42:02.530014', NULL, 2, 130, 2) ON CONFLICT DO NOTHING;
INSERT INTO public.calendar_sessions (id, academic_hours, created_at, updated_at, session_type_id, topic_id, sequence_number) VALUES (200, 2, '2026-05-14 12:42:02.532711', NULL, 1, 130, 1) ON CONFLICT DO NOTHING;
INSERT INTO public.calendar_sessions (id, academic_hours, created_at, updated_at, session_type_id, topic_id, sequence_number) VALUES (201, 4, '2026-05-14 12:42:02.5416', NULL, 2, 131, 2) ON CONFLICT DO NOTHING;
INSERT INTO public.calendar_sessions (id, academic_hours, created_at, updated_at, session_type_id, topic_id, sequence_number) VALUES (202, 4, '2026-05-14 12:42:02.544294', NULL, 1, 131, 1) ON CONFLICT DO NOTHING;
INSERT INTO public.calendar_sessions (id, academic_hours, created_at, updated_at, session_type_id, topic_id, sequence_number) VALUES (203, 1, '2026-05-14 12:42:02.552529', NULL, 2, 132, 2) ON CONFLICT DO NOTHING;
INSERT INTO public.calendar_sessions (id, academic_hours, created_at, updated_at, session_type_id, topic_id, sequence_number) VALUES (204, 2, '2026-05-14 12:42:02.554177', NULL, 5, 132, 3) ON CONFLICT DO NOTHING;
INSERT INTO public.calendar_sessions (id, academic_hours, created_at, updated_at, session_type_id, topic_id, sequence_number) VALUES (205, 2, '2026-05-14 12:42:02.557854', NULL, 1, 132, 1) ON CONFLICT DO NOTHING;
INSERT INTO public.calendar_sessions (id, academic_hours, created_at, updated_at, session_type_id, topic_id, sequence_number) VALUES (206, 1, '2026-05-14 12:42:02.570599', NULL, 2, 133, 2) ON CONFLICT DO NOTHING;
INSERT INTO public.calendar_sessions (id, academic_hours, created_at, updated_at, session_type_id, topic_id, sequence_number) VALUES (207, 2, '2026-05-14 12:42:02.57605', NULL, 1, 133, 1) ON CONFLICT DO NOTHING;
INSERT INTO public.calendar_sessions (id, academic_hours, created_at, updated_at, session_type_id, topic_id, sequence_number) VALUES (208, 2, '2026-05-14 12:42:02.590395', NULL, 1, 134, 1) ON CONFLICT DO NOTHING;
INSERT INTO public.calendar_sessions (id, academic_hours, created_at, updated_at, session_type_id, topic_id, sequence_number) VALUES (209, 2, '2026-05-14 12:42:02.592751', NULL, 2, 134, 2) ON CONFLICT DO NOTHING;
INSERT INTO public.calendar_sessions (id, academic_hours, created_at, updated_at, session_type_id, topic_id, sequence_number) VALUES (210, 2, '2026-05-14 12:42:02.607059', NULL, 5, 135, 3) ON CONFLICT DO NOTHING;
INSERT INTO public.calendar_sessions (id, academic_hours, created_at, updated_at, session_type_id, topic_id, sequence_number) VALUES (211, 2, '2026-05-14 12:42:02.610215', NULL, 1, 135, 1) ON CONFLICT DO NOTHING;
INSERT INTO public.calendar_sessions (id, academic_hours, created_at, updated_at, session_type_id, topic_id, sequence_number) VALUES (212, 2, '2026-05-14 12:42:02.623434', NULL, 2, 136, 2) ON CONFLICT DO NOTHING;
INSERT INTO public.calendar_sessions (id, academic_hours, created_at, updated_at, session_type_id, topic_id, sequence_number) VALUES (213, 1, '2026-05-21 21:48:42.396295', NULL, 2, 143, 2) ON CONFLICT DO NOTHING;
INSERT INTO public.calendar_sessions (id, academic_hours, created_at, updated_at, session_type_id, topic_id, sequence_number) VALUES (214, 2, '2026-05-21 21:48:42.404792', NULL, 1, 143, 1) ON CONFLICT DO NOTHING;
INSERT INTO public.calendar_sessions (id, academic_hours, created_at, updated_at, session_type_id, topic_id, sequence_number) VALUES (215, 1, '2026-05-21 21:48:42.41059', NULL, 2, 144, 2) ON CONFLICT DO NOTHING;
INSERT INTO public.calendar_sessions (id, academic_hours, created_at, updated_at, session_type_id, topic_id, sequence_number) VALUES (216, 2, '2026-05-21 21:48:42.41216', NULL, 1, 144, 1) ON CONFLICT DO NOTHING;
INSERT INTO public.calendar_sessions (id, academic_hours, created_at, updated_at, session_type_id, topic_id, sequence_number) VALUES (217, 4, '2026-05-21 21:48:42.418209', NULL, 2, 145, 2) ON CONFLICT DO NOTHING;
INSERT INTO public.calendar_sessions (id, academic_hours, created_at, updated_at, session_type_id, topic_id, sequence_number) VALUES (218, 4, '2026-05-21 21:48:42.420868', NULL, 1, 145, 1) ON CONFLICT DO NOTHING;
INSERT INTO public.calendar_sessions (id, academic_hours, created_at, updated_at, session_type_id, topic_id, sequence_number) VALUES (219, 1, '2026-05-21 21:48:42.426717', NULL, 2, 146, 2) ON CONFLICT DO NOTHING;
INSERT INTO public.calendar_sessions (id, academic_hours, created_at, updated_at, session_type_id, topic_id, sequence_number) VALUES (220, 2, '2026-05-21 21:48:42.428316', NULL, 5, 146, 3) ON CONFLICT DO NOTHING;
INSERT INTO public.calendar_sessions (id, academic_hours, created_at, updated_at, session_type_id, topic_id, sequence_number) VALUES (221, 2, '2026-05-21 21:48:42.429386', NULL, 1, 146, 1) ON CONFLICT DO NOTHING;
INSERT INTO public.calendar_sessions (id, academic_hours, created_at, updated_at, session_type_id, topic_id, sequence_number) VALUES (222, 1, '2026-05-21 21:48:42.435309', NULL, 2, 147, 2) ON CONFLICT DO NOTHING;
INSERT INTO public.calendar_sessions (id, academic_hours, created_at, updated_at, session_type_id, topic_id, sequence_number) VALUES (223, 2, '2026-05-21 21:48:42.437873', NULL, 1, 147, 1) ON CONFLICT DO NOTHING;
INSERT INTO public.calendar_sessions (id, academic_hours, created_at, updated_at, session_type_id, topic_id, sequence_number) VALUES (224, 2, '2026-05-21 21:48:42.444272', NULL, 1, 148, 1) ON CONFLICT DO NOTHING;
INSERT INTO public.calendar_sessions (id, academic_hours, created_at, updated_at, session_type_id, topic_id, sequence_number) VALUES (225, 2, '2026-05-21 21:48:42.44537', NULL, 2, 148, 2) ON CONFLICT DO NOTHING;
INSERT INTO public.calendar_sessions (id, academic_hours, created_at, updated_at, session_type_id, topic_id, sequence_number) VALUES (226, 2, '2026-05-21 21:48:42.452323', NULL, 5, 149, 3) ON CONFLICT DO NOTHING;
INSERT INTO public.calendar_sessions (id, academic_hours, created_at, updated_at, session_type_id, topic_id, sequence_number) VALUES (227, 2, '2026-05-21 21:48:42.45447', NULL, 1, 149, 1) ON CONFLICT DO NOTHING;
INSERT INTO public.calendar_sessions (id, academic_hours, created_at, updated_at, session_type_id, topic_id, sequence_number) VALUES (228, 2, '2026-05-21 21:48:42.462394', NULL, 2, 150, 2) ON CONFLICT DO NOTHING;
INSERT INTO public.calendar_sessions (id, academic_hours, created_at, updated_at, session_type_id, topic_id, sequence_number) VALUES (229, 2, '2026-05-21 23:02:58.477546', NULL, 2, 151, 1) ON CONFLICT DO NOTHING;
INSERT INTO public.calendar_sessions (id, academic_hours, created_at, updated_at, session_type_id, topic_id, sequence_number) VALUES (230, 2, '2026-05-21 23:02:58.482389', NULL, 2, 151, 3) ON CONFLICT DO NOTHING;
INSERT INTO public.calendar_sessions (id, academic_hours, created_at, updated_at, session_type_id, topic_id, sequence_number) VALUES (231, 4, '2026-05-21 23:02:58.490418', NULL, 2, 152, 1) ON CONFLICT DO NOTHING;
INSERT INTO public.calendar_sessions (id, academic_hours, created_at, updated_at, session_type_id, topic_id, sequence_number) VALUES (232, 2, '2026-05-21 23:02:58.492012', NULL, 5, 152, 2) ON CONFLICT DO NOTHING;
INSERT INTO public.calendar_sessions (id, academic_hours, created_at, updated_at, session_type_id, topic_id, sequence_number) VALUES (233, 4, '2026-05-21 23:02:58.498711', NULL, 2, 153, 1) ON CONFLICT DO NOTHING;
INSERT INTO public.calendar_sessions (id, academic_hours, created_at, updated_at, session_type_id, topic_id, sequence_number) VALUES (234, 2, '2026-05-21 23:02:58.501414', NULL, 5, 153, 2) ON CONFLICT DO NOTHING;
INSERT INTO public.calendar_sessions (id, academic_hours, created_at, updated_at, session_type_id, topic_id, sequence_number) VALUES (235, 4, '2026-05-21 23:02:58.508492', NULL, 2, 154, 1) ON CONFLICT DO NOTHING;
INSERT INTO public.calendar_sessions (id, academic_hours, created_at, updated_at, session_type_id, topic_id, sequence_number) VALUES (236, 2, '2026-05-21 23:02:58.510067', NULL, 5, 154, 2) ON CONFLICT DO NOTHING;
INSERT INTO public.calendar_sessions (id, academic_hours, created_at, updated_at, session_type_id, topic_id, sequence_number) VALUES (237, 2, '2026-05-21 23:02:58.517153', NULL, 2, 155, 1) ON CONFLICT DO NOTHING;
INSERT INTO public.calendar_sessions (id, academic_hours, created_at, updated_at, session_type_id, topic_id, sequence_number) VALUES (238, 6, '2026-05-21 23:02:58.5193', NULL, 7, 155, 2) ON CONFLICT DO NOTHING;
INSERT INTO public.calendar_sessions (id, academic_hours, created_at, updated_at, session_type_id, topic_id, sequence_number) VALUES (239, 2, '2026-05-21 23:04:32.692496', NULL, 2, 156, 1) ON CONFLICT DO NOTHING;
INSERT INTO public.calendar_sessions (id, academic_hours, created_at, updated_at, session_type_id, topic_id, sequence_number) VALUES (240, 2, '2026-05-21 23:04:32.698569', NULL, 2, 156, 3) ON CONFLICT DO NOTHING;
INSERT INTO public.calendar_sessions (id, academic_hours, created_at, updated_at, session_type_id, topic_id, sequence_number) VALUES (241, 4, '2026-05-21 23:04:32.707242', NULL, 2, 157, 1) ON CONFLICT DO NOTHING;
INSERT INTO public.calendar_sessions (id, academic_hours, created_at, updated_at, session_type_id, topic_id, sequence_number) VALUES (242, 2, '2026-05-21 23:04:32.708804', NULL, 5, 157, 2) ON CONFLICT DO NOTHING;
INSERT INTO public.calendar_sessions (id, academic_hours, created_at, updated_at, session_type_id, topic_id, sequence_number) VALUES (243, 4, '2026-05-21 23:04:32.716719', NULL, 2, 158, 1) ON CONFLICT DO NOTHING;
INSERT INTO public.calendar_sessions (id, academic_hours, created_at, updated_at, session_type_id, topic_id, sequence_number) VALUES (244, 2, '2026-05-21 23:04:32.719441', NULL, 5, 158, 2) ON CONFLICT DO NOTHING;
INSERT INTO public.calendar_sessions (id, academic_hours, created_at, updated_at, session_type_id, topic_id, sequence_number) VALUES (245, 4, '2026-05-21 23:04:32.725319', NULL, 2, 159, 1) ON CONFLICT DO NOTHING;
INSERT INTO public.calendar_sessions (id, academic_hours, created_at, updated_at, session_type_id, topic_id, sequence_number) VALUES (246, 2, '2026-05-21 23:04:32.727491', NULL, 5, 159, 2) ON CONFLICT DO NOTHING;
INSERT INTO public.calendar_sessions (id, academic_hours, created_at, updated_at, session_type_id, topic_id, sequence_number) VALUES (247, 2, '2026-05-21 23:04:32.735143', NULL, 2, 160, 1) ON CONFLICT DO NOTHING;
INSERT INTO public.calendar_sessions (id, academic_hours, created_at, updated_at, session_type_id, topic_id, sequence_number) VALUES (248, 6, '2026-05-21 23:04:32.736761', NULL, 7, 160, 2) ON CONFLICT DO NOTHING;
INSERT INTO public.course_assessment_distribution (id, created_at, percentage, updated_at, component_id, course_info_id, created_by, updated_by, display_order) VALUES (14, '2026-04-19 04:06:58.26268', 10, NULL, 3, 'c2cb8133-dbca-42a5-82a2-defff0662094', NULL, NULL, 0) ON CONFLICT DO NOTHING;
INSERT INTO public.course_assessment_distribution (id, created_at, percentage, updated_at, component_id, course_info_id, created_by, updated_by, display_order) VALUES (15, '2026-04-19 04:06:58.30806', 10, NULL, 1, 'c2cb8133-dbca-42a5-82a2-defff0662094', NULL, NULL, 1) ON CONFLICT DO NOTHING;
INSERT INTO public.course_assessment_distribution (id, created_at, percentage, updated_at, component_id, course_info_id, created_by, updated_by, display_order) VALUES (16, '2026-04-19 04:06:58.327375', 30, NULL, 8, 'c2cb8133-dbca-42a5-82a2-defff0662094', NULL, NULL, 2) ON CONFLICT DO NOTHING;
INSERT INTO public.course_assessment_distribution (id, created_at, percentage, updated_at, component_id, course_info_id, created_by, updated_by, display_order) VALUES (18, '2026-04-23 15:51:31.543179', 50, NULL, 5, 'c2cb8133-dbca-42a5-82a2-defff0662094', NULL, NULL, 3) ON CONFLICT DO NOTHING;
INSERT INTO public.course_assessment_distribution (id, created_at, percentage, updated_at, component_id, course_info_id, created_by, updated_by, display_order) VALUES (19, '2026-05-03 00:11:29.107583', 25, NULL, 3, 'b8e12532-459d-4dba-bcc8-f3385c06f0b5', NULL, NULL, 0) ON CONFLICT DO NOTHING;
INSERT INTO public.course_assessment_distribution (id, created_at, percentage, updated_at, component_id, course_info_id, created_by, updated_by, display_order) VALUES (20, '2026-05-03 00:11:29.156893', 25, NULL, 8, 'b8e12532-459d-4dba-bcc8-f3385c06f0b5', NULL, NULL, 1) ON CONFLICT DO NOTHING;
INSERT INTO public.course_assessment_distribution (id, created_at, percentage, updated_at, component_id, course_info_id, created_by, updated_by, display_order) VALUES (21, '2026-05-03 00:11:29.175067', 50, NULL, 5, 'b8e12532-459d-4dba-bcc8-f3385c06f0b5', NULL, NULL, 2) ON CONFLICT DO NOTHING;
INSERT INTO public.course_assessment_distribution (id, created_at, percentage, updated_at, component_id, course_info_id, created_by, updated_by, display_order) VALUES (22, '2026-05-03 00:34:47.474007', 45, NULL, 7, '884291a6-0809-44cc-826c-d3c28ab24b39', NULL, NULL, 0) ON CONFLICT DO NOTHING;
INSERT INTO public.course_assessment_distribution (id, created_at, percentage, updated_at, component_id, course_info_id, created_by, updated_by, display_order) VALUES (23, '2026-05-03 00:34:47.519056', 10, NULL, 8, '884291a6-0809-44cc-826c-d3c28ab24b39', NULL, NULL, 1) ON CONFLICT DO NOTHING;
INSERT INTO public.course_assessment_distribution (id, created_at, percentage, updated_at, component_id, course_info_id, created_by, updated_by, display_order) VALUES (24, '2026-05-03 00:34:47.540738', 45, NULL, 5, '884291a6-0809-44cc-826c-d3c28ab24b39', NULL, NULL, 2) ON CONFLICT DO NOTHING;
INSERT INTO public.course_assessment_distribution (id, created_at, percentage, updated_at, component_id, course_info_id, created_by, updated_by, display_order) VALUES (25, '2026-05-03 01:02:28.400075', 20, NULL, 3, '808096ac-ffdc-44f0-a90a-35977c816e52', NULL, NULL, 0) ON CONFLICT DO NOTHING;
INSERT INTO public.course_assessment_distribution (id, created_at, percentage, updated_at, component_id, course_info_id, created_by, updated_by, display_order) VALUES (26, '2026-05-03 01:02:28.445226', 10, NULL, 1, '808096ac-ffdc-44f0-a90a-35977c816e52', NULL, NULL, 1) ON CONFLICT DO NOTHING;
INSERT INTO public.course_assessment_distribution (id, created_at, percentage, updated_at, component_id, course_info_id, created_by, updated_by, display_order) VALUES (27, '2026-05-03 01:02:28.464314', 20, NULL, 8, '808096ac-ffdc-44f0-a90a-35977c816e52', NULL, NULL, 2) ON CONFLICT DO NOTHING;
INSERT INTO public.course_assessment_distribution (id, created_at, percentage, updated_at, component_id, course_info_id, created_by, updated_by, display_order) VALUES (28, '2026-05-03 01:02:28.485281', 50, NULL, 5, '808096ac-ffdc-44f0-a90a-35977c816e52', NULL, NULL, 3) ON CONFLICT DO NOTHING;
INSERT INTO public.course_assessment_distribution (id, created_at, percentage, updated_at, component_id, course_info_id, created_by, updated_by, display_order) VALUES (29, '2026-05-03 11:26:22.926909', 10, NULL, 1, 'f96e6a04-70cb-4822-af03-4eb0097f6e90', NULL, NULL, 0) ON CONFLICT DO NOTHING;
INSERT INTO public.course_assessment_distribution (id, created_at, percentage, updated_at, component_id, course_info_id, created_by, updated_by, display_order) VALUES (30, '2026-05-03 11:26:22.939982', 20, NULL, 7, 'f96e6a04-70cb-4822-af03-4eb0097f6e90', NULL, NULL, 1) ON CONFLICT DO NOTHING;
INSERT INTO public.course_assessment_distribution (id, created_at, percentage, updated_at, component_id, course_info_id, created_by, updated_by, display_order) VALUES (31, '2026-05-03 11:26:22.942629', 30, NULL, 4, 'f96e6a04-70cb-4822-af03-4eb0097f6e90', NULL, NULL, 2) ON CONFLICT DO NOTHING;
INSERT INTO public.course_assessment_distribution (id, created_at, percentage, updated_at, component_id, course_info_id, created_by, updated_by, display_order) VALUES (32, '2026-05-03 11:26:22.945343', 15, NULL, 8, 'f96e6a04-70cb-4822-af03-4eb0097f6e90', NULL, NULL, 3) ON CONFLICT DO NOTHING;
INSERT INTO public.course_assessment_distribution (id, created_at, percentage, updated_at, component_id, course_info_id, created_by, updated_by, display_order) VALUES (33, '2026-05-03 11:26:22.947513', 25, NULL, 9, 'f96e6a04-70cb-4822-af03-4eb0097f6e90', NULL, NULL, 4) ON CONFLICT DO NOTHING;
INSERT INTO public.course_assessment_distribution (id, created_at, percentage, updated_at, component_id, course_info_id, created_by, updated_by, display_order) VALUES (34, '2026-05-03 12:22:50.447442', 20, NULL, 3, '8505bfaa-246c-4686-863f-6b02d4621703', NULL, NULL, 0) ON CONFLICT DO NOTHING;
INSERT INTO public.course_assessment_distribution (id, created_at, percentage, updated_at, component_id, course_info_id, created_by, updated_by, display_order) VALUES (35, '2026-05-03 12:22:50.470077', 10, NULL, 1, '8505bfaa-246c-4686-863f-6b02d4621703', NULL, NULL, 1) ON CONFLICT DO NOTHING;
INSERT INTO public.course_assessment_distribution (id, created_at, percentage, updated_at, component_id, course_info_id, created_by, updated_by, display_order) VALUES (36, '2026-05-03 12:22:50.472728', 20, NULL, 8, '8505bfaa-246c-4686-863f-6b02d4621703', NULL, NULL, 2) ON CONFLICT DO NOTHING;
INSERT INTO public.course_assessment_distribution (id, created_at, percentage, updated_at, component_id, course_info_id, created_by, updated_by, display_order) VALUES (37, '2026-05-03 12:22:50.47435', 50, NULL, 5, '8505bfaa-246c-4686-863f-6b02d4621703', NULL, NULL, 3) ON CONFLICT DO NOTHING;
INSERT INTO public.course_assessment_distribution (id, created_at, percentage, updated_at, component_id, course_info_id, created_by, updated_by, display_order) VALUES (2, '2026-04-05 20:12:10.017743', 20, NULL, 7, 'c74bab0f-0045-45b3-8547-4e2131abce5a', NULL, NULL, 0) ON CONFLICT DO NOTHING;
INSERT INTO public.course_assessment_distribution (id, created_at, percentage, updated_at, component_id, course_info_id, created_by, updated_by, display_order) VALUES (4, '2026-04-05 20:12:10.091799', 30, NULL, 4, 'c74bab0f-0045-45b3-8547-4e2131abce5a', NULL, NULL, 1) ON CONFLICT DO NOTHING;
INSERT INTO public.course_assessment_distribution (id, created_at, percentage, updated_at, component_id, course_info_id, created_by, updated_by, display_order) VALUES (11, '2026-04-19 00:42:52.394292', 35, NULL, 8, 'c74bab0f-0045-45b3-8547-4e2131abce5a', NULL, NULL, 2) ON CONFLICT DO NOTHING;
INSERT INTO public.course_assessment_distribution (id, created_at, percentage, updated_at, component_id, course_info_id, created_by, updated_by, display_order) VALUES (13, '2026-04-19 01:15:24.187961', 15, NULL, 9, 'c74bab0f-0045-45b3-8547-4e2131abce5a', NULL, NULL, 3) ON CONFLICT DO NOTHING;
INSERT INTO public.course_assessment_distribution (id, created_at, percentage, updated_at, component_id, course_info_id, created_by, updated_by, display_order) VALUES (39, '2026-05-03 12:40:57.08128', 20, NULL, 7, '11ac2e25-f7fd-43d0-8166-32eb7ed5f2d0', NULL, NULL, 0) ON CONFLICT DO NOTHING;
INSERT INTO public.course_assessment_distribution (id, created_at, percentage, updated_at, component_id, course_info_id, created_by, updated_by, display_order) VALUES (40, '2026-05-03 12:40:57.083438', 20, NULL, 4, '11ac2e25-f7fd-43d0-8166-32eb7ed5f2d0', NULL, NULL, 1) ON CONFLICT DO NOTHING;
INSERT INTO public.course_assessment_distribution (id, created_at, percentage, updated_at, component_id, course_info_id, created_by, updated_by, display_order) VALUES (41, '2026-05-03 12:40:57.085607', 15, NULL, 8, '11ac2e25-f7fd-43d0-8166-32eb7ed5f2d0', NULL, NULL, 2) ON CONFLICT DO NOTHING;
INSERT INTO public.course_assessment_distribution (id, created_at, percentage, updated_at, component_id, course_info_id, created_by, updated_by, display_order) VALUES (42, '2026-05-03 12:40:57.087725', 15, NULL, 9, '11ac2e25-f7fd-43d0-8166-32eb7ed5f2d0', NULL, NULL, 3) ON CONFLICT DO NOTHING;
INSERT INTO public.course_assessment_distribution (id, created_at, percentage, updated_at, component_id, course_info_id, created_by, updated_by, display_order) VALUES (43, '2026-05-03 13:12:27.737834', 30, NULL, 5, '11ac2e25-f7fd-43d0-8166-32eb7ed5f2d0', NULL, NULL, 4) ON CONFLICT DO NOTHING;
INSERT INTO public.course_assessment_distribution (id, created_at, percentage, updated_at, component_id, course_info_id, created_by, updated_by, display_order) VALUES (44, '2026-05-03 15:15:03.573677', 10, NULL, 3, 'f26e2d96-3d76-4518-9c90-8b18b66c9b8c', NULL, NULL, 0) ON CONFLICT DO NOTHING;
INSERT INTO public.course_assessment_distribution (id, created_at, percentage, updated_at, component_id, course_info_id, created_by, updated_by, display_order) VALUES (45, '2026-05-03 15:15:03.582262', 10, NULL, 1, 'f26e2d96-3d76-4518-9c90-8b18b66c9b8c', NULL, NULL, 1) ON CONFLICT DO NOTHING;
INSERT INTO public.course_assessment_distribution (id, created_at, percentage, updated_at, component_id, course_info_id, created_by, updated_by, display_order) VALUES (46, '2026-05-03 15:15:03.585941', 30, NULL, 8, 'f26e2d96-3d76-4518-9c90-8b18b66c9b8c', NULL, NULL, 2) ON CONFLICT DO NOTHING;
INSERT INTO public.course_assessment_distribution (id, created_at, percentage, updated_at, component_id, course_info_id, created_by, updated_by, display_order) VALUES (47, '2026-05-03 15:15:03.588122', 50, NULL, 5, 'f26e2d96-3d76-4518-9c90-8b18b66c9b8c', NULL, NULL, 3) ON CONFLICT DO NOTHING;
INSERT INTO public.course_assessment_distribution (id, created_at, percentage, updated_at, component_id, course_info_id, created_by, updated_by, display_order) VALUES (48, '2026-05-03 15:17:53.404514', 10, NULL, 3, '4ffc5cfe-068b-411a-8db5-d5fe753cbbc4', NULL, NULL, 0) ON CONFLICT DO NOTHING;
INSERT INTO public.course_assessment_distribution (id, created_at, percentage, updated_at, component_id, course_info_id, created_by, updated_by, display_order) VALUES (49, '2026-05-03 15:17:53.414453', 10, NULL, 1, '4ffc5cfe-068b-411a-8db5-d5fe753cbbc4', NULL, NULL, 1) ON CONFLICT DO NOTHING;
INSERT INTO public.course_assessment_distribution (id, created_at, percentage, updated_at, component_id, course_info_id, created_by, updated_by, display_order) VALUES (50, '2026-05-03 15:17:53.419238', 30, NULL, 8, '4ffc5cfe-068b-411a-8db5-d5fe753cbbc4', NULL, NULL, 2) ON CONFLICT DO NOTHING;
INSERT INTO public.course_assessment_distribution (id, created_at, percentage, updated_at, component_id, course_info_id, created_by, updated_by, display_order) VALUES (51, '2026-05-03 15:17:53.422508', 50, NULL, 5, '4ffc5cfe-068b-411a-8db5-d5fe753cbbc4', NULL, NULL, 3) ON CONFLICT DO NOTHING;
INSERT INTO public.course_assessment_distribution (id, created_at, percentage, updated_at, component_id, course_info_id, created_by, updated_by, display_order) VALUES (52, '2026-05-03 15:33:32.745184', 45, NULL, 7, '6d2d0040-b5fc-4eec-9202-4a3543035dc7', NULL, NULL, 0) ON CONFLICT DO NOTHING;
INSERT INTO public.course_assessment_distribution (id, created_at, percentage, updated_at, component_id, course_info_id, created_by, updated_by, display_order) VALUES (53, '2026-05-03 15:33:32.758413', 10, NULL, 8, '6d2d0040-b5fc-4eec-9202-4a3543035dc7', NULL, NULL, 1) ON CONFLICT DO NOTHING;
INSERT INTO public.course_assessment_distribution (id, created_at, percentage, updated_at, component_id, course_info_id, created_by, updated_by, display_order) VALUES (54, '2026-05-03 15:33:32.760041', 45, NULL, 5, '6d2d0040-b5fc-4eec-9202-4a3543035dc7', NULL, NULL, 2) ON CONFLICT DO NOTHING;
INSERT INTO public.course_assessment_distribution (id, created_at, percentage, updated_at, component_id, course_info_id, created_by, updated_by, display_order) VALUES (55, '2026-05-03 15:48:43.420928', 10, NULL, 3, '02ecef0e-40d4-43d9-8c56-4b4a6facdc56', NULL, NULL, 0) ON CONFLICT DO NOTHING;
INSERT INTO public.course_assessment_distribution (id, created_at, percentage, updated_at, component_id, course_info_id, created_by, updated_by, display_order) VALUES (56, '2026-05-03 15:48:43.429632', 10, NULL, 1, '02ecef0e-40d4-43d9-8c56-4b4a6facdc56', NULL, NULL, 1) ON CONFLICT DO NOTHING;
INSERT INTO public.course_assessment_distribution (id, created_at, percentage, updated_at, component_id, course_info_id, created_by, updated_by, display_order) VALUES (57, '2026-05-03 15:48:43.432359', 30, NULL, 8, '02ecef0e-40d4-43d9-8c56-4b4a6facdc56', NULL, NULL, 2) ON CONFLICT DO NOTHING;
INSERT INTO public.course_assessment_distribution (id, created_at, percentage, updated_at, component_id, course_info_id, created_by, updated_by, display_order) VALUES (58, '2026-05-03 15:48:43.435555', 50, NULL, 5, '02ecef0e-40d4-43d9-8c56-4b4a6facdc56', NULL, NULL, 3) ON CONFLICT DO NOTHING;
INSERT INTO public.course_assessment_distribution (id, created_at, percentage, updated_at, component_id, course_info_id, created_by, updated_by, display_order) VALUES (59, '2026-05-14 12:42:02.652403', 25, NULL, 3, '27cb9e40-9048-4589-8566-ca9ac7f83481', NULL, NULL, 0) ON CONFLICT DO NOTHING;
INSERT INTO public.course_assessment_distribution (id, created_at, percentage, updated_at, component_id, course_info_id, created_by, updated_by, display_order) VALUES (60, '2026-05-14 12:42:02.67794', 25, NULL, 8, '27cb9e40-9048-4589-8566-ca9ac7f83481', NULL, NULL, 1) ON CONFLICT DO NOTHING;
INSERT INTO public.course_assessment_distribution (id, created_at, percentage, updated_at, component_id, course_info_id, created_by, updated_by, display_order) VALUES (61, '2026-05-14 12:42:02.681211', 50, NULL, 5, '27cb9e40-9048-4589-8566-ca9ac7f83481', NULL, NULL, 2) ON CONFLICT DO NOTHING;
INSERT INTO public.course_assessment_distribution (id, created_at, percentage, updated_at, component_id, course_info_id, created_by, updated_by, display_order) VALUES (62, '2026-05-21 21:48:42.472082', 25, NULL, 3, '4d7c0350-ef6b-4f8c-be18-ba68c046b980', NULL, NULL, 0) ON CONFLICT DO NOTHING;
INSERT INTO public.course_assessment_distribution (id, created_at, percentage, updated_at, component_id, course_info_id, created_by, updated_by, display_order) VALUES (63, '2026-05-21 21:48:42.483382', 25, NULL, 8, '4d7c0350-ef6b-4f8c-be18-ba68c046b980', NULL, NULL, 1) ON CONFLICT DO NOTHING;
INSERT INTO public.course_assessment_distribution (id, created_at, percentage, updated_at, component_id, course_info_id, created_by, updated_by, display_order) VALUES (64, '2026-05-21 21:48:42.486003', 50, NULL, 5, '4d7c0350-ef6b-4f8c-be18-ba68c046b980', NULL, NULL, 2) ON CONFLICT DO NOTHING;
INSERT INTO public.course_assessment_distribution (id, created_at, percentage, updated_at, component_id, course_info_id, created_by, updated_by, display_order) VALUES (65, '2026-05-21 23:02:58.529042', 10, NULL, 3, '260db896-2f68-4ba8-ad13-88e740f58e16', NULL, NULL, 0) ON CONFLICT DO NOTHING;
INSERT INTO public.course_assessment_distribution (id, created_at, percentage, updated_at, component_id, course_info_id, created_by, updated_by, display_order) VALUES (66, '2026-05-21 23:02:58.534947', 10, NULL, 1, '260db896-2f68-4ba8-ad13-88e740f58e16', NULL, NULL, 1) ON CONFLICT DO NOTHING;
INSERT INTO public.course_assessment_distribution (id, created_at, percentage, updated_at, component_id, course_info_id, created_by, updated_by, display_order) VALUES (67, '2026-05-21 23:02:58.537075', 30, NULL, 8, '260db896-2f68-4ba8-ad13-88e740f58e16', NULL, NULL, 2) ON CONFLICT DO NOTHING;
INSERT INTO public.course_assessment_distribution (id, created_at, percentage, updated_at, component_id, course_info_id, created_by, updated_by, display_order) VALUES (68, '2026-05-21 23:02:58.539249', 50, NULL, 5, '260db896-2f68-4ba8-ad13-88e740f58e16', NULL, NULL, 3) ON CONFLICT DO NOTHING;
INSERT INTO public.course_assessment_distribution (id, created_at, percentage, updated_at, component_id, course_info_id, created_by, updated_by, display_order) VALUES (69, '2026-05-21 23:04:32.74526', 10, NULL, 3, '413c51f6-ff8f-43dd-befd-2672802f2128', NULL, NULL, 0) ON CONFLICT DO NOTHING;
INSERT INTO public.course_assessment_distribution (id, created_at, percentage, updated_at, component_id, course_info_id, created_by, updated_by, display_order) VALUES (70, '2026-05-21 23:04:32.748297', 10, NULL, 1, '413c51f6-ff8f-43dd-befd-2672802f2128', NULL, NULL, 1) ON CONFLICT DO NOTHING;
INSERT INTO public.course_assessment_distribution (id, created_at, percentage, updated_at, component_id, course_info_id, created_by, updated_by, display_order) VALUES (71, '2026-05-21 23:04:32.753755', 30, NULL, 8, '413c51f6-ff8f-43dd-befd-2672802f2128', NULL, NULL, 2) ON CONFLICT DO NOTHING;
INSERT INTO public.course_assessment_distribution (id, created_at, percentage, updated_at, component_id, course_info_id, created_by, updated_by, display_order) VALUES (72, '2026-05-21 23:04:32.756402', 50, NULL, 5, '413c51f6-ff8f-43dd-befd-2672802f2128', NULL, NULL, 3) ON CONFLICT DO NOTHING;
INSERT INTO public.course_authors (id, role, user_id, course_version_id) VALUES (9, 'Autors', 1, '2e5c8c08-ca8a-4c69-9ac9-05b64ef2d1d1') ON CONFLICT DO NOTHING;
INSERT INTO public.course_authors (id, role, user_id, course_version_id) VALUES (10, 'Līdzautors', 6, '2e5c8c08-ca8a-4c69-9ac9-05b64ef2d1d1') ON CONFLICT DO NOTHING;
INSERT INTO public.course_authors (id, role, user_id, course_version_id) VALUES (14, 'Autors', 9, 'd290798e-7ee1-4e8f-946a-b9376b643208') ON CONFLICT DO NOTHING;
INSERT INTO public.course_authors (id, role, user_id, course_version_id) VALUES (15, 'Autors', 2, '3ecf54a4-6764-4e5c-8b26-144a33bb17a5') ON CONFLICT DO NOTHING;
INSERT INTO public.course_authors (id, role, user_id, course_version_id) VALUES (16, 'Autors', 7, '8b8640e6-6986-41f0-ae03-38c93a54ec6a') ON CONFLICT DO NOTHING;
INSERT INTO public.course_authors (id, role, user_id, course_version_id) VALUES (18, 'Līdzautors', 8, '8b8640e6-6986-41f0-ae03-38c93a54ec6a') ON CONFLICT DO NOTHING;
INSERT INTO public.course_authors (id, role, user_id, course_version_id) VALUES (20, 'Autors', 10, '9cfb9a5a-4480-49ed-b018-babf2e4424b4') ON CONFLICT DO NOTHING;
INSERT INTO public.course_authors (id, role, user_id, course_version_id) VALUES (21, 'Autors', 11, '20013e22-f78f-47a6-9f5b-77f4b72ccdf3') ON CONFLICT DO NOTHING;
INSERT INTO public.course_authors (id, role, user_id, course_version_id) VALUES (22, 'Līdzautors', 6, '20013e22-f78f-47a6-9f5b-77f4b72ccdf3') ON CONFLICT DO NOTHING;
INSERT INTO public.course_authors (id, role, user_id, course_version_id) VALUES (23, 'Autors', 9, '8e9abc5b-9442-45f5-87c7-201ff0adb328') ON CONFLICT DO NOTHING;
INSERT INTO public.course_authors (id, role, user_id, course_version_id) VALUES (24, 'Autors', 11, '53375844-6d48-45ae-ba04-a918d283ae37') ON CONFLICT DO NOTHING;
INSERT INTO public.course_authors (id, role, user_id, course_version_id) VALUES (25, 'Līdzautors', 6, '53375844-6d48-45ae-ba04-a918d283ae37') ON CONFLICT DO NOTHING;
INSERT INTO public.course_authors (id, role, user_id, course_version_id) VALUES (26, 'Autors', 6, '3f000f9a-ae2f-4187-bec6-93ca001deec0') ON CONFLICT DO NOTHING;
INSERT INTO public.course_authors (id, role, user_id, course_version_id) VALUES (27, 'Autors', 6, '45f91e70-f429-4541-99d9-7368cabaf4fe') ON CONFLICT DO NOTHING;
INSERT INTO public.course_authors (id, role, user_id, course_version_id) VALUES (28, 'Autors', 9, '272125c1-c4ca-4069-a48a-643798f2dff6') ON CONFLICT DO NOTHING;
INSERT INTO public.course_authors (id, role, user_id, course_version_id) VALUES (29, 'Autors', 9, '4b521113-27b1-4de2-8a36-1fcf45971beb') ON CONFLICT DO NOTHING;
INSERT INTO public.course_authors (id, role, user_id, course_version_id) VALUES (30, 'Autors', 10, 'ace4ee41-eaf0-4e9f-a6e1-a36fc7090b43') ON CONFLICT DO NOTHING;
INSERT INTO public.course_authors (id, role, user_id, course_version_id) VALUES (31, 'Autors', 9, '288d8b1f-f91a-4c60-b28f-f5cca44ec0f0') ON CONFLICT DO NOTHING;
INSERT INTO public.course_authors (id, role, user_id, course_version_id) VALUES (32, 'Autors', 3, 'b3cd1b32-5de1-40a3-b8d8-360d3e4ce209') ON CONFLICT DO NOTHING;
INSERT INTO public.course_authors (id, role, user_id, course_version_id) VALUES (33, 'Autors', 2, 'd9e058ba-4e75-4378-84df-51e97d9b1852') ON CONFLICT DO NOTHING;
INSERT INTO public.course_authors (id, role, user_id, course_version_id) VALUES (34, 'Autors', 7, '501f14d9-0c38-4dc9-8ecc-bb02e6e73e64') ON CONFLICT DO NOTHING;
INSERT INTO public.course_authors (id, role, user_id, course_version_id) VALUES (35, 'Līdzautors', 8, '501f14d9-0c38-4dc9-8ecc-bb02e6e73e64') ON CONFLICT DO NOTHING;
INSERT INTO public.course_authors (id, role, user_id, course_version_id) VALUES (36, 'Autors', 9, '0ce8c9ff-547b-463b-ac7d-c27d0ab4a6f0') ON CONFLICT DO NOTHING;
INSERT INTO public.course_authors (id, role, user_id, course_version_id) VALUES (37, 'Autors', 17, '4f8866e3-8bd5-4e07-9fad-1a3e9b4ae9d6') ON CONFLICT DO NOTHING;
INSERT INTO public.course_authors (id, role, user_id, course_version_id) VALUES (38, 'Līdzautors', 4, '4f8866e3-8bd5-4e07-9fad-1a3e9b4ae9d6') ON CONFLICT DO NOTHING;
INSERT INTO public.course_authors (id, role, user_id, course_version_id) VALUES (39, 'Autors', 7, 'f5aaaf6a-b6da-434e-9503-90e4d0d060a3') ON CONFLICT DO NOTHING;
INSERT INTO public.course_authors (id, role, user_id, course_version_id) VALUES (40, 'Līdzautors', 8, 'f5aaaf6a-b6da-434e-9503-90e4d0d060a3') ON CONFLICT DO NOTHING;
INSERT INTO public.course_authors (id, role, user_id, course_version_id) VALUES (41, 'Autors', 9, '6872e1de-30fc-4b20-a2db-d0241dd58730') ON CONFLICT DO NOTHING;
INSERT INTO public.course_authors (id, role, user_id, course_version_id) VALUES (42, 'Autors', 9, '06479660-e9c9-4e26-bd02-05471707b4fe') ON CONFLICT DO NOTHING;
INSERT INTO public.results_categories (id, name) VALUES (1, 'Zināšanas') ON CONFLICT DO NOTHING;
INSERT INTO public.results_categories (id, name) VALUES (2, 'Prasmes') ON CONFLICT DO NOTHING;
INSERT INTO public.results_categories (id, name) VALUES (3, 'Kompetences') ON CONFLICT DO NOTHING;
INSERT INTO public.course_results (id, created_at, deleted_at, language, learning_outcome, updated_at, category_id, course_id, created_by, updated_by) VALUES ('8b934bd5-1f89-4037-9b56-a82ef20a889c', '2026-04-06 17:22:49.390475', NULL, 'lv', 'Zina algoritmu veidošanas pamatus un programmēšanas pamatprincipus', NULL, 1, '4b049f4e-b3b4-4595-9cbe-c86b0ef5a0a3', NULL, NULL) ON CONFLICT DO NOTHING;
INSERT INTO public.course_results (id, created_at, deleted_at, language, learning_outcome, updated_at, category_id, course_id, created_by, updated_by) VALUES ('dd74940a-3d98-4121-b5f3-a60bb569ca72', '2026-04-06 17:22:49.497527', NULL, 'lv', 'Prot praktiski izstrādāt nelielas programmas valodā C++ atbilstoši aprakstam, ievērojot vispārpieņemtos programmēšanas principu un programmēšanas labo praksi.', NULL, 2, '4b049f4e-b3b4-4595-9cbe-c86b0ef5a0a3', NULL, NULL) ON CONFLICT DO NOTHING;
INSERT INTO public.course_results (id, created_at, deleted_at, language, learning_outcome, updated_at, category_id, course_id, created_by, updated_by) VALUES ('7b208597-d108-40ea-9edc-73ed8a32fd31', '2026-04-06 17:22:49.517851', NULL, 'lv', 'Spēj konstatēt un izlabot kļūdas C++ pirmkodā (kursā apgūto tēmu ietvarā).', NULL, 3, '4b049f4e-b3b4-4595-9cbe-c86b0ef5a0a3', NULL, NULL) ON CONFLICT DO NOTHING;
INSERT INTO public.course_results (id, created_at, deleted_at, language, learning_outcome, updated_at, category_id, course_id, created_by, updated_by) VALUES ('e6d8daf2-f781-4caf-b8c8-575f7bd79782', '2026-04-06 17:22:49.535903', NULL, 'lv', 'Izprot programmēšanas labās prakses nozīmi, rakstot kodu', NULL, 1, '4b049f4e-b3b4-4595-9cbe-c86b0ef5a0a3', NULL, NULL) ON CONFLICT DO NOTHING;
INSERT INTO public.course_results (id, created_at, deleted_at, language, learning_outcome, updated_at, category_id, course_id, created_by, updated_by) VALUES ('765c6daf-4be0-4345-b4cd-e8bf40358c6c', '2026-04-06 17:22:49.556199', NULL, 'lv', 'Izprot ar informācijas glabāšanu un adresāciju programmā saistītus jēdzienus', NULL, 1, '4b049f4e-b3b4-4595-9cbe-c86b0ef5a0a3', NULL, NULL) ON CONFLICT DO NOTHING;
INSERT INTO public.course_results (id, created_at, deleted_at, language, learning_outcome, updated_at, category_id, course_id, created_by, updated_by) VALUES ('17e41ab6-95b7-428a-91b6-41a48bd52d63', '2026-04-06 17:22:49.575465', NULL, 'lv', 'Izprot dažādas programmēšanas konstrukcijas – zarošanos, ciklus, funkcijas', NULL, 1, '4b049f4e-b3b4-4595-9cbe-c86b0ef5a0a3', NULL, NULL) ON CONFLICT DO NOTHING;
INSERT INTO public.course_results (id, created_at, deleted_at, language, learning_outcome, updated_at, category_id, course_id, created_by, updated_by) VALUES ('37bf32fd-df08-4481-95a1-d35729a8526a', '2026-04-06 17:22:49.594272', NULL, 'lv', 'Zina uzdevumu veikšanai nepieciešamās C++ standarta bibliotēkas', NULL, 1, '4b049f4e-b3b4-4595-9cbe-c86b0ef5a0a3', NULL, NULL) ON CONFLICT DO NOTHING;
INSERT INTO public.course_results (id, created_at, deleted_at, language, learning_outcome, updated_at, category_id, course_id, created_by, updated_by) VALUES ('0067d0e9-67b8-41e1-8206-7b8f5ee6e19e', '2026-04-06 17:22:49.610614', NULL, 'lv', 'Prot definēt funkcijas atsevišķu uzdevumu veikšanai.', NULL, 2, '4b049f4e-b3b4-4595-9cbe-c86b0ef5a0a3', NULL, NULL) ON CONFLICT DO NOTHING;
INSERT INTO public.course_results (id, created_at, deleted_at, language, learning_outcome, updated_at, category_id, course_id, created_by, updated_by) VALUES ('81706a0d-c10a-43de-88fc-beeb10467486', '2026-04-06 17:22:49.626193', NULL, 'lv', 'Prot izmantot C++ standarta bibliotēkas funkcijas.', NULL, 2, '4b049f4e-b3b4-4595-9cbe-c86b0ef5a0a3', NULL, NULL) ON CONFLICT DO NOTHING;
INSERT INTO public.course_results (id, created_at, deleted_at, language, learning_outcome, updated_at, category_id, course_id, created_by, updated_by) VALUES ('46606e29-4f37-4b91-8dc3-f67c28947ad6', '2026-04-06 17:22:49.640201', NULL, 'lv', 'Prot izmantot dažādas programmu izstrādes vides.', NULL, 2, '4b049f4e-b3b4-4595-9cbe-c86b0ef5a0a3', NULL, NULL) ON CONFLICT DO NOTHING;
INSERT INTO public.course_results (id, created_at, deleted_at, language, learning_outcome, updated_at, category_id, course_id, created_by, updated_by) VALUES ('a3543f85-bcca-401a-8262-f6f387c8f461', '2026-04-06 17:22:49.657339', NULL, 'lv', 'Spēj analizēt un izskaidrot C++ pirmkodu (kursā apgūto tēmu ietvarā).', NULL, 3, '4b049f4e-b3b4-4595-9cbe-c86b0ef5a0a3', NULL, NULL) ON CONFLICT DO NOTHING;
INSERT INTO public.course_results (id, created_at, deleted_at, language, learning_outcome, updated_at, category_id, course_id, created_by, updated_by) VALUES ('2ca21b8c-d6b7-4b2d-af89-8f14f2580c89', '2026-04-06 17:22:49.673259', NULL, 'lv', 'Spēj atrast piemērotu risinājumu dotai problēmai un pamatot savu risinājumu.', NULL, 3, '4b049f4e-b3b4-4595-9cbe-c86b0ef5a0a3', NULL, NULL) ON CONFLICT DO NOTHING;
INSERT INTO public.course_results (id, created_at, deleted_at, language, learning_outcome, updated_at, category_id, course_id, created_by, updated_by) VALUES ('7ee5eb30-9277-43a9-81bd-16075ae24b37', '2026-04-06 17:22:49.687963', NULL, 'lv', 'Spēj patstāvīgi strādāt ar literatūru un interneta resursiem.', NULL, 3, '4b049f4e-b3b4-4595-9cbe-c86b0ef5a0a3', NULL, NULL) ON CONFLICT DO NOTHING;
INSERT INTO public.course_results (id, created_at, deleted_at, language, learning_outcome, updated_at, category_id, course_id, created_by, updated_by) VALUES ('e55a73c7-48e0-44c8-ba74-66e9d9049c3c', '2026-04-19 03:58:06.148292', NULL, 'lv', 'Zina, ka eksistē dažādi funkcionālie tekstu veidi nozarē, izprot to mērķi/ nolūku un saturu.', NULL, 1, 'e3a130bc-54bf-428c-89a9-31805ef5803d', NULL, NULL) ON CONFLICT DO NOTHING;
INSERT INTO public.course_results (id, created_at, deleted_at, language, learning_outcome, updated_at, category_id, course_id, created_by, updated_by) VALUES ('9ecb002f-ed16-45ce-9a36-2dc4b669ff2c', '2026-04-19 03:58:06.209605', NULL, 'lv', 'Izprot nozares tekstu specifiku, orientējas nozares leksikā, tai skaitā saīsinājumos, un zina, kur atrast terminu un speciālās leksikas skaidrojumu angļu un latviešu valodā.', NULL, 1, 'e3a130bc-54bf-428c-89a9-31805ef5803d', NULL, NULL) ON CONFLICT DO NOTHING;
INSERT INTO public.course_results (id, created_at, deleted_at, language, learning_outcome, updated_at, category_id, course_id, created_by, updated_by) VALUES ('307494ac-40ac-417a-9c7e-5091da81c13c', '2026-04-19 03:58:06.228016', NULL, 'lv', 'Izprot angļu valodā sniegto informāciju par problēmām un jaunumiem IT nozarē un tai būtiskiem kontektiem; zina, kur to atrast, un pārzina teksta apstrādes un izveides tehnoloģijas.', NULL, 1, 'e3a130bc-54bf-428c-89a9-31805ef5803d', NULL, NULL) ON CONFLICT DO NOTHING;
INSERT INTO public.course_results (id, created_at, deleted_at, language, learning_outcome, updated_at, category_id, course_id, created_by, updated_by) VALUES ('d7e09579-0a8b-48b8-bd96-935c23b0ee68', '2026-04-19 03:58:06.245268', NULL, 'lv', 'Prot lasīt, uztvert, izprast un sniegt īsu pārskatu – dažādu tekstu veidā, piemēram, memo, tabulas, grafiki - par angļu valodā lasīto, klausīto un skatīto oriģināltekstu par kursā ietvertajām IT nozares tēmām', NULL, 2, 'e3a130bc-54bf-428c-89a9-31805ef5803d', NULL, NULL) ON CONFLICT DO NOTHING;
INSERT INTO public.course_results (id, created_at, deleted_at, language, learning_outcome, updated_at, category_id, course_id, created_by, updated_by) VALUES ('e85fd4ab-cd20-4528-8298-d5fe2968b17c', '2026-04-19 03:58:06.259304', NULL, 'lv', 'Prot mutvārdos un rakstveidā izteikties par apgūtajām tēmām (piem., aprakstīt kādas datorierīces funkcijas, kā arī sniegt instrukciju/norādes datorierīces darbināšanai vai atsevišķu datorfunkciju izpildei) izmantojot atbilstošas angļu valodas gramatikas formas', NULL, 2, 'e3a130bc-54bf-428c-89a9-31805ef5803d', NULL, NULL) ON CONFLICT DO NOTHING;
INSERT INTO public.course_results (id, created_at, deleted_at, language, learning_outcome, updated_at, category_id, course_id, created_by, updated_by) VALUES ('4d06d008-6367-4d0f-9769-c8c1d8239f3f', '2026-04-19 03:58:06.275077', NULL, 'lv', 'Spēj informāciju uztvert vienā valodā  un pasniegt to otrā valodā, tai pašā vai citā teksta veidā (LV–EN vai EN–LV) rakstiski un mutiski (par nodarbōibās skatītajām tēmām vai tām būtiskiem kontekstiem).', NULL, 2, 'e3a130bc-54bf-428c-89a9-31805ef5803d', NULL, NULL) ON CONFLICT DO NOTHING;
INSERT INTO public.course_results (id, created_at, deleted_at, language, learning_outcome, updated_at, category_id, course_id, created_by, updated_by) VALUES ('77b60e9f-0878-4366-bda0-159dc1b44827', '2026-04-19 03:58:06.287575', NULL, 'lv', 'Prot skaidri un strukturēti izteikt savu domu par kursa ietvaros skatītajām tēmām mutvārdos un rakstveidā, izmantojot nozares speciālo leksiku', NULL, 2, 'e3a130bc-54bf-428c-89a9-31805ef5803d', NULL, NULL) ON CONFLICT DO NOTHING;
INSERT INTO public.course_results (id, created_at, deleted_at, language, learning_outcome, updated_at, category_id, course_id, created_by, updated_by) VALUES ('3e48d366-b3c3-41e0-8cb8-a27f9feebf04', '2026-04-19 03:58:06.301247', NULL, 'lv', 'Spēj (a) pats vadīt savu mācīšanos, izmantojot norādītos materiālus un atrodot nepieciešamos papildu materiālus un (b)  balstoties uz sasniegto atgriezenisko saiti, spēj  noteikt savas stiprās un vājās puses un strādāt pie savu prasmju pilnveides', NULL, 2, 'e3a130bc-54bf-428c-89a9-31805ef5803d', NULL, NULL) ON CONFLICT DO NOTHING;
INSERT INTO public.course_results (id, created_at, deleted_at, language, learning_outcome, updated_at, category_id, course_id, created_by, updated_by) VALUES ('a116a46c-e5fc-406c-8879-ceb5ff0aa437', '2026-04-19 03:58:06.313578', NULL, 'lv', 'Spēj individuāli un grupā plānot, gatavot un izpildīt rakstveida un mutvārdu komunikācijas uzdevumus angļu valodā.', NULL, 3, 'e3a130bc-54bf-428c-89a9-31805ef5803d', NULL, NULL) ON CONFLICT DO NOTHING;
INSERT INTO public.course_results (id, created_at, deleted_at, language, learning_outcome, updated_at, category_id, course_id, created_by, updated_by) VALUES ('4031e319-0adb-4e83-b01c-0bc5a4a0768e', '2026-04-19 03:58:06.325418', NULL, 'lv', 'Spēj veikt studiju/ mācību uzdevumus atbilstoši kritērijiem, izvērtēt pats savu veikumu un izvirzīt uzdevumus savu prasmju pilnveidei', NULL, 3, 'e3a130bc-54bf-428c-89a9-31805ef5803d', NULL, NULL) ON CONFLICT DO NOTHING;
INSERT INTO public.course_results (id, created_at, deleted_at, language, learning_outcome, updated_at, category_id, course_id, created_by, updated_by) VALUES ('187bd41c-493f-4941-8d9e-026d103aa56f', '2026-04-19 03:58:06.33665', NULL, 'lv', 'Spēj noteikt svau interešu jomu IT nozarē, seko aktualitāatēm; spēj atrast, apkopot un kopsavilkt aktuālāko informāciju pašpilnveidei, kā arī sagatavot prezentāciju angļu valodā par jaunākajiem sasniegumiem šajā jomā, izmantojot apgūto nozares leksiku un ievērojot angļu valodas gramatiskās normas.', NULL, 3, 'e3a130bc-54bf-428c-89a9-31805ef5803d', NULL, NULL) ON CONFLICT DO NOTHING;
INSERT INTO public.course_results (id, created_at, deleted_at, language, learning_outcome, updated_at, category_id, course_id, created_by, updated_by) VALUES ('e6b85532-441f-4254-8f0e-00d3c06a812c', '2026-05-03 00:00:25.02126', NULL, 'lv', 'Zina biežāk izmantotās algoritmu paradigmas', NULL, 1, 'e89fd28f-d1d8-42da-b55f-72fcea77d27b', NULL, NULL) ON CONFLICT DO NOTHING;
INSERT INTO public.course_results (id, created_at, deleted_at, language, learning_outcome, updated_at, category_id, course_id, created_by, updated_by) VALUES ('2b195e94-e3fb-4f5a-a782-2e9c2968c55a', '2026-05-03 00:00:25.10114', NULL, 'lv', 'Izprot algoritmu izmaksu komponentes', NULL, 1, 'e89fd28f-d1d8-42da-b55f-72fcea77d27b', NULL, NULL) ON CONFLICT DO NOTHING;
INSERT INTO public.course_results (id, created_at, deleted_at, language, learning_outcome, updated_at, category_id, course_id, created_by, updated_by) VALUES ('22400a1d-d8ff-42d5-a079-bfda1409674a', '2026-05-03 00:00:25.120875', NULL, 'lv', 'Prot uzzīmēt algoritma blokshēmu un algoritma pseidokodu', NULL, 2, 'e89fd28f-d1d8-42da-b55f-72fcea77d27b', NULL, NULL) ON CONFLICT DO NOTHING;
INSERT INTO public.course_results (id, created_at, deleted_at, language, learning_outcome, updated_at, category_id, course_id, created_by, updated_by) VALUES ('e9abac65-fd33-49dc-81a5-2d76377d987a', '2026-05-03 00:00:25.141138', NULL, 'lv', 'Prot aprēķināt algoritma sarežģītības kārtu un novērtēt tā efektivitāti', NULL, 2, 'e89fd28f-d1d8-42da-b55f-72fcea77d27b', NULL, NULL) ON CONFLICT DO NOTHING;
INSERT INTO public.course_results (id, created_at, deleted_at, language, learning_outcome, updated_at, category_id, course_id, created_by, updated_by) VALUES ('71ba0e5b-4ce2-42d6-baaf-2d3fbd33e5c1', '2026-05-03 00:00:25.158582', NULL, 'lv', 'Prot implementēt vismaz vienu kārtošanas algoritmu kādā no programmēšanas valodām', NULL, 2, 'e89fd28f-d1d8-42da-b55f-72fcea77d27b', NULL, NULL) ON CONFLICT DO NOTHING;
INSERT INTO public.course_results (id, created_at, deleted_at, language, learning_outcome, updated_at, category_id, course_id, created_by, updated_by) VALUES ('eca62fa4-4766-4904-ab66-94e04f02b01a', '2026-05-03 00:00:25.173319', NULL, 'lv', 'Spēj formalizēt problēmu algoritma izveidei', NULL, 3, 'e89fd28f-d1d8-42da-b55f-72fcea77d27b', NULL, NULL) ON CONFLICT DO NOTHING;
INSERT INTO public.course_results (id, created_at, deleted_at, language, learning_outcome, updated_at, category_id, course_id, created_by, updated_by) VALUES ('64f09df0-f78d-4e64-8f65-6be80ec0eef0', '2026-05-03 00:00:25.187616', NULL, 'lv', 'Spēj identificēt biežāk izmantotās algoritmu paradigmas konkrētam uzdevumam', NULL, 3, 'e89fd28f-d1d8-42da-b55f-72fcea77d27b', NULL, NULL) ON CONFLICT DO NOTHING;
INSERT INTO public.course_results (id, created_at, deleted_at, language, learning_outcome, updated_at, category_id, course_id, created_by, updated_by) VALUES ('8443d60d-4044-46fb-a583-94a9e62a6242', '2026-05-03 00:22:13.943513', NULL, 'lv', 'Pazīst galvenos loģiskos elementus, zina Būla algebru, loģisko shēmu darbību uz summatora piemēra', NULL, 1, 'afd1c271-6f4b-45f1-8d1b-ba17f9f0a631', NULL, NULL) ON CONFLICT DO NOTHING;
INSERT INTO public.course_results (id, created_at, deleted_at, language, learning_outcome, updated_at, category_id, course_id, created_by, updated_by) VALUES ('0283a289-4e05-44e6-8435-bdb43f40dba8', '2026-05-03 00:22:13.966355', NULL, 'lv', 'Izprot centrālā procesora darbību un asemblervalodas', NULL, 1, 'afd1c271-6f4b-45f1-8d1b-ba17f9f0a631', NULL, NULL) ON CONFLICT DO NOTHING;
INSERT INTO public.course_results (id, created_at, deleted_at, language, learning_outcome, updated_at, category_id, course_id, created_by, updated_by) VALUES ('a2280192-862b-4321-bf49-446f27c406ef', '2026-05-03 00:22:13.979075', NULL, 'lv', 'Zina svarīgākos centrālā procesora raksturlielumus, arhitektūras veidus', NULL, 1, 'afd1c271-6f4b-45f1-8d1b-ba17f9f0a631', NULL, NULL) ON CONFLICT DO NOTHING;
INSERT INTO public.course_results (id, created_at, deleted_at, language, learning_outcome, updated_at, category_id, course_id, created_by, updated_by) VALUES ('b2d6dd5a-b734-4daa-9365-b9555b78a76c', '2026-05-03 00:22:13.991683', NULL, 'lv', 'Zina galvenos datorsistēmu datu nesēju veidus un to lomu datorsistēmā', NULL, 1, 'afd1c271-6f4b-45f1-8d1b-ba17f9f0a631', NULL, NULL) ON CONFLICT DO NOTHING;
INSERT INTO public.course_results (id, created_at, deleted_at, language, learning_outcome, updated_at, category_id, course_id, created_by, updated_by) VALUES ('9cfd5733-2cce-47ac-9525-ed1417b26831', '2026-05-03 00:22:14.00516', NULL, 'lv', 'Prot veikt pārveidojumus starp skaitīšanas sistēmām', NULL, 2, 'afd1c271-6f4b-45f1-8d1b-ba17f9f0a631', NULL, NULL) ON CONFLICT DO NOTHING;
INSERT INTO public.course_results (id, created_at, deleted_at, language, learning_outcome, updated_at, category_id, course_id, created_by, updated_by) VALUES ('c3b13be7-dd50-476b-bff4-53969a031d63', '2026-05-03 00:22:14.017807', NULL, 'lv', 'Spēj veikt pārveidojumus starp dažādām informācijas mērvienībām', NULL, 2, 'afd1c271-6f4b-45f1-8d1b-ba17f9f0a631', NULL, NULL) ON CONFLICT DO NOTHING;
INSERT INTO public.course_results (id, created_at, deleted_at, language, learning_outcome, updated_at, category_id, course_id, created_by, updated_by) VALUES ('8c45a597-a911-4954-9639-308cd925f5e6', '2026-05-03 00:22:14.048508', NULL, 'lv', 'Spēj izvēlēties labāko RAID veidu atkarībā no prasībām', NULL, 3, 'afd1c271-6f4b-45f1-8d1b-ba17f9f0a631', NULL, NULL) ON CONFLICT DO NOTHING;
INSERT INTO public.course_results (id, created_at, deleted_at, language, learning_outcome, updated_at, category_id, course_id, created_by, updated_by) VALUES ('0796983d-fe29-4bbb-9c90-00d22fd413ec', '2026-05-03 00:22:14.028977', NULL, 'lv', 'Spēj izjaukt un salikt datoru, uzinstalēt vienu vai vairākas operētājsistēmas uz viena cietā diska, veikt cieto disku klonēšanu', NULL, 2, 'afd1c271-6f4b-45f1-8d1b-ba17f9f0a631', NULL, NULL) ON CONFLICT DO NOTHING;
INSERT INTO public.course_results (id, created_at, deleted_at, language, learning_outcome, updated_at, category_id, course_id, created_by, updated_by) VALUES ('c40d1c72-9beb-48c6-871f-c17c52ead009', '2026-05-03 00:22:14.076978', NULL, 'lv', 'Spēj izvēlēties atbilstošākās datora komponentes atkarībā no pielietojuma', NULL, 3, 'afd1c271-6f4b-45f1-8d1b-ba17f9f0a631', NULL, NULL) ON CONFLICT DO NOTHING;
INSERT INTO public.course_results (id, created_at, deleted_at, language, learning_outcome, updated_at, category_id, course_id, created_by, updated_by) VALUES ('7d4ca688-8921-4f9b-b55c-467e405a1285', '2026-05-03 00:22:14.060775', NULL, 'lv', 'Spēj izplānot cietā diska sadalījumu partīcijas', NULL, 3, 'afd1c271-6f4b-45f1-8d1b-ba17f9f0a631', NULL, NULL) ON CONFLICT DO NOTHING;
INSERT INTO public.course_results (id, created_at, deleted_at, language, learning_outcome, updated_at, category_id, course_id, created_by, updated_by) VALUES ('522f8a75-76f7-485f-b4b0-4b468553bfae', '2026-05-03 00:42:14.688214', NULL, 'lv', 'Detalizēti izprot algoritmu realizāciju ar abstrakto mašīnu palīdzību', NULL, 1, '61f5e709-f4e1-4b30-8504-a806f48ed12a', NULL, NULL) ON CONFLICT DO NOTHING;
INSERT INTO public.course_results (id, created_at, deleted_at, language, learning_outcome, updated_at, category_id, course_id, created_by, updated_by) VALUES ('e4962262-4a43-4895-ac1b-30e04fc0b134', '2026-05-03 00:42:14.709366', NULL, 'lv', 'Zina algoritmu veidošanas pamatus un programmēšanas pamatprincipus', NULL, 1, '61f5e709-f4e1-4b30-8504-a806f48ed12a', NULL, NULL) ON CONFLICT DO NOTHING;
INSERT INTO public.course_results (id, created_at, deleted_at, language, learning_outcome, updated_at, category_id, course_id, created_by, updated_by) VALUES ('082e43cb-d926-4d5b-a985-be2b38e05db4', '2026-05-03 00:42:14.725258', NULL, 'lv', 'Zina programmēšanas valodas pamata konstrukcijas – zarošanos, ciklus, funkcijas.', NULL, 1, '61f5e709-f4e1-4b30-8504-a806f48ed12a', NULL, NULL) ON CONFLICT DO NOTHING;
INSERT INTO public.course_results (id, created_at, deleted_at, language, learning_outcome, updated_at, category_id, course_id, created_by, updated_by) VALUES ('b96db816-3a1b-4c8a-987e-ef7ef57356f9', '2026-05-03 00:42:14.738948', NULL, 'lv', 'Zina Python pamata datu tipus un to īpašības.', NULL, 1, '61f5e709-f4e1-4b30-8504-a806f48ed12a', NULL, NULL) ON CONFLICT DO NOTHING;
INSERT INTO public.course_results (id, created_at, deleted_at, language, learning_outcome, updated_at, category_id, course_id, created_by, updated_by) VALUES ('dc1fef24-dd5e-40a2-9d2e-b5ffb518e6a7', '2026-05-03 00:42:14.753122', NULL, 'lv', 'Izprot programmēšanas labās prakses nozīmi, rakstot kodu.', NULL, 1, '61f5e709-f4e1-4b30-8504-a806f48ed12a', NULL, NULL) ON CONFLICT DO NOTHING;
INSERT INTO public.course_results (id, created_at, deleted_at, language, learning_outcome, updated_at, category_id, course_id, created_by, updated_by) VALUES ('6f3f611d-dbcb-4808-8935-d7c293ec5feb', '2026-05-03 00:42:14.767033', NULL, 'lv', 'Izprot abstrakto mašīnu fiziskās realizācijas', NULL, 2, '61f5e709-f4e1-4b30-8504-a806f48ed12a', NULL, NULL) ON CONFLICT DO NOTHING;
INSERT INTO public.course_results (id, created_at, deleted_at, language, learning_outcome, updated_at, category_id, course_id, created_by, updated_by) VALUES ('acd0f7ae-42e3-4f3b-8528-2f91ed31b1da', '2026-05-03 00:42:14.777901', NULL, 'lv', 'Izprot algoritmu realizāciju ar reālo datoru palīdzību', NULL, 2, '61f5e709-f4e1-4b30-8504-a806f48ed12a', NULL, NULL) ON CONFLICT DO NOTHING;
INSERT INTO public.course_results (id, created_at, deleted_at, language, learning_outcome, updated_at, category_id, course_id, created_by, updated_by) VALUES ('7e44a50f-c64d-4aba-92bb-26ad44bf93eb', '2026-05-03 00:42:14.790987', NULL, 'lv', 'Spēj atbilstoši problēmas formulējumam, izstrādāt algoritmu un atbilstoši tam uzrakstīt un komentēt vienkāršas programmas programmēšanas valodā Python.', NULL, 2, '61f5e709-f4e1-4b30-8504-a806f48ed12a', NULL, NULL) ON CONFLICT DO NOTHING;
INSERT INTO public.course_results (id, created_at, deleted_at, language, learning_outcome, updated_at, category_id, course_id, created_by, updated_by) VALUES ('eec458d4-b88e-4f4f-86eb-59e1fcab5a28', '2026-05-03 00:42:14.803207', NULL, 'lv', 'Prot izmantot Python iebūvētās funkcijas un moduļos (math, random u.c.) definētās funkcijas.', NULL, 2, '61f5e709-f4e1-4b30-8504-a806f48ed12a', NULL, NULL) ON CONFLICT DO NOTHING;
INSERT INTO public.course_results (id, created_at, deleted_at, language, learning_outcome, updated_at, category_id, course_id, created_by, updated_by) VALUES ('3b8400e1-062e-4356-ad3b-58c1bf8b3f78', '2026-05-03 00:42:14.815591', NULL, 'lv', 'Prot definēt funkcijas atsevišķu uzdevumu veikšanai.', NULL, 2, '61f5e709-f4e1-4b30-8504-a806f48ed12a', NULL, NULL) ON CONFLICT DO NOTHING;
INSERT INTO public.course_results (id, created_at, deleted_at, language, learning_outcome, updated_at, category_id, course_id, created_by, updated_by) VALUES ('cd07fe18-ef19-4350-9a99-c95aa71e03d8', '2026-05-03 00:42:14.829685', NULL, 'lv', 'Prot izmantot vairākas Python programmu izstrādes vides.', NULL, 2, '61f5e709-f4e1-4b30-8504-a806f48ed12a', NULL, NULL) ON CONFLICT DO NOTHING;
INSERT INTO public.course_results (id, created_at, deleted_at, language, learning_outcome, updated_at, category_id, course_id, created_by, updated_by) VALUES ('13574f81-2ea1-4c03-b830-102b9565145e', '2026-05-03 00:42:14.842093', NULL, 'lv', 'Izprot formālo valodu teoriju un kompilācijas teorijas pielietošanu.', NULL, 3, '61f5e709-f4e1-4b30-8504-a806f48ed12a', NULL, NULL) ON CONFLICT DO NOTHING;
INSERT INTO public.course_results (id, created_at, deleted_at, language, learning_outcome, updated_at, category_id, course_id, created_by, updated_by) VALUES ('c564e0ae-9a19-4bd1-888e-4c3e12c6e516', '2026-05-03 00:42:14.855072', NULL, 'lv', 'Spēj uzņemties atbildību par mācību darbības rezultātu kvalitāti;', NULL, 3, '61f5e709-f4e1-4b30-8504-a806f48ed12a', NULL, NULL) ON CONFLICT DO NOTHING;
INSERT INTO public.course_results (id, created_at, deleted_at, language, learning_outcome, updated_at, category_id, course_id, created_by, updated_by) VALUES ('ed07bded-9450-425a-b7a8-399cfa4764c8', '2026-05-03 00:42:14.869767', NULL, 'lv', 'Spēj konstatēt un izlabot kļūdas pirmkodā (kursā apgūto tēmu ietvarā).', NULL, 3, '61f5e709-f4e1-4b30-8504-a806f48ed12a', NULL, NULL) ON CONFLICT DO NOTHING;
INSERT INTO public.course_results (id, created_at, deleted_at, language, learning_outcome, updated_at, category_id, course_id, created_by, updated_by) VALUES ('abe42b2a-2864-4ffc-abfa-2aa2167e4c8a', '2026-05-03 00:42:14.883959', NULL, 'lv', 'Spēj lasīt un izskaidrot Python pirmkodu (kursā apgūto tēmu ietvarā).', NULL, 3, '61f5e709-f4e1-4b30-8504-a806f48ed12a', NULL, NULL) ON CONFLICT DO NOTHING;
INSERT INTO public.course_results (id, created_at, deleted_at, language, learning_outcome, updated_at, category_id, course_id, created_by, updated_by) VALUES ('6f732230-c972-4b45-9642-51a6e872ecaa', '2026-05-03 00:42:14.897957', NULL, 'lv', 'Spēj strādāt un pildīt pienākumus, ievērojot kvalitātes standartus, pastāvīgi meklēt un izmantot informāciju, lai pilnveidotu savu kompetenci.', NULL, 3, '61f5e709-f4e1-4b30-8504-a806f48ed12a', NULL, NULL) ON CONFLICT DO NOTHING;
INSERT INTO public.course_results (id, created_at, deleted_at, language, learning_outcome, updated_at, category_id, course_id, created_by, updated_by) VALUES ('68778fa8-7ceb-4201-92a6-45bc7dcf20e7', '2026-05-03 11:13:47.016689', NULL, 'lv', 'Izprot angļu valodā lasīto, klausīto un skatīto oriģināltekstu par kursā ietvertajām IT nozares tēmām (un arī par uzņēmējdarbību apjomā, kādā skatīts kursa ietvaros), demonstrējot labu izpratni par teksta pragmatisko mērķi un tā sasniegšanai izmantotajiem valodas resursiem un paņēmieniem.', NULL, 1, '1cba519a-59a7-4093-b3d8-2072685c1bf2', NULL, NULL) ON CONFLICT DO NOTHING;
INSERT INTO public.course_results (id, created_at, deleted_at, language, learning_outcome, updated_at, category_id, course_id, created_by, updated_by) VALUES ('14668ed2-c8cf-4a1b-bf33-8ec9a9378119', '2026-05-03 11:13:47.072318', NULL, 'lv', 'Atpazīst un izprot dažādus IT nozares terminus un speciālo leksiku, specifiskos nozares saīsinājumus; ir izpratne par vārdu daudznozīmību un vārdarināšanu angļu valodā IT nozarē.', NULL, 1, '1cba519a-59a7-4093-b3d8-2072685c1bf2', NULL, NULL) ON CONFLICT DO NOTHING;
INSERT INTO public.course_results (id, created_at, deleted_at, language, learning_outcome, updated_at, category_id, course_id, created_by, updated_by) VALUES ('67186753-1d41-41f0-8e7f-0999a767689f', '2026-05-03 11:13:47.092061', NULL, 'lv', 'Izprot teikuma sintaksi un saistvārdu un interpunkcijas ietekmi uz teikumā pausto nozīmi un domas skaidrību.', NULL, 1, '1cba519a-59a7-4093-b3d8-2072685c1bf2', NULL, NULL) ON CONFLICT DO NOTHING;
INSERT INTO public.course_results (id, created_at, deleted_at, language, learning_outcome, updated_at, category_id, course_id, created_by, updated_by) VALUES ('9a349c2e-017d-4c08-a485-3a89d09be66b', '2026-05-03 11:13:47.124236', NULL, 'lv', 'Spēj atlasīt informāciju par IT nozari saistīto problemātiku, to apstrādāt un strukturētā, arī radošā veidā apkopot mutvārdu vai rakstu angļu valodā dažādai mērķauditorijai.', NULL, 2, '1cba519a-59a7-4093-b3d8-2072685c1bf2', NULL, NULL) ON CONFLICT DO NOTHING;
INSERT INTO public.course_results (id, created_at, deleted_at, language, learning_outcome, updated_at, category_id, course_id, created_by, updated_by) VALUES ('558a136a-3cd0-4e58-a2af-d3e629ba5d7f', '2026-05-03 11:13:47.155749', NULL, 'lv', 'Prot mutvārdos un rakstveidā izteikties par apgūtajām tēmām (piem., aprakstīt interneta un mākslīgā intelekta piedāvātās iespējas, jaunākās tehnoloģijas, atmiņas ierīces utt., spēj tās salīdzināt atbilstoši izvirzītiem kritērijiem gan speciālistiem, gan nespeciālistiem saprotamā angļu valodā) izmantojot atbilstošas angļu valodas gramatikas formas', NULL, 2, '1cba519a-59a7-4093-b3d8-2072685c1bf2', NULL, NULL) ON CONFLICT DO NOTHING;
INSERT INTO public.course_results (id, created_at, deleted_at, language, learning_outcome, updated_at, category_id, course_id, created_by, updated_by) VALUES ('bfd9f326-cf0d-41cf-b95c-29dc55f3bb4c', '2026-05-03 11:13:47.176437', NULL, 'lv', 'Spēj informāciju uztvert vienā valodā  un pasniegt to otrā valodā, tai pašā vai citā teksta veidā (LV–EN vai EN–LV) rakstiski un mutiski (par nodarbōibās skatītajām tēmām vai tām būtiskiem kontekstiem).', NULL, 2, '1cba519a-59a7-4093-b3d8-2072685c1bf2', NULL, NULL) ON CONFLICT DO NOTHING;
INSERT INTO public.course_results (id, created_at, deleted_at, language, learning_outcome, updated_at, category_id, course_id, created_by, updated_by) VALUES ('8687863a-917c-4a87-b3a3-af0ebe04cc94', '2026-05-03 11:13:47.194297', NULL, 'lv', 'Spēj nodemonstrēt prasmi un spēju patstāvīgi apgūt nozares leksiku un to lietot savā mutvārdu un rakstu valodā', NULL, 2, '1cba519a-59a7-4093-b3d8-2072685c1bf2', NULL, NULL) ON CONFLICT DO NOTHING;
INSERT INTO public.course_results (id, created_at, deleted_at, language, learning_outcome, updated_at, category_id, course_id, created_by, updated_by) VALUES ('99c6c059-f48a-4e6d-81ea-4f63cbb7ef5c', '2026-05-03 11:13:47.212662', NULL, 'lv', 'Spēj individuāli un grupā plānot, gatavot un izpildīt rakstveida un mutvārdu komunikācijas uzdevumus angļu valodā.', NULL, 3, '1cba519a-59a7-4093-b3d8-2072685c1bf2', NULL, NULL) ON CONFLICT DO NOTHING;
INSERT INTO public.course_results (id, created_at, deleted_at, language, learning_outcome, updated_at, category_id, course_id, created_by, updated_by) VALUES ('5e32016e-5362-48a2-a182-2994f17625fe', '2026-05-03 11:13:47.230983', NULL, 'lv', 'Spēj veikt studiju/ mācību uzdevumus atbilstoši kritērijiem, izvērtēt pats savu veikumu un izvirzīt uzdevumus savu prasmju pilnveidei', NULL, 3, '1cba519a-59a7-4093-b3d8-2072685c1bf2', NULL, NULL) ON CONFLICT DO NOTHING;
INSERT INTO public.course_results (id, created_at, deleted_at, language, learning_outcome, updated_at, category_id, course_id, created_by, updated_by) VALUES ('187c8933-4137-4fbd-8aee-9a1910ecb565', '2026-05-03 11:13:47.25833', NULL, 'lv', 'Spēj nodemonstrēt prasmi prezentēt sevi – savas stiprās un vājās puses - potenciālajam darba devējam angļu mutvārdos un rakstu valodā', NULL, 3, '1cba519a-59a7-4093-b3d8-2072685c1bf2', NULL, NULL) ON CONFLICT DO NOTHING;
INSERT INTO public.course_result_assessments (id, is_used, component_id, course_result_id) VALUES (6, true, 1, '8b934bd5-1f89-4037-9b56-a82ef20a889c') ON CONFLICT DO NOTHING;
INSERT INTO public.course_result_assessments (id, is_used, component_id, course_result_id) VALUES (7, true, 7, 'e6d8daf2-f781-4caf-b8c8-575f7bd79782') ON CONFLICT DO NOTHING;
INSERT INTO public.course_result_assessments (id, is_used, component_id, course_result_id) VALUES (8, true, 4, '765c6daf-4be0-4345-b4cd-e8bf40358c6c') ON CONFLICT DO NOTHING;
INSERT INTO public.course_result_assessments (id, is_used, component_id, course_result_id) VALUES (9, true, 4, '17e41ab6-95b7-428a-91b6-41a48bd52d63') ON CONFLICT DO NOTHING;
INSERT INTO public.course_result_assessments (id, is_used, component_id, course_result_id) VALUES (10, true, 5, '37bf32fd-df08-4481-95a1-d35729a8526a') ON CONFLICT DO NOTHING;
INSERT INTO public.course_result_assessments (id, is_used, component_id, course_result_id) VALUES (11, true, 7, '37bf32fd-df08-4481-95a1-d35729a8526a') ON CONFLICT DO NOTHING;
INSERT INTO public.course_result_assessments (id, is_used, component_id, course_result_id) VALUES (12, true, 1, 'dd74940a-3d98-4121-b5f3-a60bb569ca72') ON CONFLICT DO NOTHING;
INSERT INTO public.course_result_assessments (id, is_used, component_id, course_result_id) VALUES (13, true, 5, 'dd74940a-3d98-4121-b5f3-a60bb569ca72') ON CONFLICT DO NOTHING;
INSERT INTO public.course_result_assessments (id, is_used, component_id, course_result_id) VALUES (14, true, 5, '0067d0e9-67b8-41e1-8206-7b8f5ee6e19e') ON CONFLICT DO NOTHING;
INSERT INTO public.course_result_assessments (id, is_used, component_id, course_result_id) VALUES (15, true, 7, '0067d0e9-67b8-41e1-8206-7b8f5ee6e19e') ON CONFLICT DO NOTHING;
INSERT INTO public.course_result_assessments (id, is_used, component_id, course_result_id) VALUES (16, true, 5, '81706a0d-c10a-43de-88fc-beeb10467486') ON CONFLICT DO NOTHING;
INSERT INTO public.course_result_assessments (id, is_used, component_id, course_result_id) VALUES (17, true, 4, '46606e29-4f37-4b91-8dc3-f67c28947ad6') ON CONFLICT DO NOTHING;
INSERT INTO public.course_result_assessments (id, is_used, component_id, course_result_id) VALUES (18, true, 5, '46606e29-4f37-4b91-8dc3-f67c28947ad6') ON CONFLICT DO NOTHING;
INSERT INTO public.course_result_assessments (id, is_used, component_id, course_result_id) VALUES (19, true, 8, '46606e29-4f37-4b91-8dc3-f67c28947ad6') ON CONFLICT DO NOTHING;
INSERT INTO public.course_result_assessments (id, is_used, component_id, course_result_id) VALUES (20, true, 5, '7b208597-d108-40ea-9edc-73ed8a32fd31') ON CONFLICT DO NOTHING;
INSERT INTO public.course_result_assessments (id, is_used, component_id, course_result_id) VALUES (21, true, 7, '7b208597-d108-40ea-9edc-73ed8a32fd31') ON CONFLICT DO NOTHING;
INSERT INTO public.course_result_assessments (id, is_used, component_id, course_result_id) VALUES (22, true, 1, 'a3543f85-bcca-401a-8262-f6f387c8f461') ON CONFLICT DO NOTHING;
INSERT INTO public.course_result_assessments (id, is_used, component_id, course_result_id) VALUES (23, true, 5, 'a3543f85-bcca-401a-8262-f6f387c8f461') ON CONFLICT DO NOTHING;
INSERT INTO public.course_result_assessments (id, is_used, component_id, course_result_id) VALUES (24, true, 5, '2ca21b8c-d6b7-4b2d-af89-8f14f2580c89') ON CONFLICT DO NOTHING;
INSERT INTO public.course_result_assessments (id, is_used, component_id, course_result_id) VALUES (25, true, 7, '2ca21b8c-d6b7-4b2d-af89-8f14f2580c89') ON CONFLICT DO NOTHING;
INSERT INTO public.course_result_assessments (id, is_used, component_id, course_result_id) VALUES (26, true, 1, '7ee5eb30-9277-43a9-81bd-16075ae24b37') ON CONFLICT DO NOTHING;
INSERT INTO public.course_result_assessments (id, is_used, component_id, course_result_id) VALUES (27, true, 5, '7ee5eb30-9277-43a9-81bd-16075ae24b37') ON CONFLICT DO NOTHING;
INSERT INTO public.course_result_assessments (id, is_used, component_id, course_result_id) VALUES (28, true, 7, '7ee5eb30-9277-43a9-81bd-16075ae24b37') ON CONFLICT DO NOTHING;
INSERT INTO public.course_result_assessments (id, is_used, component_id, course_result_id) VALUES (29, true, 8, '7ee5eb30-9277-43a9-81bd-16075ae24b37') ON CONFLICT DO NOTHING;
INSERT INTO public.course_result_assessments (id, is_used, component_id, course_result_id) VALUES (30, true, 9, 'e6d8daf2-f781-4caf-b8c8-575f7bd79782') ON CONFLICT DO NOTHING;
INSERT INTO public.course_result_assessments (id, is_used, component_id, course_result_id) VALUES (31, true, 8, 'e6d8daf2-f781-4caf-b8c8-575f7bd79782') ON CONFLICT DO NOTHING;
INSERT INTO public.course_result_assessments (id, is_used, component_id, course_result_id) VALUES (32, true, 8, '37bf32fd-df08-4481-95a1-d35729a8526a') ON CONFLICT DO NOTHING;
INSERT INTO public.course_result_assessments (id, is_used, component_id, course_result_id) VALUES (33, true, 9, '81706a0d-c10a-43de-88fc-beeb10467486') ON CONFLICT DO NOTHING;
INSERT INTO public.course_result_assessments (id, is_used, component_id, course_result_id) VALUES (34, true, 1, 'e55a73c7-48e0-44c8-ba74-66e9d9049c3c') ON CONFLICT DO NOTHING;
INSERT INTO public.course_result_assessments (id, is_used, component_id, course_result_id) VALUES (35, true, 3, 'e55a73c7-48e0-44c8-ba74-66e9d9049c3c') ON CONFLICT DO NOTHING;
INSERT INTO public.course_result_assessments (id, is_used, component_id, course_result_id) VALUES (36, true, 5, 'e55a73c7-48e0-44c8-ba74-66e9d9049c3c') ON CONFLICT DO NOTHING;
INSERT INTO public.course_result_assessments (id, is_used, component_id, course_result_id) VALUES (37, true, 1, '9ecb002f-ed16-45ce-9a36-2dc4b669ff2c') ON CONFLICT DO NOTHING;
INSERT INTO public.course_result_assessments (id, is_used, component_id, course_result_id) VALUES (38, true, 3, '9ecb002f-ed16-45ce-9a36-2dc4b669ff2c') ON CONFLICT DO NOTHING;
INSERT INTO public.course_result_assessments (id, is_used, component_id, course_result_id) VALUES (39, true, 5, '9ecb002f-ed16-45ce-9a36-2dc4b669ff2c') ON CONFLICT DO NOTHING;
INSERT INTO public.course_result_assessments (id, is_used, component_id, course_result_id) VALUES (40, true, 8, '9ecb002f-ed16-45ce-9a36-2dc4b669ff2c') ON CONFLICT DO NOTHING;
INSERT INTO public.course_result_assessments (id, is_used, component_id, course_result_id) VALUES (41, true, 1, '307494ac-40ac-417a-9c7e-5091da81c13c') ON CONFLICT DO NOTHING;
INSERT INTO public.course_result_assessments (id, is_used, component_id, course_result_id) VALUES (42, true, 3, '307494ac-40ac-417a-9c7e-5091da81c13c') ON CONFLICT DO NOTHING;
INSERT INTO public.course_result_assessments (id, is_used, component_id, course_result_id) VALUES (43, true, 5, '307494ac-40ac-417a-9c7e-5091da81c13c') ON CONFLICT DO NOTHING;
INSERT INTO public.course_result_assessments (id, is_used, component_id, course_result_id) VALUES (44, true, 8, '307494ac-40ac-417a-9c7e-5091da81c13c') ON CONFLICT DO NOTHING;
INSERT INTO public.course_result_assessments (id, is_used, component_id, course_result_id) VALUES (45, true, 1, 'd7e09579-0a8b-48b8-bd96-935c23b0ee68') ON CONFLICT DO NOTHING;
INSERT INTO public.course_result_assessments (id, is_used, component_id, course_result_id) VALUES (46, true, 3, 'd7e09579-0a8b-48b8-bd96-935c23b0ee68') ON CONFLICT DO NOTHING;
INSERT INTO public.course_result_assessments (id, is_used, component_id, course_result_id) VALUES (47, true, 5, 'd7e09579-0a8b-48b8-bd96-935c23b0ee68') ON CONFLICT DO NOTHING;
INSERT INTO public.course_result_assessments (id, is_used, component_id, course_result_id) VALUES (48, true, 8, 'd7e09579-0a8b-48b8-bd96-935c23b0ee68') ON CONFLICT DO NOTHING;
INSERT INTO public.course_result_assessments (id, is_used, component_id, course_result_id) VALUES (49, true, 1, 'e85fd4ab-cd20-4528-8298-d5fe2968b17c') ON CONFLICT DO NOTHING;
INSERT INTO public.course_result_assessments (id, is_used, component_id, course_result_id) VALUES (50, true, 3, 'e85fd4ab-cd20-4528-8298-d5fe2968b17c') ON CONFLICT DO NOTHING;
INSERT INTO public.course_result_assessments (id, is_used, component_id, course_result_id) VALUES (51, true, 5, 'e85fd4ab-cd20-4528-8298-d5fe2968b17c') ON CONFLICT DO NOTHING;
INSERT INTO public.course_result_assessments (id, is_used, component_id, course_result_id) VALUES (52, true, 8, 'e85fd4ab-cd20-4528-8298-d5fe2968b17c') ON CONFLICT DO NOTHING;
INSERT INTO public.course_result_assessments (id, is_used, component_id, course_result_id) VALUES (53, true, 1, '4d06d008-6367-4d0f-9769-c8c1d8239f3f') ON CONFLICT DO NOTHING;
INSERT INTO public.course_result_assessments (id, is_used, component_id, course_result_id) VALUES (54, true, 3, '4d06d008-6367-4d0f-9769-c8c1d8239f3f') ON CONFLICT DO NOTHING;
INSERT INTO public.course_result_assessments (id, is_used, component_id, course_result_id) VALUES (55, true, 5, '4d06d008-6367-4d0f-9769-c8c1d8239f3f') ON CONFLICT DO NOTHING;
INSERT INTO public.course_result_assessments (id, is_used, component_id, course_result_id) VALUES (56, true, 8, '4d06d008-6367-4d0f-9769-c8c1d8239f3f') ON CONFLICT DO NOTHING;
INSERT INTO public.course_result_assessments (id, is_used, component_id, course_result_id) VALUES (57, true, 1, '77b60e9f-0878-4366-bda0-159dc1b44827') ON CONFLICT DO NOTHING;
INSERT INTO public.course_result_assessments (id, is_used, component_id, course_result_id) VALUES (58, true, 3, '77b60e9f-0878-4366-bda0-159dc1b44827') ON CONFLICT DO NOTHING;
INSERT INTO public.course_result_assessments (id, is_used, component_id, course_result_id) VALUES (59, true, 5, '77b60e9f-0878-4366-bda0-159dc1b44827') ON CONFLICT DO NOTHING;
INSERT INTO public.course_result_assessments (id, is_used, component_id, course_result_id) VALUES (60, true, 8, '77b60e9f-0878-4366-bda0-159dc1b44827') ON CONFLICT DO NOTHING;
INSERT INTO public.course_result_assessments (id, is_used, component_id, course_result_id) VALUES (61, true, 1, '3e48d366-b3c3-41e0-8cb8-a27f9feebf04') ON CONFLICT DO NOTHING;
INSERT INTO public.course_result_assessments (id, is_used, component_id, course_result_id) VALUES (62, true, 3, '3e48d366-b3c3-41e0-8cb8-a27f9feebf04') ON CONFLICT DO NOTHING;
INSERT INTO public.course_result_assessments (id, is_used, component_id, course_result_id) VALUES (63, true, 5, '3e48d366-b3c3-41e0-8cb8-a27f9feebf04') ON CONFLICT DO NOTHING;
INSERT INTO public.course_result_assessments (id, is_used, component_id, course_result_id) VALUES (64, true, 1, 'a116a46c-e5fc-406c-8879-ceb5ff0aa437') ON CONFLICT DO NOTHING;
INSERT INTO public.course_result_assessments (id, is_used, component_id, course_result_id) VALUES (65, true, 3, 'a116a46c-e5fc-406c-8879-ceb5ff0aa437') ON CONFLICT DO NOTHING;
INSERT INTO public.course_result_assessments (id, is_used, component_id, course_result_id) VALUES (66, true, 5, 'a116a46c-e5fc-406c-8879-ceb5ff0aa437') ON CONFLICT DO NOTHING;
INSERT INTO public.course_result_assessments (id, is_used, component_id, course_result_id) VALUES (67, false, 8, 'a116a46c-e5fc-406c-8879-ceb5ff0aa437') ON CONFLICT DO NOTHING;
INSERT INTO public.course_result_assessments (id, is_used, component_id, course_result_id) VALUES (68, true, 1, '4031e319-0adb-4e83-b01c-0bc5a4a0768e') ON CONFLICT DO NOTHING;
INSERT INTO public.course_result_assessments (id, is_used, component_id, course_result_id) VALUES (69, true, 3, '4031e319-0adb-4e83-b01c-0bc5a4a0768e') ON CONFLICT DO NOTHING;
INSERT INTO public.course_result_assessments (id, is_used, component_id, course_result_id) VALUES (70, true, 5, '4031e319-0adb-4e83-b01c-0bc5a4a0768e') ON CONFLICT DO NOTHING;
INSERT INTO public.course_result_assessments (id, is_used, component_id, course_result_id) VALUES (71, true, 8, '4031e319-0adb-4e83-b01c-0bc5a4a0768e') ON CONFLICT DO NOTHING;
INSERT INTO public.course_result_assessments (id, is_used, component_id, course_result_id) VALUES (72, true, 1, '187bd41c-493f-4941-8d9e-026d103aa56f') ON CONFLICT DO NOTHING;
INSERT INTO public.course_result_assessments (id, is_used, component_id, course_result_id) VALUES (73, true, 3, '187bd41c-493f-4941-8d9e-026d103aa56f') ON CONFLICT DO NOTHING;
INSERT INTO public.course_result_assessments (id, is_used, component_id, course_result_id) VALUES (74, true, 5, '187bd41c-493f-4941-8d9e-026d103aa56f') ON CONFLICT DO NOTHING;
INSERT INTO public.course_result_assessments (id, is_used, component_id, course_result_id) VALUES (75, true, 8, '187bd41c-493f-4941-8d9e-026d103aa56f') ON CONFLICT DO NOTHING;
INSERT INTO public.course_result_assessments (id, is_used, component_id, course_result_id) VALUES (76, true, 3, 'e6b85532-441f-4254-8f0e-00d3c06a812c') ON CONFLICT DO NOTHING;
INSERT INTO public.course_result_assessments (id, is_used, component_id, course_result_id) VALUES (77, true, 5, 'e6b85532-441f-4254-8f0e-00d3c06a812c') ON CONFLICT DO NOTHING;
INSERT INTO public.course_result_assessments (id, is_used, component_id, course_result_id) VALUES (78, true, 8, 'e6b85532-441f-4254-8f0e-00d3c06a812c') ON CONFLICT DO NOTHING;
INSERT INTO public.course_result_assessments (id, is_used, component_id, course_result_id) VALUES (79, true, 3, '22400a1d-d8ff-42d5-a079-bfda1409674a') ON CONFLICT DO NOTHING;
INSERT INTO public.course_result_assessments (id, is_used, component_id, course_result_id) VALUES (80, true, 5, '22400a1d-d8ff-42d5-a079-bfda1409674a') ON CONFLICT DO NOTHING;
INSERT INTO public.course_result_assessments (id, is_used, component_id, course_result_id) VALUES (81, true, 8, '22400a1d-d8ff-42d5-a079-bfda1409674a') ON CONFLICT DO NOTHING;
INSERT INTO public.course_result_assessments (id, is_used, component_id, course_result_id) VALUES (82, true, 3, 'e9abac65-fd33-49dc-81a5-2d76377d987a') ON CONFLICT DO NOTHING;
INSERT INTO public.course_result_assessments (id, is_used, component_id, course_result_id) VALUES (83, true, 5, 'e9abac65-fd33-49dc-81a5-2d76377d987a') ON CONFLICT DO NOTHING;
INSERT INTO public.course_result_assessments (id, is_used, component_id, course_result_id) VALUES (84, true, 8, 'e9abac65-fd33-49dc-81a5-2d76377d987a') ON CONFLICT DO NOTHING;
INSERT INTO public.course_result_assessments (id, is_used, component_id, course_result_id) VALUES (85, true, 3, '71ba0e5b-4ce2-42d6-baaf-2d3fbd33e5c1') ON CONFLICT DO NOTHING;
INSERT INTO public.course_result_assessments (id, is_used, component_id, course_result_id) VALUES (86, true, 3, 'eca62fa4-4766-4904-ab66-94e04f02b01a') ON CONFLICT DO NOTHING;
INSERT INTO public.course_result_assessments (id, is_used, component_id, course_result_id) VALUES (87, true, 5, 'eca62fa4-4766-4904-ab66-94e04f02b01a') ON CONFLICT DO NOTHING;
INSERT INTO public.course_result_assessments (id, is_used, component_id, course_result_id) VALUES (88, true, 3, '64f09df0-f78d-4e64-8f65-6be80ec0eef0') ON CONFLICT DO NOTHING;
INSERT INTO public.course_result_assessments (id, is_used, component_id, course_result_id) VALUES (89, true, 5, '64f09df0-f78d-4e64-8f65-6be80ec0eef0') ON CONFLICT DO NOTHING;
INSERT INTO public.course_result_assessments (id, is_used, component_id, course_result_id) VALUES (90, true, 5, '2b195e94-e3fb-4f5a-a782-2e9c2968c55a') ON CONFLICT DO NOTHING;
INSERT INTO public.course_result_assessments (id, is_used, component_id, course_result_id) VALUES (91, true, 8, '2b195e94-e3fb-4f5a-a782-2e9c2968c55a') ON CONFLICT DO NOTHING;
INSERT INTO public.course_result_assessments (id, is_used, component_id, course_result_id) VALUES (92, true, 5, '8443d60d-4044-46fb-a583-94a9e62a6242') ON CONFLICT DO NOTHING;
INSERT INTO public.course_result_assessments (id, is_used, component_id, course_result_id) VALUES (93, true, 7, '8443d60d-4044-46fb-a583-94a9e62a6242') ON CONFLICT DO NOTHING;
INSERT INTO public.course_result_assessments (id, is_used, component_id, course_result_id) VALUES (94, true, 5, '0283a289-4e05-44e6-8435-bdb43f40dba8') ON CONFLICT DO NOTHING;
INSERT INTO public.course_result_assessments (id, is_used, component_id, course_result_id) VALUES (95, true, 8, '0283a289-4e05-44e6-8435-bdb43f40dba8') ON CONFLICT DO NOTHING;
INSERT INTO public.course_result_assessments (id, is_used, component_id, course_result_id) VALUES (96, true, 5, 'a2280192-862b-4321-bf49-446f27c406ef') ON CONFLICT DO NOTHING;
INSERT INTO public.course_result_assessments (id, is_used, component_id, course_result_id) VALUES (97, true, 7, 'a2280192-862b-4321-bf49-446f27c406ef') ON CONFLICT DO NOTHING;
INSERT INTO public.course_result_assessments (id, is_used, component_id, course_result_id) VALUES (98, true, 5, 'b2d6dd5a-b734-4daa-9365-b9555b78a76c') ON CONFLICT DO NOTHING;
INSERT INTO public.course_result_assessments (id, is_used, component_id, course_result_id) VALUES (99, true, 7, 'b2d6dd5a-b734-4daa-9365-b9555b78a76c') ON CONFLICT DO NOTHING;
INSERT INTO public.course_result_assessments (id, is_used, component_id, course_result_id) VALUES (100, true, 8, 'b2d6dd5a-b734-4daa-9365-b9555b78a76c') ON CONFLICT DO NOTHING;
INSERT INTO public.course_result_assessments (id, is_used, component_id, course_result_id) VALUES (101, true, 5, '9cfd5733-2cce-47ac-9525-ed1417b26831') ON CONFLICT DO NOTHING;
INSERT INTO public.course_result_assessments (id, is_used, component_id, course_result_id) VALUES (102, true, 7, '9cfd5733-2cce-47ac-9525-ed1417b26831') ON CONFLICT DO NOTHING;
INSERT INTO public.course_result_assessments (id, is_used, component_id, course_result_id) VALUES (103, true, 5, '7d4ca688-8921-4f9b-b55c-467e405a1285') ON CONFLICT DO NOTHING;
INSERT INTO public.course_result_assessments (id, is_used, component_id, course_result_id) VALUES (104, true, 8, '7d4ca688-8921-4f9b-b55c-467e405a1285') ON CONFLICT DO NOTHING;
INSERT INTO public.course_result_assessments (id, is_used, component_id, course_result_id) VALUES (105, true, 5, 'c40d1c72-9beb-48c6-871f-c17c52ead009') ON CONFLICT DO NOTHING;
INSERT INTO public.course_result_assessments (id, is_used, component_id, course_result_id) VALUES (106, true, 7, 'c40d1c72-9beb-48c6-871f-c17c52ead009') ON CONFLICT DO NOTHING;
INSERT INTO public.course_result_assessments (id, is_used, component_id, course_result_id) VALUES (107, true, 7, '0796983d-fe29-4bbb-9c90-00d22fd413ec') ON CONFLICT DO NOTHING;
INSERT INTO public.course_result_assessments (id, is_used, component_id, course_result_id) VALUES (108, true, 5, 'c3b13be7-dd50-476b-bff4-53969a031d63') ON CONFLICT DO NOTHING;
INSERT INTO public.course_result_assessments (id, is_used, component_id, course_result_id) VALUES (109, true, 7, 'c3b13be7-dd50-476b-bff4-53969a031d63') ON CONFLICT DO NOTHING;
INSERT INTO public.course_result_assessments (id, is_used, component_id, course_result_id) VALUES (110, true, 5, '8c45a597-a911-4954-9639-308cd925f5e6') ON CONFLICT DO NOTHING;
INSERT INTO public.course_result_assessments (id, is_used, component_id, course_result_id) VALUES (111, true, 1, '522f8a75-76f7-485f-b4b0-4b468553bfae') ON CONFLICT DO NOTHING;
INSERT INTO public.course_result_assessments (id, is_used, component_id, course_result_id) VALUES (112, true, 5, '522f8a75-76f7-485f-b4b0-4b468553bfae') ON CONFLICT DO NOTHING;
INSERT INTO public.course_result_assessments (id, is_used, component_id, course_result_id) VALUES (113, true, 1, 'e4962262-4a43-4895-ac1b-30e04fc0b134') ON CONFLICT DO NOTHING;
INSERT INTO public.course_result_assessments (id, is_used, component_id, course_result_id) VALUES (114, true, 3, 'e4962262-4a43-4895-ac1b-30e04fc0b134') ON CONFLICT DO NOTHING;
INSERT INTO public.course_result_assessments (id, is_used, component_id, course_result_id) VALUES (115, true, 5, 'e4962262-4a43-4895-ac1b-30e04fc0b134') ON CONFLICT DO NOTHING;
INSERT INTO public.course_result_assessments (id, is_used, component_id, course_result_id) VALUES (116, true, 8, 'e4962262-4a43-4895-ac1b-30e04fc0b134') ON CONFLICT DO NOTHING;
INSERT INTO public.course_result_assessments (id, is_used, component_id, course_result_id) VALUES (117, true, 1, '082e43cb-d926-4d5b-a985-be2b38e05db4') ON CONFLICT DO NOTHING;
INSERT INTO public.course_result_assessments (id, is_used, component_id, course_result_id) VALUES (118, true, 3, '082e43cb-d926-4d5b-a985-be2b38e05db4') ON CONFLICT DO NOTHING;
INSERT INTO public.course_result_assessments (id, is_used, component_id, course_result_id) VALUES (119, true, 8, '082e43cb-d926-4d5b-a985-be2b38e05db4') ON CONFLICT DO NOTHING;
INSERT INTO public.course_result_assessments (id, is_used, component_id, course_result_id) VALUES (120, true, 1, 'b96db816-3a1b-4c8a-987e-ef7ef57356f9') ON CONFLICT DO NOTHING;
INSERT INTO public.course_result_assessments (id, is_used, component_id, course_result_id) VALUES (121, true, 3, 'b96db816-3a1b-4c8a-987e-ef7ef57356f9') ON CONFLICT DO NOTHING;
INSERT INTO public.course_result_assessments (id, is_used, component_id, course_result_id) VALUES (122, true, 8, 'b96db816-3a1b-4c8a-987e-ef7ef57356f9') ON CONFLICT DO NOTHING;
INSERT INTO public.course_result_assessments (id, is_used, component_id, course_result_id) VALUES (123, true, 3, 'dc1fef24-dd5e-40a2-9d2e-b5ffb518e6a7') ON CONFLICT DO NOTHING;
INSERT INTO public.course_result_assessments (id, is_used, component_id, course_result_id) VALUES (124, true, 8, 'dc1fef24-dd5e-40a2-9d2e-b5ffb518e6a7') ON CONFLICT DO NOTHING;
INSERT INTO public.course_result_assessments (id, is_used, component_id, course_result_id) VALUES (125, true, 3, '6f3f611d-dbcb-4808-8935-d7c293ec5feb') ON CONFLICT DO NOTHING;
INSERT INTO public.course_result_assessments (id, is_used, component_id, course_result_id) VALUES (126, true, 5, '6f3f611d-dbcb-4808-8935-d7c293ec5feb') ON CONFLICT DO NOTHING;
INSERT INTO public.course_result_assessments (id, is_used, component_id, course_result_id) VALUES (127, true, 8, '6f3f611d-dbcb-4808-8935-d7c293ec5feb') ON CONFLICT DO NOTHING;
INSERT INTO public.course_result_assessments (id, is_used, component_id, course_result_id) VALUES (128, true, 3, 'acd0f7ae-42e3-4f3b-8528-2f91ed31b1da') ON CONFLICT DO NOTHING;
INSERT INTO public.course_result_assessments (id, is_used, component_id, course_result_id) VALUES (129, true, 5, 'acd0f7ae-42e3-4f3b-8528-2f91ed31b1da') ON CONFLICT DO NOTHING;
INSERT INTO public.course_result_assessments (id, is_used, component_id, course_result_id) VALUES (130, true, 8, 'acd0f7ae-42e3-4f3b-8528-2f91ed31b1da') ON CONFLICT DO NOTHING;
INSERT INTO public.course_result_assessments (id, is_used, component_id, course_result_id) VALUES (131, true, 3, 'cd07fe18-ef19-4350-9a99-c95aa71e03d8') ON CONFLICT DO NOTHING;
INSERT INTO public.course_result_assessments (id, is_used, component_id, course_result_id) VALUES (132, true, 5, 'cd07fe18-ef19-4350-9a99-c95aa71e03d8') ON CONFLICT DO NOTHING;
INSERT INTO public.course_result_assessments (id, is_used, component_id, course_result_id) VALUES (133, true, 8, 'cd07fe18-ef19-4350-9a99-c95aa71e03d8') ON CONFLICT DO NOTHING;
INSERT INTO public.course_result_assessments (id, is_used, component_id, course_result_id) VALUES (134, true, 1, '13574f81-2ea1-4c03-b830-102b9565145e') ON CONFLICT DO NOTHING;
INSERT INTO public.course_result_assessments (id, is_used, component_id, course_result_id) VALUES (135, true, 3, '13574f81-2ea1-4c03-b830-102b9565145e') ON CONFLICT DO NOTHING;
INSERT INTO public.course_result_assessments (id, is_used, component_id, course_result_id) VALUES (136, true, 5, '13574f81-2ea1-4c03-b830-102b9565145e') ON CONFLICT DO NOTHING;
INSERT INTO public.course_result_assessments (id, is_used, component_id, course_result_id) VALUES (137, true, 1, 'abe42b2a-2864-4ffc-abfa-2aa2167e4c8a') ON CONFLICT DO NOTHING;
INSERT INTO public.course_result_assessments (id, is_used, component_id, course_result_id) VALUES (138, true, 3, 'abe42b2a-2864-4ffc-abfa-2aa2167e4c8a') ON CONFLICT DO NOTHING;
INSERT INTO public.course_result_assessments (id, is_used, component_id, course_result_id) VALUES (139, true, 5, 'abe42b2a-2864-4ffc-abfa-2aa2167e4c8a') ON CONFLICT DO NOTHING;
INSERT INTO public.course_result_assessments (id, is_used, component_id, course_result_id) VALUES (140, true, 8, 'abe42b2a-2864-4ffc-abfa-2aa2167e4c8a') ON CONFLICT DO NOTHING;
INSERT INTO public.course_result_assessments (id, is_used, component_id, course_result_id) VALUES (141, true, 3, '6f732230-c972-4b45-9642-51a6e872ecaa') ON CONFLICT DO NOTHING;
INSERT INTO public.course_result_assessments (id, is_used, component_id, course_result_id) VALUES (142, true, 5, '6f732230-c972-4b45-9642-51a6e872ecaa') ON CONFLICT DO NOTHING;
INSERT INTO public.course_result_assessments (id, is_used, component_id, course_result_id) VALUES (143, true, 8, '6f732230-c972-4b45-9642-51a6e872ecaa') ON CONFLICT DO NOTHING;
INSERT INTO public.course_result_assessments (id, is_used, component_id, course_result_id) VALUES (144, true, 3, 'c564e0ae-9a19-4bd1-888e-4c3e12c6e516') ON CONFLICT DO NOTHING;
INSERT INTO public.course_result_assessments (id, is_used, component_id, course_result_id) VALUES (145, true, 8, 'c564e0ae-9a19-4bd1-888e-4c3e12c6e516') ON CONFLICT DO NOTHING;
INSERT INTO public.course_result_assessments (id, is_used, component_id, course_result_id) VALUES (146, true, 1, '7e44a50f-c64d-4aba-92bb-26ad44bf93eb') ON CONFLICT DO NOTHING;
INSERT INTO public.course_result_assessments (id, is_used, component_id, course_result_id) VALUES (147, true, 3, '7e44a50f-c64d-4aba-92bb-26ad44bf93eb') ON CONFLICT DO NOTHING;
INSERT INTO public.course_result_assessments (id, is_used, component_id, course_result_id) VALUES (148, true, 8, '7e44a50f-c64d-4aba-92bb-26ad44bf93eb') ON CONFLICT DO NOTHING;
INSERT INTO public.course_result_assessments (id, is_used, component_id, course_result_id) VALUES (149, true, 1, 'eec458d4-b88e-4f4f-86eb-59e1fcab5a28') ON CONFLICT DO NOTHING;
INSERT INTO public.course_result_assessments (id, is_used, component_id, course_result_id) VALUES (150, true, 3, 'eec458d4-b88e-4f4f-86eb-59e1fcab5a28') ON CONFLICT DO NOTHING;
INSERT INTO public.course_result_assessments (id, is_used, component_id, course_result_id) VALUES (151, true, 8, 'eec458d4-b88e-4f4f-86eb-59e1fcab5a28') ON CONFLICT DO NOTHING;
INSERT INTO public.course_result_assessments (id, is_used, component_id, course_result_id) VALUES (152, true, 1, '3b8400e1-062e-4356-ad3b-58c1bf8b3f78') ON CONFLICT DO NOTHING;
INSERT INTO public.course_result_assessments (id, is_used, component_id, course_result_id) VALUES (153, true, 3, '3b8400e1-062e-4356-ad3b-58c1bf8b3f78') ON CONFLICT DO NOTHING;
INSERT INTO public.course_result_assessments (id, is_used, component_id, course_result_id) VALUES (154, true, 8, '3b8400e1-062e-4356-ad3b-58c1bf8b3f78') ON CONFLICT DO NOTHING;
INSERT INTO public.course_result_assessments (id, is_used, component_id, course_result_id) VALUES (155, true, 3, 'ed07bded-9450-425a-b7a8-399cfa4764c8') ON CONFLICT DO NOTHING;
INSERT INTO public.course_result_assessments (id, is_used, component_id, course_result_id) VALUES (156, true, 8, 'ed07bded-9450-425a-b7a8-399cfa4764c8') ON CONFLICT DO NOTHING;
INSERT INTO public.course_result_assessments (id, is_used, component_id, course_result_id) VALUES (157, true, 4, '8b934bd5-1f89-4037-9b56-a82ef20a889c') ON CONFLICT DO NOTHING;
INSERT INTO public.course_result_assessments (id, is_used, component_id, course_result_id) VALUES (158, false, 7, '8b934bd5-1f89-4037-9b56-a82ef20a889c') ON CONFLICT DO NOTHING;
INSERT INTO public.course_result_assessments (id, is_used, component_id, course_result_id) VALUES (159, true, 8, '8b934bd5-1f89-4037-9b56-a82ef20a889c') ON CONFLICT DO NOTHING;
INSERT INTO public.course_result_assessments (id, is_used, component_id, course_result_id) VALUES (160, true, 4, 'dd74940a-3d98-4121-b5f3-a60bb569ca72') ON CONFLICT DO NOTHING;
INSERT INTO public.course_result_assessments (id, is_used, component_id, course_result_id) VALUES (161, true, 8, 'dd74940a-3d98-4121-b5f3-a60bb569ca72') ON CONFLICT DO NOTHING;
INSERT INTO public.course_result_assessments (id, is_used, component_id, course_result_id) VALUES (162, true, 4, 'a3543f85-bcca-401a-8262-f6f387c8f461') ON CONFLICT DO NOTHING;
INSERT INTO public.course_result_assessments (id, is_used, component_id, course_result_id) VALUES (163, true, 7, 'a3543f85-bcca-401a-8262-f6f387c8f461') ON CONFLICT DO NOTHING;
INSERT INTO public.course_result_assessments (id, is_used, component_id, course_result_id) VALUES (164, true, 8, 'a3543f85-bcca-401a-8262-f6f387c8f461') ON CONFLICT DO NOTHING;
INSERT INTO public.self_study_activities (id, description, name) VALUES (1, NULL, 'Studentu individuālais/patstāvīgais darbs') ON CONFLICT DO NOTHING;
INSERT INTO public.self_study_activities (id, description, name) VALUES (2, NULL, 'Patstāvīga praktiskā darba izstrāde') ON CONFLICT DO NOTHING;
INSERT INTO public.self_study_activities (id, description, name) VALUES (3, NULL, 'Regulāra studiju kursa vielas apgūšana, izmantojot lekciju materiālus, mācību literatūru, interneta resursus u.c.') ON CONFLICT DO NOTHING;
INSERT INTO public.self_study_activities (id, description, name) VALUES (4, NULL, 'Mājas darbu izpilde') ON CONFLICT DO NOTHING;
INSERT INTO public.self_study_activities (id, description, name) VALUES (5, NULL, 'Gatavošanās pārbaudes darbiem') ON CONFLICT DO NOTHING;
INSERT INTO public.self_study_activities (id, description, name) VALUES (6, NULL, 'Studiju darba izstrāde') ON CONFLICT DO NOTHING;
INSERT INTO public.self_study_activities (id, description, name) VALUES (7, NULL, 'Studiju darba izstrāde') ON CONFLICT DO NOTHING;
INSERT INTO public.self_study_activities (id, description, name) VALUES (8, NULL, 'Gatavošanās eksāmenam') ON CONFLICT DO NOTHING;
INSERT INTO public.course_self_study_distribution (id, created_at, percentage, updated_at, activity_id, course_info_id, created_by, updated_by, display_order) VALUES (1, '2026-04-05 20:12:10.127697', 30, NULL, 1, 'c74bab0f-0045-45b3-8547-4e2131abce5a', NULL, NULL, 0) ON CONFLICT DO NOTHING;
INSERT INTO public.course_self_study_distribution (id, created_at, percentage, updated_at, activity_id, course_info_id, created_by, updated_by, display_order) VALUES (2, '2026-04-05 20:12:10.170689', 30, NULL, 3, 'c74bab0f-0045-45b3-8547-4e2131abce5a', NULL, NULL, 1) ON CONFLICT DO NOTHING;
INSERT INTO public.course_self_study_distribution (id, created_at, percentage, updated_at, activity_id, course_info_id, created_by, updated_by, display_order) VALUES (3, '2026-04-05 20:12:10.193645', 20, NULL, 4, 'c74bab0f-0045-45b3-8547-4e2131abce5a', NULL, NULL, 2) ON CONFLICT DO NOTHING;
INSERT INTO public.course_self_study_distribution (id, created_at, percentage, updated_at, activity_id, course_info_id, created_by, updated_by, display_order) VALUES (4, '2026-04-05 20:12:10.216827', 20, NULL, 8, 'c74bab0f-0045-45b3-8547-4e2131abce5a', NULL, NULL, 3) ON CONFLICT DO NOTHING;
INSERT INTO public.course_self_study_distribution (id, created_at, percentage, updated_at, activity_id, course_info_id, created_by, updated_by, display_order) VALUES (5, '2026-04-19 04:06:58.374295', 40, NULL, 3, 'c2cb8133-dbca-42a5-82a2-defff0662094', NULL, NULL, 0) ON CONFLICT DO NOTHING;
INSERT INTO public.course_self_study_distribution (id, created_at, percentage, updated_at, activity_id, course_info_id, created_by, updated_by, display_order) VALUES (6, '2026-04-19 04:06:58.396411', 20, NULL, 4, 'c2cb8133-dbca-42a5-82a2-defff0662094', NULL, NULL, 1) ON CONFLICT DO NOTHING;
INSERT INTO public.course_self_study_distribution (id, created_at, percentage, updated_at, activity_id, course_info_id, created_by, updated_by, display_order) VALUES (7, '2026-04-19 04:06:58.412227', 20, NULL, 5, 'c2cb8133-dbca-42a5-82a2-defff0662094', NULL, NULL, 2) ON CONFLICT DO NOTHING;
INSERT INTO public.course_self_study_distribution (id, created_at, percentage, updated_at, activity_id, course_info_id, created_by, updated_by, display_order) VALUES (8, '2026-04-19 04:06:58.423778', 20, NULL, 8, 'c2cb8133-dbca-42a5-82a2-defff0662094', NULL, NULL, 3) ON CONFLICT DO NOTHING;
INSERT INTO public.course_self_study_distribution (id, created_at, percentage, updated_at, activity_id, course_info_id, created_by, updated_by, display_order) VALUES (9, '2026-05-03 00:11:29.201642', 20, NULL, 3, 'b8e12532-459d-4dba-bcc8-f3385c06f0b5', NULL, NULL, 0) ON CONFLICT DO NOTHING;
INSERT INTO public.course_self_study_distribution (id, created_at, percentage, updated_at, activity_id, course_info_id, created_by, updated_by, display_order) VALUES (10, '2026-05-03 00:11:29.223918', 50, NULL, 4, 'b8e12532-459d-4dba-bcc8-f3385c06f0b5', NULL, NULL, 1) ON CONFLICT DO NOTHING;
INSERT INTO public.course_self_study_distribution (id, created_at, percentage, updated_at, activity_id, course_info_id, created_by, updated_by, display_order) VALUES (11, '2026-05-03 00:11:29.236722', 10, NULL, 5, 'b8e12532-459d-4dba-bcc8-f3385c06f0b5', NULL, NULL, 2) ON CONFLICT DO NOTHING;
INSERT INTO public.course_self_study_distribution (id, created_at, percentage, updated_at, activity_id, course_info_id, created_by, updated_by, display_order) VALUES (12, '2026-05-03 00:11:29.249001', 20, NULL, 8, 'b8e12532-459d-4dba-bcc8-f3385c06f0b5', NULL, NULL, 3) ON CONFLICT DO NOTHING;
INSERT INTO public.course_self_study_distribution (id, created_at, percentage, updated_at, activity_id, course_info_id, created_by, updated_by, display_order) VALUES (13, '2026-05-03 00:34:47.565108', 30, NULL, 2, '884291a6-0809-44cc-826c-d3c28ab24b39', NULL, NULL, 0) ON CONFLICT DO NOTHING;
INSERT INTO public.course_self_study_distribution (id, created_at, percentage, updated_at, activity_id, course_info_id, created_by, updated_by, display_order) VALUES (14, '2026-05-03 00:34:47.585349', 30, NULL, 3, '884291a6-0809-44cc-826c-d3c28ab24b39', NULL, NULL, 1) ON CONFLICT DO NOTHING;
INSERT INTO public.course_self_study_distribution (id, created_at, percentage, updated_at, activity_id, course_info_id, created_by, updated_by, display_order) VALUES (15, '2026-05-03 00:34:47.60357', 10, NULL, 5, '884291a6-0809-44cc-826c-d3c28ab24b39', NULL, NULL, 2) ON CONFLICT DO NOTHING;
INSERT INTO public.course_self_study_distribution (id, created_at, percentage, updated_at, activity_id, course_info_id, created_by, updated_by, display_order) VALUES (16, '2026-05-03 00:34:47.616147', 30, NULL, 8, '884291a6-0809-44cc-826c-d3c28ab24b39', NULL, NULL, 3) ON CONFLICT DO NOTHING;
INSERT INTO public.course_self_study_distribution (id, created_at, percentage, updated_at, activity_id, course_info_id, created_by, updated_by, display_order) VALUES (17, '2026-05-03 01:02:28.511451', 15, NULL, 3, '808096ac-ffdc-44f0-a90a-35977c816e52', NULL, NULL, 0) ON CONFLICT DO NOTHING;
INSERT INTO public.course_self_study_distribution (id, created_at, percentage, updated_at, activity_id, course_info_id, created_by, updated_by, display_order) VALUES (18, '2026-05-03 01:02:28.527504', 40, NULL, 4, '808096ac-ffdc-44f0-a90a-35977c816e52', NULL, NULL, 1) ON CONFLICT DO NOTHING;
INSERT INTO public.course_self_study_distribution (id, created_at, percentage, updated_at, activity_id, course_info_id, created_by, updated_by, display_order) VALUES (19, '2026-05-03 01:02:28.540498', 15, NULL, 5, '808096ac-ffdc-44f0-a90a-35977c816e52', NULL, NULL, 2) ON CONFLICT DO NOTHING;
INSERT INTO public.course_self_study_distribution (id, created_at, percentage, updated_at, activity_id, course_info_id, created_by, updated_by, display_order) VALUES (20, '2026-05-03 01:02:28.553656', 30, NULL, 8, '808096ac-ffdc-44f0-a90a-35977c816e52', NULL, NULL, 3) ON CONFLICT DO NOTHING;
INSERT INTO public.course_self_study_distribution (id, created_at, percentage, updated_at, activity_id, course_info_id, created_by, updated_by, display_order) VALUES (21, '2026-05-03 11:26:22.956708', 30, NULL, 1, 'f96e6a04-70cb-4822-af03-4eb0097f6e90', NULL, NULL, 0) ON CONFLICT DO NOTHING;
INSERT INTO public.course_self_study_distribution (id, created_at, percentage, updated_at, activity_id, course_info_id, created_by, updated_by, display_order) VALUES (22, '2026-05-03 11:26:22.963726', 30, NULL, 3, 'f96e6a04-70cb-4822-af03-4eb0097f6e90', NULL, NULL, 1) ON CONFLICT DO NOTHING;
INSERT INTO public.course_self_study_distribution (id, created_at, percentage, updated_at, activity_id, course_info_id, created_by, updated_by, display_order) VALUES (23, '2026-05-03 11:26:22.965867', 20, NULL, 4, 'f96e6a04-70cb-4822-af03-4eb0097f6e90', NULL, NULL, 2) ON CONFLICT DO NOTHING;
INSERT INTO public.course_self_study_distribution (id, created_at, percentage, updated_at, activity_id, course_info_id, created_by, updated_by, display_order) VALUES (24, '2026-05-03 11:26:22.967992', 20, NULL, 8, 'f96e6a04-70cb-4822-af03-4eb0097f6e90', NULL, NULL, 3) ON CONFLICT DO NOTHING;
INSERT INTO public.course_self_study_distribution (id, created_at, percentage, updated_at, activity_id, course_info_id, created_by, updated_by, display_order) VALUES (25, '2026-05-03 12:22:50.485078', 15, NULL, 3, '8505bfaa-246c-4686-863f-6b02d4621703', NULL, NULL, 0) ON CONFLICT DO NOTHING;
INSERT INTO public.course_self_study_distribution (id, created_at, percentage, updated_at, activity_id, course_info_id, created_by, updated_by, display_order) VALUES (26, '2026-05-03 12:22:50.49146', 40, NULL, 4, '8505bfaa-246c-4686-863f-6b02d4621703', NULL, NULL, 1) ON CONFLICT DO NOTHING;
INSERT INTO public.course_self_study_distribution (id, created_at, percentage, updated_at, activity_id, course_info_id, created_by, updated_by, display_order) VALUES (27, '2026-05-03 12:22:50.493567', 15, NULL, 5, '8505bfaa-246c-4686-863f-6b02d4621703', NULL, NULL, 2) ON CONFLICT DO NOTHING;
INSERT INTO public.course_self_study_distribution (id, created_at, percentage, updated_at, activity_id, course_info_id, created_by, updated_by, display_order) VALUES (28, '2026-05-03 12:22:50.495172', 30, NULL, 8, '8505bfaa-246c-4686-863f-6b02d4621703', NULL, NULL, 3) ON CONFLICT DO NOTHING;
INSERT INTO public.course_self_study_distribution (id, created_at, percentage, updated_at, activity_id, course_info_id, created_by, updated_by, display_order) VALUES (29, '2026-05-03 12:40:57.09941', 30, NULL, 1, '11ac2e25-f7fd-43d0-8166-32eb7ed5f2d0', NULL, NULL, 0) ON CONFLICT DO NOTHING;
INSERT INTO public.course_self_study_distribution (id, created_at, percentage, updated_at, activity_id, course_info_id, created_by, updated_by, display_order) VALUES (30, '2026-05-03 12:40:57.104247', 30, NULL, 3, '11ac2e25-f7fd-43d0-8166-32eb7ed5f2d0', NULL, NULL, 1) ON CONFLICT DO NOTHING;
INSERT INTO public.course_self_study_distribution (id, created_at, percentage, updated_at, activity_id, course_info_id, created_by, updated_by, display_order) VALUES (31, '2026-05-03 12:40:57.108469', 20, NULL, 4, '11ac2e25-f7fd-43d0-8166-32eb7ed5f2d0', NULL, NULL, 2) ON CONFLICT DO NOTHING;
INSERT INTO public.course_self_study_distribution (id, created_at, percentage, updated_at, activity_id, course_info_id, created_by, updated_by, display_order) VALUES (32, '2026-05-03 12:40:57.110573', 20, NULL, 8, '11ac2e25-f7fd-43d0-8166-32eb7ed5f2d0', NULL, NULL, 3) ON CONFLICT DO NOTHING;
INSERT INTO public.course_self_study_distribution (id, created_at, percentage, updated_at, activity_id, course_info_id, created_by, updated_by, display_order) VALUES (33, '2026-05-03 15:15:03.605286', 40, NULL, 3, 'f26e2d96-3d76-4518-9c90-8b18b66c9b8c', NULL, NULL, 0) ON CONFLICT DO NOTHING;
INSERT INTO public.course_self_study_distribution (id, created_at, percentage, updated_at, activity_id, course_info_id, created_by, updated_by, display_order) VALUES (34, '2026-05-03 15:15:03.610044', 20, NULL, 4, 'f26e2d96-3d76-4518-9c90-8b18b66c9b8c', NULL, NULL, 1) ON CONFLICT DO NOTHING;
INSERT INTO public.course_self_study_distribution (id, created_at, percentage, updated_at, activity_id, course_info_id, created_by, updated_by, display_order) VALUES (35, '2026-05-03 15:15:03.612199', 20, NULL, 5, 'f26e2d96-3d76-4518-9c90-8b18b66c9b8c', NULL, NULL, 2) ON CONFLICT DO NOTHING;
INSERT INTO public.course_self_study_distribution (id, created_at, percentage, updated_at, activity_id, course_info_id, created_by, updated_by, display_order) VALUES (36, '2026-05-03 15:15:03.613829', 20, NULL, 8, 'f26e2d96-3d76-4518-9c90-8b18b66c9b8c', NULL, NULL, 3) ON CONFLICT DO NOTHING;
INSERT INTO public.course_self_study_distribution (id, created_at, percentage, updated_at, activity_id, course_info_id, created_by, updated_by, display_order) VALUES (37, '2026-05-03 15:17:53.448854', 40, NULL, 3, '4ffc5cfe-068b-411a-8db5-d5fe753cbbc4', NULL, NULL, 0) ON CONFLICT DO NOTHING;
INSERT INTO public.course_self_study_distribution (id, created_at, percentage, updated_at, activity_id, course_info_id, created_by, updated_by, display_order) VALUES (38, '2026-05-03 15:17:53.456878', 20, NULL, 4, '4ffc5cfe-068b-411a-8db5-d5fe753cbbc4', NULL, NULL, 1) ON CONFLICT DO NOTHING;
INSERT INTO public.course_self_study_distribution (id, created_at, percentage, updated_at, activity_id, course_info_id, created_by, updated_by, display_order) VALUES (39, '2026-05-03 15:17:53.460142', 20, NULL, 5, '4ffc5cfe-068b-411a-8db5-d5fe753cbbc4', NULL, NULL, 2) ON CONFLICT DO NOTHING;
INSERT INTO public.course_self_study_distribution (id, created_at, percentage, updated_at, activity_id, course_info_id, created_by, updated_by, display_order) VALUES (40, '2026-05-03 15:17:53.464011', 20, NULL, 8, '4ffc5cfe-068b-411a-8db5-d5fe753cbbc4', NULL, NULL, 3) ON CONFLICT DO NOTHING;
INSERT INTO public.course_self_study_distribution (id, created_at, percentage, updated_at, activity_id, course_info_id, created_by, updated_by, display_order) VALUES (41, '2026-05-03 15:33:32.769699', 30, NULL, 2, '6d2d0040-b5fc-4eec-9202-4a3543035dc7', NULL, NULL, 0) ON CONFLICT DO NOTHING;
INSERT INTO public.course_self_study_distribution (id, created_at, percentage, updated_at, activity_id, course_info_id, created_by, updated_by, display_order) VALUES (42, '2026-05-03 15:33:32.775097', 30, NULL, 3, '6d2d0040-b5fc-4eec-9202-4a3543035dc7', NULL, NULL, 1) ON CONFLICT DO NOTHING;
INSERT INTO public.course_self_study_distribution (id, created_at, percentage, updated_at, activity_id, course_info_id, created_by, updated_by, display_order) VALUES (43, '2026-05-03 15:33:32.776718', 10, NULL, 5, '6d2d0040-b5fc-4eec-9202-4a3543035dc7', NULL, NULL, 2) ON CONFLICT DO NOTHING;
INSERT INTO public.course_self_study_distribution (id, created_at, percentage, updated_at, activity_id, course_info_id, created_by, updated_by, display_order) VALUES (44, '2026-05-03 15:33:32.778878', 30, NULL, 8, '6d2d0040-b5fc-4eec-9202-4a3543035dc7', NULL, NULL, 3) ON CONFLICT DO NOTHING;
INSERT INTO public.course_self_study_distribution (id, created_at, percentage, updated_at, activity_id, course_info_id, created_by, updated_by, display_order) VALUES (45, '2026-05-03 15:48:43.447525', 40, NULL, 3, '02ecef0e-40d4-43d9-8c56-4b4a6facdc56', NULL, NULL, 0) ON CONFLICT DO NOTHING;
INSERT INTO public.course_self_study_distribution (id, created_at, percentage, updated_at, activity_id, course_info_id, created_by, updated_by, display_order) VALUES (46, '2026-05-03 15:48:43.453419', 20, NULL, 4, '02ecef0e-40d4-43d9-8c56-4b4a6facdc56', NULL, NULL, 1) ON CONFLICT DO NOTHING;
INSERT INTO public.course_self_study_distribution (id, created_at, percentage, updated_at, activity_id, course_info_id, created_by, updated_by, display_order) VALUES (47, '2026-05-03 15:48:43.456083', 20, NULL, 5, '02ecef0e-40d4-43d9-8c56-4b4a6facdc56', NULL, NULL, 2) ON CONFLICT DO NOTHING;
INSERT INTO public.course_self_study_distribution (id, created_at, percentage, updated_at, activity_id, course_info_id, created_by, updated_by, display_order) VALUES (48, '2026-05-03 15:48:43.45881', 20, NULL, 8, '02ecef0e-40d4-43d9-8c56-4b4a6facdc56', NULL, NULL, 3) ON CONFLICT DO NOTHING;
INSERT INTO public.course_self_study_distribution (id, created_at, percentage, updated_at, activity_id, course_info_id, created_by, updated_by, display_order) VALUES (49, '2026-05-14 12:42:02.700844', 20, NULL, 3, '27cb9e40-9048-4589-8566-ca9ac7f83481', NULL, NULL, 0) ON CONFLICT DO NOTHING;
INSERT INTO public.course_self_study_distribution (id, created_at, percentage, updated_at, activity_id, course_info_id, created_by, updated_by, display_order) VALUES (50, '2026-05-14 12:42:02.709557', 50, NULL, 4, '27cb9e40-9048-4589-8566-ca9ac7f83481', NULL, NULL, 1) ON CONFLICT DO NOTHING;
INSERT INTO public.course_self_study_distribution (id, created_at, percentage, updated_at, activity_id, course_info_id, created_by, updated_by, display_order) VALUES (51, '2026-05-14 12:42:02.713178', 10, NULL, 5, '27cb9e40-9048-4589-8566-ca9ac7f83481', NULL, NULL, 2) ON CONFLICT DO NOTHING;
INSERT INTO public.course_self_study_distribution (id, created_at, percentage, updated_at, activity_id, course_info_id, created_by, updated_by, display_order) VALUES (52, '2026-05-14 12:42:02.716052', 20, NULL, 8, '27cb9e40-9048-4589-8566-ca9ac7f83481', NULL, NULL, 3) ON CONFLICT DO NOTHING;
INSERT INTO public.course_self_study_distribution (id, created_at, percentage, updated_at, activity_id, course_info_id, created_by, updated_by, display_order) VALUES (53, '2026-05-21 21:48:42.497808', 20, NULL, 3, '4d7c0350-ef6b-4f8c-be18-ba68c046b980', NULL, NULL, 0) ON CONFLICT DO NOTHING;
INSERT INTO public.course_self_study_distribution (id, created_at, percentage, updated_at, activity_id, course_info_id, created_by, updated_by, display_order) VALUES (54, '2026-05-21 21:48:42.506333', 50, NULL, 4, '4d7c0350-ef6b-4f8c-be18-ba68c046b980', NULL, NULL, 1) ON CONFLICT DO NOTHING;
INSERT INTO public.course_self_study_distribution (id, created_at, percentage, updated_at, activity_id, course_info_id, created_by, updated_by, display_order) VALUES (55, '2026-05-21 21:48:42.508531', 10, NULL, 5, '4d7c0350-ef6b-4f8c-be18-ba68c046b980', NULL, NULL, 2) ON CONFLICT DO NOTHING;
INSERT INTO public.course_self_study_distribution (id, created_at, percentage, updated_at, activity_id, course_info_id, created_by, updated_by, display_order) VALUES (56, '2026-05-21 21:48:42.510124', 20, NULL, 8, '4d7c0350-ef6b-4f8c-be18-ba68c046b980', NULL, NULL, 3) ON CONFLICT DO NOTHING;
INSERT INTO public.course_self_study_distribution (id, created_at, percentage, updated_at, activity_id, course_info_id, created_by, updated_by, display_order) VALUES (57, '2026-05-21 23:02:58.547846', 40, NULL, 3, '260db896-2f68-4ba8-ad13-88e740f58e16', NULL, NULL, 0) ON CONFLICT DO NOTHING;
INSERT INTO public.course_self_study_distribution (id, created_at, percentage, updated_at, activity_id, course_info_id, created_by, updated_by, display_order) VALUES (58, '2026-05-21 23:02:58.552501', 20, NULL, 4, '260db896-2f68-4ba8-ad13-88e740f58e16', NULL, NULL, 1) ON CONFLICT DO NOTHING;
INSERT INTO public.course_self_study_distribution (id, created_at, percentage, updated_at, activity_id, course_info_id, created_by, updated_by, display_order) VALUES (59, '2026-05-21 23:02:58.554515', 20, NULL, 5, '260db896-2f68-4ba8-ad13-88e740f58e16', NULL, NULL, 2) ON CONFLICT DO NOTHING;
INSERT INTO public.course_self_study_distribution (id, created_at, percentage, updated_at, activity_id, course_info_id, created_by, updated_by, display_order) VALUES (60, '2026-05-21 23:02:58.556526', 20, NULL, 8, '260db896-2f68-4ba8-ad13-88e740f58e16', NULL, NULL, 3) ON CONFLICT DO NOTHING;
INSERT INTO public.course_self_study_distribution (id, created_at, percentage, updated_at, activity_id, course_info_id, created_by, updated_by, display_order) VALUES (61, '2026-05-21 23:04:32.766094', 40, NULL, 3, '413c51f6-ff8f-43dd-befd-2672802f2128', NULL, NULL, 0) ON CONFLICT DO NOTHING;
INSERT INTO public.course_self_study_distribution (id, created_at, percentage, updated_at, activity_id, course_info_id, created_by, updated_by, display_order) VALUES (62, '2026-05-21 23:04:32.770439', 20, NULL, 4, '413c51f6-ff8f-43dd-befd-2672802f2128', NULL, NULL, 1) ON CONFLICT DO NOTHING;
INSERT INTO public.course_self_study_distribution (id, created_at, percentage, updated_at, activity_id, course_info_id, created_by, updated_by, display_order) VALUES (63, '2026-05-21 23:04:32.772031', 20, NULL, 5, '413c51f6-ff8f-43dd-befd-2672802f2128', NULL, NULL, 2) ON CONFLICT DO NOTHING;
INSERT INTO public.course_self_study_distribution (id, created_at, percentage, updated_at, activity_id, course_info_id, created_by, updated_by, display_order) VALUES (64, '2026-05-21 23:04:32.774188', 20, NULL, 8, '413c51f6-ff8f-43dd-befd-2672802f2128', NULL, NULL, 3) ON CONFLICT DO NOTHING;
INSERT INTO public.course_teachers (id, role, user_id, course_version_id) VALUES (14, 'Atbildīgais mācībspēks', 9, 'd290798e-7ee1-4e8f-946a-b9376b643208') ON CONFLICT DO NOTHING;
INSERT INTO public.course_teachers (id, role, user_id, course_version_id) VALUES (15, 'Atbildīgais mācībspēks', 7, '8b8640e6-6986-41f0-ae03-38c93a54ec6a') ON CONFLICT DO NOTHING;
INSERT INTO public.course_teachers (id, role, user_id, course_version_id) VALUES (16, 'Atbildīgais mācībspēks', 2, '9cfb9a5a-4480-49ed-b018-babf2e4424b4') ON CONFLICT DO NOTHING;
INSERT INTO public.course_teachers (id, role, user_id, course_version_id) VALUES (17, 'Atbildīgais mācībspēks', 11, '20013e22-f78f-47a6-9f5b-77f4b72ccdf3') ON CONFLICT DO NOTHING;
INSERT INTO public.course_teachers (id, role, user_id, course_version_id) VALUES (18, 'Mācībspēks', 15, '20013e22-f78f-47a6-9f5b-77f4b72ccdf3') ON CONFLICT DO NOTHING;
INSERT INTO public.course_teachers (id, role, user_id, course_version_id) VALUES (20, 'Atbildīgais mācībspēks', 15, '2e5c8c08-ca8a-4c69-9ac9-05b64ef2d1d1') ON CONFLICT DO NOTHING;
INSERT INTO public.course_teachers (id, role, user_id, course_version_id) VALUES (21, 'Mācībspēks', 2, '2e5c8c08-ca8a-4c69-9ac9-05b64ef2d1d1') ON CONFLICT DO NOTHING;
INSERT INTO public.course_teachers (id, role, user_id, course_version_id) VALUES (22, 'Atbildīgais mācībspēks', 11, '53375844-6d48-45ae-ba04-a918d283ae37') ON CONFLICT DO NOTHING;
INSERT INTO public.course_teachers (id, role, user_id, course_version_id) VALUES (24, 'Mācībspēks', 6, '53375844-6d48-45ae-ba04-a918d283ae37') ON CONFLICT DO NOTHING;
INSERT INTO public.course_teachers (id, role, user_id, course_version_id) VALUES (25, 'Mācībspēks', 6, '3f000f9a-ae2f-4187-bec6-93ca001deec0') ON CONFLICT DO NOTHING;
INSERT INTO public.course_teachers (id, role, user_id, course_version_id) VALUES (26, 'Atbildīgais mācībspēks', 16, '8e9abc5b-9442-45f5-87c7-201ff0adb328') ON CONFLICT DO NOTHING;
INSERT INTO public.course_teachers (id, role, user_id, course_version_id) VALUES (28, 'Atbildīgais mācībspēks', 15, '45f91e70-f429-4541-99d9-7368cabaf4fe') ON CONFLICT DO NOTHING;
INSERT INTO public.course_teachers (id, role, user_id, course_version_id) VALUES (29, 'Mācībspēks', 6, '45f91e70-f429-4541-99d9-7368cabaf4fe') ON CONFLICT DO NOTHING;
INSERT INTO public.course_teachers (id, role, user_id, course_version_id) VALUES (30, 'Atbildīgais mācībspēks', 9, '272125c1-c4ca-4069-a48a-643798f2dff6') ON CONFLICT DO NOTHING;
INSERT INTO public.course_teachers (id, role, user_id, course_version_id) VALUES (31, 'Atbildīgais mācībspēks', 9, '4b521113-27b1-4de2-8a36-1fcf45971beb') ON CONFLICT DO NOTHING;
INSERT INTO public.course_teachers (id, role, user_id, course_version_id) VALUES (32, 'Atbildīgais mācībspēks', 2, 'ace4ee41-eaf0-4e9f-a6e1-a36fc7090b43') ON CONFLICT DO NOTHING;
INSERT INTO public.course_teachers (id, role, user_id, course_version_id) VALUES (33, 'Mācībspēks', 10, 'ace4ee41-eaf0-4e9f-a6e1-a36fc7090b43') ON CONFLICT DO NOTHING;
INSERT INTO public.course_teachers (id, role, user_id, course_version_id) VALUES (34, 'Atbildīgais mācībspēks', 9, '288d8b1f-f91a-4c60-b28f-f5cca44ec0f0') ON CONFLICT DO NOTHING;
INSERT INTO public.course_teachers (id, role, user_id, course_version_id) VALUES (35, 'Atbildīgais mācībspēks', 7, '501f14d9-0c38-4dc9-8ecc-bb02e6e73e64') ON CONFLICT DO NOTHING;
INSERT INTO public.course_teachers (id, role, user_id, course_version_id) VALUES (36, 'Atbildīgais mācībspēks', 16, '0ce8c9ff-547b-463b-ac7d-c27d0ab4a6f0') ON CONFLICT DO NOTHING;
INSERT INTO public.course_teachers (id, role, user_id, course_version_id) VALUES (37, 'Atbildīgais mācībspēks', 2, '4f8866e3-8bd5-4e07-9fad-1a3e9b4ae9d6') ON CONFLICT DO NOTHING;
INSERT INTO public.course_teachers (id, role, user_id, course_version_id) VALUES (38, 'Atbildīgais mācībspēks', 7, 'f5aaaf6a-b6da-434e-9503-90e4d0d060a3') ON CONFLICT DO NOTHING;
INSERT INTO public.course_teachers (id, role, user_id, course_version_id) VALUES (39, 'Atbildīgais mācībspēks', 9, '6872e1de-30fc-4b20-a2db-d0241dd58730') ON CONFLICT DO NOTHING;
INSERT INTO public.course_teachers (id, role, user_id, course_version_id) VALUES (40, 'Atbildīgais mācībspēks', 9, '06479660-e9c9-4e26-bd02-05471707b4fe') ON CONFLICT DO NOTHING;
INSERT INTO public.study_programs (id, is_active, is_archived, created_at, deleted_at, goal, name, objectives, slug, updated_at, director_id, faculty_id) VALUES (2, true, false, '2026-04-05 18:30:26.196085', NULL, NULL, 'Īsā cikla studiju programma “Programmēšanas speciālists”', NULL, 'PS', NULL, 6, 1) ON CONFLICT DO NOTHING;
INSERT INTO public.study_programs (id, is_active, is_archived, created_at, deleted_at, goal, name, objectives, slug, updated_at, director_id, faculty_id) VALUES (1, true, false, '2026-04-05 18:17:08.826233', NULL, NULL, 'Akadēmiskā bakalaura studiju programma "Datorzinātnes"', NULL, 'ITB', NULL, 3, 1) ON CONFLICT DO NOTHING;
INSERT INTO public.study_programs (id, is_active, is_archived, created_at, deleted_at, goal, name, objectives, slug, updated_at, director_id, faculty_id) VALUES (3, true, false, '2026-05-06 15:40:12.455416', NULL, NULL, 'Akadēmiskā maģistra studiju programma "Datorzinātnes"', NULL, 'ITM', NULL, 2, 1) ON CONFLICT DO NOTHING;
INSERT INTO public.study_program_parts (id, description, name, name_en) VALUES (1, NULL, 'A-Obligātā daļa', 'A-Compulsory part') ON CONFLICT DO NOTHING;
INSERT INTO public.study_program_parts (id, description, name, name_en) VALUES (2, NULL, 'A-Nozares pamatnostādnes', 'A-Field basic guidelines') ON CONFLICT DO NOTHING;
INSERT INTO public.study_program_parts (id, description, name, name_en) VALUES (3, NULL, 'A-Nozares aktuālās problēmas', 'A-Actual Problems of the Field') ON CONFLICT DO NOTHING;
INSERT INTO public.study_program_parts (id, description, name, name_en) VALUES (4, NULL, 'A-Starpnozaru aspekti', 'A-Interdisciplinary aspects') ON CONFLICT DO NOTHING;
INSERT INTO public.study_program_parts (id, description, name, name_en) VALUES (5, NULL, 'B-Nozares ierobežotās izvēles kursi', 'B-Compulsory elective courses') ON CONFLICT DO NOTHING;
INSERT INTO public.study_program_parts (id, description, name, name_en) VALUES (6, NULL, 'C-Brīvas izvēles kursi', 'C-Optional courses') ON CONFLICT DO NOTHING;
INSERT INTO public.study_program_parts (id, description, name, name_en) VALUES (7, NULL, 'Bakalaura darbs', 'Bachelor thesis') ON CONFLICT DO NOTHING;
INSERT INTO public.course_to_study_programs (id, program_id, program_part_id, course_version_id) VALUES (1, 1, 4, 'd290798e-7ee1-4e8f-946a-b9376b643208') ON CONFLICT DO NOTHING;
INSERT INTO public.course_to_study_programs (id, program_id, program_part_id, course_version_id) VALUES (2, 1, 2, '8b8640e6-6986-41f0-ae03-38c93a54ec6a') ON CONFLICT DO NOTHING;
INSERT INTO public.course_to_study_programs (id, program_id, program_part_id, course_version_id) VALUES (3, 1, 5, '9cfb9a5a-4480-49ed-b018-babf2e4424b4') ON CONFLICT DO NOTHING;
INSERT INTO public.course_to_study_programs (id, program_id, program_part_id, course_version_id) VALUES (4, 1, 3, '20013e22-f78f-47a6-9f5b-77f4b72ccdf3') ON CONFLICT DO NOTHING;
INSERT INTO public.course_to_study_programs (id, program_id, program_part_id, course_version_id) VALUES (5, 1, 1, '2e5c8c08-ca8a-4c69-9ac9-05b64ef2d1d1') ON CONFLICT DO NOTHING;
INSERT INTO public.course_to_study_programs (id, program_id, program_part_id, course_version_id) VALUES (6, 2, 2, '2e5c8c08-ca8a-4c69-9ac9-05b64ef2d1d1') ON CONFLICT DO NOTHING;
INSERT INTO public.course_to_study_programs (id, program_id, program_part_id, course_version_id) VALUES (7, 1, 3, '53375844-6d48-45ae-ba04-a918d283ae37') ON CONFLICT DO NOTHING;
INSERT INTO public.course_to_study_programs (id, program_id, program_part_id, course_version_id) VALUES (8, 1, 4, '272125c1-c4ca-4069-a48a-643798f2dff6') ON CONFLICT DO NOTHING;
INSERT INTO public.course_to_study_programs (id, program_id, program_part_id, course_version_id) VALUES (9, 1, 4, '4b521113-27b1-4de2-8a36-1fcf45971beb') ON CONFLICT DO NOTHING;
INSERT INTO public.course_to_study_programs (id, program_id, program_part_id, course_version_id) VALUES (10, 1, 5, 'ace4ee41-eaf0-4e9f-a6e1-a36fc7090b43') ON CONFLICT DO NOTHING;
INSERT INTO public.course_to_study_programs (id, program_id, program_part_id, course_version_id) VALUES (11, 1, 4, '288d8b1f-f91a-4c60-b28f-f5cca44ec0f0') ON CONFLICT DO NOTHING;
INSERT INTO public.course_to_study_programs (id, program_id, program_part_id, course_version_id) VALUES (12, 1, 2, '501f14d9-0c38-4dc9-8ecc-bb02e6e73e64') ON CONFLICT DO NOTHING;
INSERT INTO public.course_to_study_programs (id, program_id, program_part_id, course_version_id) VALUES (13, 1, 5, '4f8866e3-8bd5-4e07-9fad-1a3e9b4ae9d6') ON CONFLICT DO NOTHING;
INSERT INTO public.course_to_study_programs (id, program_id, program_part_id, course_version_id) VALUES (14, 1, 2, 'f5aaaf6a-b6da-434e-9503-90e4d0d060a3') ON CONFLICT DO NOTHING;
INSERT INTO public.course_to_study_programs (id, program_id, program_part_id, course_version_id) VALUES (15, 1, 4, '6872e1de-30fc-4b20-a2db-d0241dd58730') ON CONFLICT DO NOTHING;
INSERT INTO public.course_to_study_programs (id, program_id, program_part_id, course_version_id) VALUES (16, 1, 4, '06479660-e9c9-4e26-bd02-05471707b4fe') ON CONFLICT DO NOTHING;
INSERT INTO public.course_version_actions (id, code, description, label) VALUES (1, 'submit', 'Versija iesniegta apstiprināšanai.', 'Iesniegšana') ON CONFLICT DO NOTHING;
INSERT INTO public.course_version_actions (id, code, description, label) VALUES (2, 'approve', 'Versija apstiprināta.', 'Apstiprināšana') ON CONFLICT DO NOTHING;
INSERT INTO public.course_version_actions (id, code, description, label) VALUES (3, 'reject', 'Versija noraidīta atpakaļ autoram.', 'Noraidīšana') ON CONFLICT DO NOTHING;
INSERT INTO public.course_version_actions (id, code, description, label) VALUES (4, 'reopen_to_draft', 'Noraidīta versija atvērta labošanai (atgriezta Melnraksta statusā).', 'Atvēršana labošanai') ON CONFLICT DO NOTHING;
INSERT INTO public.course_version_actions (id, code, description, label) VALUES (5, 'course_create', 'Izveidots jauns kurss.', 'Kursa izveide') ON CONFLICT DO NOTHING;
INSERT INTO public.course_version_actions (id, code, description, label) VALUES (6, 'course_archive', 'Kurss arhivēts (mīkstā dzēšana).', 'Kursa arhivēšana') ON CONFLICT DO NOTHING;
INSERT INTO public.course_version_actions (id, code, description, label) VALUES (7, 'course_restore', 'Arhivēts kurss atjaunots.', 'Kursa atjaunošana') ON CONFLICT DO NOTHING;
INSERT INTO public.course_version_actions (id, code, description, label) VALUES (8, 'course_hard_delete', 'Arhivēts kurss neatgriezeniski izdzēsts.', 'Kursa neatgriezeniska dzēšana') ON CONFLICT DO NOTHING;
INSERT INTO public.course_version_actions (id, code, description, label) VALUES (9, 'version_create', 'Izveidota jauna kursa versija.', 'Versijas izveide') ON CONFLICT DO NOTHING;
INSERT INTO public.course_version_actions (id, code, description, label) VALUES (10, 'version_archive', 'Versija arhivēta (mīkstā dzēšana).', 'Versijas arhivēšana') ON CONFLICT DO NOTHING;
INSERT INTO public.course_version_actions (id, code, description, label) VALUES (11, 'version_restore', 'Arhivēta versija atjaunota.', 'Versijas atjaunošana') ON CONFLICT DO NOTHING;
INSERT INTO public.course_version_actions (id, code, description, label) VALUES (12, 'version_hard_delete', 'Arhivēta versija neatgriezeniski izdzēsta.', 'Versijas neatgriezeniska dzēšana') ON CONFLICT DO NOTHING;
INSERT INTO public.course_version_actions (id, code, description, label) VALUES (13, 'comment_added', 'Pievienots komentārs kursa versijai.', 'Komentārs') ON CONFLICT DO NOTHING;
INSERT INTO public.course_version_log (id, comment, created_at, action_id, course_version_id, user_id, course_id) VALUES (1, 'Please review', '2026-05-03 15:14:20.647807', 1, 'd290798e-7ee1-4e8f-946a-b9376b643208', 1, 'e3a130bc-54bf-428c-89a9-31805ef5803d') ON CONFLICT DO NOTHING;
INSERT INTO public.course_version_log (id, comment, created_at, action_id, course_version_id, user_id, course_id) VALUES (2, 'Missing learning outcomes', '2026-05-03 15:14:34.853683', 3, 'd290798e-7ee1-4e8f-946a-b9376b643208', 3, 'e3a130bc-54bf-428c-89a9-31805ef5803d') ON CONFLICT DO NOTHING;
INSERT INTO public.course_version_log (id, comment, created_at, action_id, course_version_id, user_id, course_id) VALUES (3, NULL, '2026-05-03 15:14:35.185309', 4, 'd290798e-7ee1-4e8f-946a-b9376b643208', 1, 'e3a130bc-54bf-428c-89a9-31805ef5803d') ON CONFLICT DO NOTHING;
INSERT INTO public.course_version_log (id, comment, created_at, action_id, course_version_id, user_id, course_id) VALUES (4, NULL, '2026-05-03 15:14:48.032916', 1, 'd290798e-7ee1-4e8f-946a-b9376b643208', 1, 'e3a130bc-54bf-428c-89a9-31805ef5803d') ON CONFLICT DO NOTHING;
INSERT INTO public.course_version_log (id, comment, created_at, action_id, course_version_id, user_id, course_id) VALUES (5, 'Lēmums: Nr. ITF-F8-001', '2026-05-03 15:14:48.256841', 2, 'd290798e-7ee1-4e8f-946a-b9376b643208', 3, 'e3a130bc-54bf-428c-89a9-31805ef5803d') ON CONFLICT DO NOTHING;
INSERT INTO public.course_version_log (id, comment, created_at, action_id, course_version_id, user_id, course_id) VALUES (6, NULL, '2026-05-03 15:15:03.81299', 1, '272125c1-c4ca-4069-a48a-643798f2dff6', 1, 'e3a130bc-54bf-428c-89a9-31805ef5803d') ON CONFLICT DO NOTHING;
INSERT INTO public.course_version_log (id, comment, created_at, action_id, course_version_id, user_id, course_id) VALUES (7, 'Lēmums: Nr. ITF-F8-002', '2026-05-03 15:15:03.945267', 2, '272125c1-c4ca-4069-a48a-643798f2dff6', 3, 'e3a130bc-54bf-428c-89a9-31805ef5803d') ON CONFLICT DO NOTHING;
INSERT INTO public.course_version_log (id, comment, created_at, action_id, course_version_id, user_id, course_id) VALUES (8, NULL, '2026-05-03 15:18:36.624515', 1, '4b521113-27b1-4de2-8a36-1fcf45971beb', 4, 'e3a130bc-54bf-428c-89a9-31805ef5803d') ON CONFLICT DO NOTHING;
INSERT INTO public.course_version_log (id, comment, created_at, action_id, course_version_id, user_id, course_id) VALUES (9, 'Lēmums: Nr. ITF-F8-UI-001', '2026-05-03 15:19:04.83398', 2, '4b521113-27b1-4de2-8a36-1fcf45971beb', 4, 'e3a130bc-54bf-428c-89a9-31805ef5803d') ON CONFLICT DO NOTHING;
INSERT INTO public.course_version_log (id, comment, created_at, action_id, course_version_id, user_id, course_id) VALUES (10, 'Pabeigts kursa apraksts. Lūdzu apstiprināt.', '2026-05-03 15:27:08.373731', 1, '8b8640e6-6986-41f0-ae03-38c93a54ec6a', 7, 'e89fd28f-d1d8-42da-b55f-72fcea77d27b') ON CONFLICT DO NOTHING;
INSERT INTO public.course_version_log (id, comment, created_at, action_id, course_version_id, user_id, course_id) VALUES (11, 'Lēmums: ITF-2026/01', '2026-05-03 15:27:58.666884', 2, '8b8640e6-6986-41f0-ae03-38c93a54ec6a', 3, 'e89fd28f-d1d8-42da-b55f-72fcea77d27b') ON CONFLICT DO NOTHING;
INSERT INTO public.course_version_log (id, comment, created_at, action_id, course_version_id, user_id, course_id) VALUES (12, 'Lūdzu apstiprināt.', '2026-05-03 15:29:16.41706', 1, '9cfb9a5a-4480-49ed-b018-babf2e4424b4', 10, 'afd1c271-6f4b-45f1-8d1b-ba17f9f0a631') ON CONFLICT DO NOTHING;
INSERT INTO public.course_version_log (id, comment, created_at, action_id, course_version_id, user_id, course_id) VALUES (13, 'Jāpārskata tēmu sadalījums.', '2026-05-03 15:31:45.375179', 3, '9cfb9a5a-4480-49ed-b018-babf2e4424b4', 10, 'afd1c271-6f4b-45f1-8d1b-ba17f9f0a631') ON CONFLICT DO NOTHING;
INSERT INTO public.course_version_log (id, comment, created_at, action_id, course_version_id, user_id, course_id) VALUES (14, NULL, '2026-05-03 15:32:01.822458', 4, '9cfb9a5a-4480-49ed-b018-babf2e4424b4', 10, 'afd1c271-6f4b-45f1-8d1b-ba17f9f0a631') ON CONFLICT DO NOTHING;
INSERT INTO public.course_version_log (id, comment, created_at, action_id, course_version_id, user_id, course_id) VALUES (15, 'Tēmas precizētas, lūdzu apstiprināt.', '2026-05-03 15:32:52.15705', 1, '9cfb9a5a-4480-49ed-b018-babf2e4424b4', 10, 'afd1c271-6f4b-45f1-8d1b-ba17f9f0a631') ON CONFLICT DO NOTHING;
INSERT INTO public.course_version_log (id, comment, created_at, action_id, course_version_id, user_id, course_id) VALUES (16, 'Lēmums: ITF-2026/02', '2026-05-03 15:33:15.778019', 2, '9cfb9a5a-4480-49ed-b018-babf2e4424b4', 10, 'afd1c271-6f4b-45f1-8d1b-ba17f9f0a631') ON CONFLICT DO NOTHING;
INSERT INTO public.course_version_log (id, comment, created_at, action_id, course_version_id, user_id, course_id) VALUES (17, 'Jauna kursa versija 2026/2027 ak.g.', '2026-05-03 15:34:35.707833', 1, 'ace4ee41-eaf0-4e9f-a6e1-a36fc7090b43', 10, 'afd1c271-6f4b-45f1-8d1b-ba17f9f0a631') ON CONFLICT DO NOTHING;
INSERT INTO public.course_version_log (id, comment, created_at, action_id, course_version_id, user_id, course_id) VALUES (18, 'Lēmums: ITF-2026/03', '2026-05-03 15:35:31.730392', 2, 'ace4ee41-eaf0-4e9f-a6e1-a36fc7090b43', 10, 'afd1c271-6f4b-45f1-8d1b-ba17f9f0a631') ON CONFLICT DO NOTHING;
INSERT INTO public.course_version_log (id, comment, created_at, action_id, course_version_id, user_id, course_id) VALUES (19, NULL, '2026-05-03 16:36:53.93147', 10, 'd290798e-7ee1-4e8f-946a-b9376b643208', 4, 'e3a130bc-54bf-428c-89a9-31805ef5803d') ON CONFLICT DO NOTHING;
INSERT INTO public.course_version_log (id, comment, created_at, action_id, course_version_id, user_id, course_id) VALUES (20, NULL, '2026-05-03 16:38:09.991753', 10, '288d8b1f-f91a-4c60-b28f-f5cca44ec0f0', 4, 'e3a130bc-54bf-428c-89a9-31805ef5803d') ON CONFLICT DO NOTHING;
INSERT INTO public.course_version_log (id, comment, created_at, action_id, course_version_id, user_id, course_id) VALUES (21, NULL, '2026-05-03 16:39:37.761604', 7, NULL, 4, 'e061eaa6-1678-40cc-a814-ad0616bd1d1d') ON CONFLICT DO NOTHING;
INSERT INTO public.course_version_log (id, comment, created_at, action_id, course_version_id, user_id, course_id) VALUES (22, NULL, '2026-05-03 16:39:54.631501', 11, '288d8b1f-f91a-4c60-b28f-f5cca44ec0f0', 4, 'e3a130bc-54bf-428c-89a9-31805ef5803d') ON CONFLICT DO NOTHING;
INSERT INTO public.course_version_log (id, comment, created_at, action_id, course_version_id, user_id, course_id) VALUES (23, NULL, '2026-05-03 16:40:05.393677', 10, '288d8b1f-f91a-4c60-b28f-f5cca44ec0f0', 4, 'e3a130bc-54bf-428c-89a9-31805ef5803d') ON CONFLICT DO NOTHING;
INSERT INTO public.course_version_log (id, comment, created_at, action_id, course_version_id, user_id, course_id) VALUES (24, NULL, '2026-05-03 16:41:16.486876', 5, NULL, 4, '068c71a2-49f8-4b18-aa9e-5ac22652fc4b') ON CONFLICT DO NOTHING;
INSERT INTO public.course_version_log (id, comment, created_at, action_id, course_version_id, user_id, course_id) VALUES (25, NULL, '2026-05-03 16:41:16.534322', 9, 'b3cd1b32-5de1-40a3-b8d8-360d3e4ce209', 4, '068c71a2-49f8-4b18-aa9e-5ac22652fc4b') ON CONFLICT DO NOTHING;
INSERT INTO public.course_version_log (id, comment, created_at, action_id, course_version_id, user_id, course_id) VALUES (26, NULL, '2026-05-05 11:49:17.372751', 5, NULL, 4, '4ab6b505-ddee-427a-9d52-ce62e49d11e1') ON CONFLICT DO NOTHING;
INSERT INTO public.course_version_log (id, comment, created_at, action_id, course_version_id, user_id, course_id) VALUES (27, NULL, '2026-05-05 11:49:17.429763', 9, 'd9e058ba-4e75-4378-84df-51e97d9b1852', 4, '4ab6b505-ddee-427a-9d52-ce62e49d11e1') ON CONFLICT DO NOTHING;
INSERT INTO public.course_version_log (id, comment, created_at, action_id, course_version_id, user_id, course_id) VALUES (28, 'gfbgfg', '2026-05-05 11:49:33.972075', 1, 'd9e058ba-4e75-4378-84df-51e97d9b1852', 4, '4ab6b505-ddee-427a-9d52-ce62e49d11e1') ON CONFLICT DO NOTHING;
INSERT INTO public.course_version_log (id, comment, created_at, action_id, course_version_id, user_id, course_id) VALUES (29, 'Jāpapildina', '2026-05-05 23:41:02.692814', 3, 'd9e058ba-4e75-4378-84df-51e97d9b1852', 4, '4ab6b505-ddee-427a-9d52-ce62e49d11e1') ON CONFLICT DO NOTHING;
INSERT INTO public.course_version_log (id, comment, created_at, action_id, course_version_id, user_id, course_id) VALUES (30, NULL, '2026-05-05 23:41:33.817639', 4, 'd9e058ba-4e75-4378-84df-51e97d9b1852', 4, '4ab6b505-ddee-427a-9d52-ce62e49d11e1') ON CONFLICT DO NOTHING;
INSERT INTO public.course_version_log (id, comment, created_at, action_id, course_version_id, user_id, course_id) VALUES (31, 'Dublēta no versijas Nr. 1', '2026-05-14 12:42:02.801818', 9, '501f14d9-0c38-4dc9-8ecc-bb02e6e73e64', 4, 'e89fd28f-d1d8-42da-b55f-72fcea77d27b') ON CONFLICT DO NOTHING;
INSERT INTO public.course_version_log (id, comment, created_at, action_id, course_version_id, user_id, course_id) VALUES (32, NULL, '2026-05-18 23:19:08.398329', 1, '501f14d9-0c38-4dc9-8ecc-bb02e6e73e64', 4, 'e89fd28f-d1d8-42da-b55f-72fcea77d27b') ON CONFLICT DO NOTHING;
INSERT INTO public.course_version_log (id, comment, created_at, action_id, course_version_id, user_id, course_id) VALUES (33, 'Tests labojumiem', '2026-05-18 23:20:31.978115', 3, '501f14d9-0c38-4dc9-8ecc-bb02e6e73e64', 4, 'e89fd28f-d1d8-42da-b55f-72fcea77d27b') ON CONFLICT DO NOTHING;
INSERT INTO public.course_version_log (id, comment, created_at, action_id, course_version_id, user_id, course_id) VALUES (34, NULL, '2026-05-18 23:20:37.943158', 4, '501f14d9-0c38-4dc9-8ecc-bb02e6e73e64', 4, 'e89fd28f-d1d8-42da-b55f-72fcea77d27b') ON CONFLICT DO NOTHING;
INSERT INTO public.course_version_log (id, comment, created_at, action_id, course_version_id, user_id, course_id) VALUES (35, NULL, '2026-05-19 11:03:43.912282', 1, '501f14d9-0c38-4dc9-8ecc-bb02e6e73e64', 4, 'e89fd28f-d1d8-42da-b55f-72fcea77d27b') ON CONFLICT DO NOTHING;
INSERT INTO public.course_version_log (id, comment, created_at, action_id, course_version_id, user_id, course_id) VALUES (36, '<script>alert("you hacked now");</script>', '2026-05-20 18:26:32.43685', 3, '501f14d9-0c38-4dc9-8ecc-bb02e6e73e64', 4, 'e89fd28f-d1d8-42da-b55f-72fcea77d27b') ON CONFLICT DO NOTHING;
INSERT INTO public.course_version_log (id, comment, created_at, action_id, course_version_id, user_id, course_id) VALUES (37, NULL, '2026-05-20 18:26:46.655068', 4, '501f14d9-0c38-4dc9-8ecc-bb02e6e73e64', 4, 'e89fd28f-d1d8-42da-b55f-72fcea77d27b') ON CONFLICT DO NOTHING;
INSERT INTO public.course_version_log (id, comment, created_at, action_id, course_version_id, user_id, course_id) VALUES (38, 'Iesniegts apstirpināšanai, itkā pabeigts', '2026-05-20 21:59:26.90803', 1, '501f14d9-0c38-4dc9-8ecc-bb02e6e73e64', 4, 'e89fd28f-d1d8-42da-b55f-72fcea77d27b') ON CONFLICT DO NOTHING;
INSERT INTO public.course_version_log (id, comment, created_at, action_id, course_version_id, user_id, course_id) VALUES (39, 'Iesniedzu nepabeigtu versiju', '2026-05-21 00:07:10.232365', 1, '8e9abc5b-9442-45f5-87c7-201ff0adb328', 7, '1cba519a-59a7-4093-b3d8-2072685c1bf2') ON CONFLICT DO NOTHING;
INSERT INTO public.course_version_log (id, comment, created_at, action_id, course_version_id, user_id, course_id) VALUES (40, 'Dublēta no versijas Nr. 1', '2026-05-21 00:09:28.984633', 9, '0ce8c9ff-547b-463b-ac7d-c27d0ab4a6f0', 7, '1cba519a-59a7-4093-b3d8-2072685c1bf2') ON CONFLICT DO NOTHING;
INSERT INTO public.course_version_log (id, comment, created_at, action_id, course_version_id, user_id, course_id) VALUES (41, NULL, '2026-05-21 19:18:00.492152', 1, '0ce8c9ff-547b-463b-ac7d-c27d0ab4a6f0', 2, '1cba519a-59a7-4093-b3d8-2072685c1bf2') ON CONFLICT DO NOTHING;
INSERT INTO public.course_version_log (id, comment, created_at, action_id, course_version_id, user_id, course_id) VALUES (42, 'Nepilnīgs info', '2026-05-21 19:19:43.121395', 3, '0ce8c9ff-547b-463b-ac7d-c27d0ab4a6f0', 3, '1cba519a-59a7-4093-b3d8-2072685c1bf2') ON CONFLICT DO NOTHING;
INSERT INTO public.course_version_log (id, comment, created_at, action_id, course_version_id, user_id, course_id) VALUES (43, NULL, '2026-05-21 19:30:31.347112', 4, '0ce8c9ff-547b-463b-ac7d-c27d0ab4a6f0', 3, '1cba519a-59a7-4093-b3d8-2072685c1bf2') ON CONFLICT DO NOTHING;
INSERT INTO public.course_version_log (id, comment, created_at, action_id, course_version_id, user_id, course_id) VALUES (44, NULL, '2026-05-21 19:38:51.880074', 5, NULL, 2, 'c68c6ee5-5060-4d1f-91f4-9bfb8b3bbc5a') ON CONFLICT DO NOTHING;
INSERT INTO public.course_version_log (id, comment, created_at, action_id, course_version_id, user_id, course_id) VALUES (45, NULL, '2026-05-21 19:38:51.965222', 9, '4f8866e3-8bd5-4e07-9fad-1a3e9b4ae9d6', 2, 'c68c6ee5-5060-4d1f-91f4-9bfb8b3bbc5a') ON CONFLICT DO NOTHING;
INSERT INTO public.course_version_log (id, comment, created_at, action_id, course_version_id, user_id, course_id) VALUES (46, NULL, '2026-05-21 21:41:53.165212', 4, '501f14d9-0c38-4dc9-8ecc-bb02e6e73e64', 2, 'e89fd28f-d1d8-42da-b55f-72fcea77d27b') ON CONFLICT DO NOTHING;
INSERT INTO public.course_version_log (id, comment, created_at, action_id, course_version_id, user_id, course_id) VALUES (47, NULL, '2026-05-21 21:42:28.926038', 1, '501f14d9-0c38-4dc9-8ecc-bb02e6e73e64', 2, 'e89fd28f-d1d8-42da-b55f-72fcea77d27b') ON CONFLICT DO NOTHING;
INSERT INTO public.course_version_log (id, comment, created_at, action_id, course_version_id, user_id, course_id) VALUES (48, NULL, '2026-05-21 21:44:31.181653', 4, '501f14d9-0c38-4dc9-8ecc-bb02e6e73e64', 3, 'e89fd28f-d1d8-42da-b55f-72fcea77d27b') ON CONFLICT DO NOTHING;
INSERT INTO public.course_version_log (id, comment, created_at, action_id, course_version_id, user_id, course_id) VALUES (49, NULL, '2026-05-21 21:44:50.475909', 1, '501f14d9-0c38-4dc9-8ecc-bb02e6e73e64', 3, 'e89fd28f-d1d8-42da-b55f-72fcea77d27b') ON CONFLICT DO NOTHING;
INSERT INTO public.course_version_log (id, comment, created_at, action_id, course_version_id, user_id, course_id) VALUES (50, 'tests', '2026-05-21 21:45:00.937317', 3, '501f14d9-0c38-4dc9-8ecc-bb02e6e73e64', 3, 'e89fd28f-d1d8-42da-b55f-72fcea77d27b') ON CONFLICT DO NOTHING;
INSERT INTO public.course_version_log (id, comment, created_at, action_id, course_version_id, user_id, course_id) VALUES (51, NULL, '2026-05-21 21:45:11.164759', 4, '501f14d9-0c38-4dc9-8ecc-bb02e6e73e64', 3, 'e89fd28f-d1d8-42da-b55f-72fcea77d27b') ON CONFLICT DO NOTHING;
INSERT INTO public.course_version_log (id, comment, created_at, action_id, course_version_id, user_id, course_id) VALUES (52, NULL, '2026-05-21 21:45:16.523958', 1, '501f14d9-0c38-4dc9-8ecc-bb02e6e73e64', 3, 'e89fd28f-d1d8-42da-b55f-72fcea77d27b') ON CONFLICT DO NOTHING;
INSERT INTO public.course_version_log (id, comment, created_at, action_id, course_version_id, user_id, course_id) VALUES (53, 'Lēmums: ITF-2026/06', '2026-05-21 21:46:06.406773', 2, '501f14d9-0c38-4dc9-8ecc-bb02e6e73e64', 3, 'e89fd28f-d1d8-42da-b55f-72fcea77d27b') ON CONFLICT DO NOTHING;
INSERT INTO public.course_version_log (id, comment, created_at, action_id, course_version_id, user_id, course_id) VALUES (54, NULL, '2026-05-21 21:47:33.437091', 6, NULL, 17, 'e89fd28f-d1d8-42da-b55f-72fcea77d27b') ON CONFLICT DO NOTHING;
INSERT INTO public.course_version_log (id, comment, created_at, action_id, course_version_id, user_id, course_id) VALUES (55, NULL, '2026-05-21 21:47:56.759945', 7, NULL, 17, 'e89fd28f-d1d8-42da-b55f-72fcea77d27b') ON CONFLICT DO NOTHING;
INSERT INTO public.course_version_log (id, comment, created_at, action_id, course_version_id, user_id, course_id) VALUES (56, 'Dublēta no versijas Nr. 2', '2026-05-21 21:48:42.56169', 9, 'f5aaaf6a-b6da-434e-9503-90e4d0d060a3', 2, 'e89fd28f-d1d8-42da-b55f-72fcea77d27b') ON CONFLICT DO NOTHING;
INSERT INTO public.course_version_log (id, comment, created_at, action_id, course_version_id, user_id, course_id) VALUES (57, NULL, '2026-05-21 21:49:04.802006', 1, 'f5aaaf6a-b6da-434e-9503-90e4d0d060a3', 2, 'e89fd28f-d1d8-42da-b55f-72fcea77d27b') ON CONFLICT DO NOTHING;
INSERT INTO public.course_version_log (id, comment, created_at, action_id, course_version_id, user_id, course_id) VALUES (58, '-', '2026-05-21 21:53:20.940765', 3, 'f5aaaf6a-b6da-434e-9503-90e4d0d060a3', 3, 'e89fd28f-d1d8-42da-b55f-72fcea77d27b') ON CONFLICT DO NOTHING;
INSERT INTO public.course_version_log (id, comment, created_at, action_id, course_version_id, user_id, course_id) VALUES (59, NULL, '2026-05-21 21:54:05.907727', 4, 'f5aaaf6a-b6da-434e-9503-90e4d0d060a3', 2, 'e89fd28f-d1d8-42da-b55f-72fcea77d27b') ON CONFLICT DO NOTHING;
INSERT INTO public.course_version_log (id, comment, created_at, action_id, course_version_id, user_id, course_id) VALUES (60, 'Dublēta no versijas Nr. 3', '2026-05-21 23:02:58.620026', 9, '6872e1de-30fc-4b20-a2db-d0241dd58730', 2, 'e3a130bc-54bf-428c-89a9-31805ef5803d') ON CONFLICT DO NOTHING;
INSERT INTO public.course_version_log (id, comment, created_at, action_id, course_version_id, user_id, course_id) VALUES (61, 'Dublēta no versijas Nr. 4', '2026-05-21 23:04:32.830852', 9, '06479660-e9c9-4e26-bd02-05471707b4fe', 2, 'e3a130bc-54bf-428c-89a9-31805ef5803d') ON CONFLICT DO NOTHING;
INSERT INTO public.languages (id, code, name) VALUES (2, 'en', 'Angļu') ON CONFLICT DO NOTHING;
INSERT INTO public.languages (id, code, name) VALUES (1, 'lv', 'Latviešu') ON CONFLICT DO NOTHING;
INSERT INTO public.literature_types (id, description, name) VALUES (1, 'Obligātie literatūras  un informācijas avoti, kas palīdz sasniegt studiju kursa mērķi, saskaņā ar studiju kursā iegūstamo kredītpunktu apjomu un studējošo patstāvīgajam darbam plānoto stundu skaitu.', 'Pamatliteratūra') ON CONFLICT DO NOTHING;
INSERT INTO public.literature_types (id, description, name) VALUES (2, 'Ieteicamie papildu literatūras un informācijas avoti.', 'Papildliteratūra') ON CONFLICT DO NOTHING;
INSERT INTO public.literature_types (id, description, name) VALUES (3, 'Citi mācību materiāli, kas varētu būt lietderīgi studiju kursa tēmas apguvē.', 'Citi avoti') ON CONFLICT DO NOTHING;
INSERT INTO public.literature_sources (id, citation, created_at, language, updated_at, url, course_info_id, type_id) VALUES (30, 'Baums A. (2010). Datoru arhitektūra un organizācija. Autorizdevums: Rīga. 236 lpp.', '2026-05-03 00:37:11.251595', 'lv', NULL, NULL, '884291a6-0809-44cc-826c-d3c28ab24b39', 1) ON CONFLICT DO NOTHING;
INSERT INTO public.literature_sources (id, citation, created_at, language, updated_at, url, course_info_id, type_id) VALUES (31, 'Stallings W. (2021). Computer organisation and architecture, Global Edition11th edition. 890.lpp. Pearson.  (~300 lpp. pēc docētāja norādījumiem)', '2026-05-03 00:37:11.277118', 'en', NULL, NULL, '884291a6-0809-44cc-826c-d3c28ab24b39', 1) ON CONFLICT DO NOTHING;
INSERT INTO public.literature_sources (id, citation, created_at, language, updated_at, url, course_info_id, type_id) VALUES (1, 'Deitel P.J., Deitel H.M. (2007). Java: How to Program. Upper Saddle River, Pearson Education, Inc. 1596 lpp, ISBN 0-13-222220-5 (37 -522.lpp, 652. – 736.lpp, 1174. – 1240.lpp, 1436. – 1508.lpp)', '2026-04-06 19:55:21.027929', 'en', NULL, NULL, 'c74bab0f-0045-45b3-8547-4e2131abce5a', 1) ON CONFLICT DO NOTHING;
INSERT INTO public.literature_sources (id, citation, created_at, language, updated_at, url, course_info_id, type_id) VALUES (2, 'Gosling J. et al. (2022). The Java® Language Specification Java SE 18 Edition. Oracle America, Inc. 852 lpp (235 – 398.lpp.) [skatīts 11/17/2022].', '2026-04-06 19:55:21.491444', 'en', NULL, 'https://docs.oracle.com/javase/specs/jls/se18/jls18.pdf', 'c74bab0f-0045-45b3-8547-4e2131abce5a', 1) ON CONFLICT DO NOTHING;
INSERT INTO public.literature_sources (id, citation, created_at, language, updated_at, url, course_info_id, type_id) VALUES (3, 'Johnson R. et al. (2022). Spring Framework Documentation Version 6.0.0. VMware, 1427lpp (1. – 476.lpp, 664.- 850.lpp) [skatīts 17/11/2022]', '2026-04-06 19:55:21.509699', 'en', NULL, 'https://docs.spring.io/spring-framework/docs/current/reference/pdf/spring-framework.pdf', 'c74bab0f-0045-45b3-8547-4e2131abce5a', 1) ON CONFLICT DO NOTHING;
INSERT INTO public.literature_sources (id, citation, created_at, language, updated_at, url, course_info_id, type_id) VALUES (32, 'Хамахер К., Вранешич З., Заки С. (2003). “Организация ЭВМ, 5-е изд.”. Москва, Ст-Петербург: Питер. 848.lpp', '2026-05-03 00:37:11.29213', NULL, NULL, NULL, '884291a6-0809-44cc-826c-d3c28ab24b39', 2) ON CONFLICT DO NOTHING;
INSERT INTO public.literature_sources (id, citation, created_at, language, updated_at, url, course_info_id, type_id) VALUES (33, 'Raffiguzzaman H. (2005). “Fundamentals of digital logic and microcomputer design, 5th edition”. Hoboken, New Jersey: John Wiley&Sons. 838.lpp.', '2026-05-03 00:37:11.3059', 'en', NULL, NULL, '884291a6-0809-44cc-826c-d3c28ab24b39', 2) ON CONFLICT DO NOTHING;
INSERT INTO public.literature_sources (id, citation, created_at, language, updated_at, url, course_info_id, type_id) VALUES (34, 'Мюллер С. (2006). “Модернизация и ремонт ПК. 16 изд.”.Москва, Ст-Петербург, Киев: Вильямс/Диалектика. 1318.lpp.', '2026-05-03 00:37:11.32251', NULL, NULL, NULL, '884291a6-0809-44cc-826c-d3c28ab24b39', 2) ON CONFLICT DO NOTHING;
INSERT INTO public.literature_sources (id, citation, created_at, language, updated_at, url, course_info_id, type_id) VALUES (5, 'Oficiālā Java dokumentācija no Oracle.', '2026-04-06 20:12:39.229337', 'en', NULL, 'https://docs.oracle.com/javase/tutorial/index.html', 'c74bab0f-0045-45b3-8547-4e2131abce5a', 3) ON CONFLICT DO NOTHING;
INSERT INTO public.literature_sources (id, citation, created_at, language, updated_at, url, course_info_id, type_id) VALUES (6, 'Spring satvara dokumentācija [skatīts 11/17/2022]', '2026-04-06 20:13:11.974133', NULL, NULL, 'https://spring.io', 'c74bab0f-0045-45b3-8547-4e2131abce5a', 2) ON CONFLICT DO NOTHING;
INSERT INTO public.literature_sources (id, citation, created_at, language, updated_at, url, course_info_id, type_id) VALUES (8, 'Esteras, S. R. (2008) Infotech, English for computer users, fourth edition. 176 lpp.', '2026-04-19 04:11:33.462187', 'en', NULL, NULL, 'c2cb8133-dbca-42a5-82a2-defff0662094', 1) ON CONFLICT DO NOTHING;
INSERT INTO public.literature_sources (id, citation, created_at, language, updated_at, url, course_info_id, type_id) VALUES (9, 'Krasnenko, O., Kucheriava, L., Rebenko,, M. (2019) PROFESSIONAL ENGLISH IN IT B2 – C1 Textbook for Students of Information Technology. НУБіП України, 118 lpp.', '2026-04-19 04:11:33.492311', 'en', NULL, 'https://www.researchgate.net/publication/355360904_PROFESSIONAL_ENGLISH_IN_IT_B2_-C1_Textbook_for_Students_of_Information_Technology', 'c2cb8133-dbca-42a5-82a2-defff0662094', 1) ON CONFLICT DO NOTHING;
INSERT INTO public.literature_sources (id, citation, created_at, language, updated_at, url, course_info_id, type_id) VALUES (10, 'Termini.gov.lv', '2026-04-19 04:11:33.507617', 'lv', NULL, 'https://termini.gov.lv/atrast/integrated%20circuit%20memory/en', 'c2cb8133-dbca-42a5-82a2-defff0662094', 1) ON CONFLICT DO NOTHING;
INSERT INTO public.literature_sources (id, citation, created_at, language, updated_at, url, course_info_id, type_id) VALUES (11, 'Esteras, S.R. (2007) Professional English in Use: For Computers and the Internet. Cambridge: CUP', '2026-04-19 04:11:33.523171', 'en', NULL, NULL, 'c2cb8133-dbca-42a5-82a2-defff0662094', 2) ON CONFLICT DO NOTHING;
INSERT INTO public.literature_sources (id, citation, created_at, language, updated_at, url, course_info_id, type_id) VALUES (12, 'Glendinning, E.H., McEwan, J. (2001) Oxford English for Information Technology. OUP', '2026-04-19 04:11:33.540895', 'en', NULL, NULL, 'c2cb8133-dbca-42a5-82a2-defff0662094', 2) ON CONFLICT DO NOTHING;
INSERT INTO public.literature_sources (id, citation, created_at, language, updated_at, url, course_info_id, type_id) VALUES (13, 'Computer dictionary', '2026-04-19 04:11:33.551366', 'en', NULL, 'https://www.computerhope.com/jargon/jb.htm', 'c2cb8133-dbca-42a5-82a2-defff0662094', 2) ON CONFLICT DO NOTHING;
INSERT INTO public.literature_sources (id, citation, created_at, language, updated_at, url, course_info_id, type_id) VALUES (14, 'TechRepublic', '2026-04-19 04:11:33.566251', 'en', NULL, 'https://www.techrepublic.com/', 'c2cb8133-dbca-42a5-82a2-defff0662094', 2) ON CONFLICT DO NOTHING;
INSERT INTO public.literature_sources (id, citation, created_at, language, updated_at, url, course_info_id, type_id) VALUES (15, 'BBC news Tech', '2026-04-19 04:11:33.576374', 'en', NULL, 'https://www.bbc.com/news/technology', 'c2cb8133-dbca-42a5-82a2-defff0662094', 3) ON CONFLICT DO NOTHING;
INSERT INTO public.literature_sources (id, citation, created_at, language, updated_at, url, course_info_id, type_id) VALUES (16, 'English for ICT', '2026-04-19 04:11:33.587063', 'en', NULL, 'https://sites.google.com/site/englishforict15/home', 'c2cb8133-dbca-42a5-82a2-defff0662094', 3) ON CONFLICT DO NOTHING;
INSERT INTO public.literature_sources (id, citation, created_at, language, updated_at, url, course_info_id, type_id) VALUES (17, 'Collocations Dictionary', '2026-04-19 04:11:33.60069', 'en', NULL, 'http://www.ozdic.com/', 'c2cb8133-dbca-42a5-82a2-defff0662094', 3) ON CONFLICT DO NOTHING;
INSERT INTO public.literature_sources (id, citation, created_at, language, updated_at, url, course_info_id, type_id) VALUES (18, 'BREAKING NEWS ENGLISH', '2026-04-19 04:11:33.61208', 'en', NULL, 'http://www.breakingnewsenglish.com/index.html', 'c2cb8133-dbca-42a5-82a2-defff0662094', 3) ON CONFLICT DO NOTHING;
INSERT INTO public.literature_sources (id, citation, created_at, language, updated_at, url, course_info_id, type_id) VALUES (19, 'BBC learning English', '2026-04-19 04:11:33.621706', 'en', NULL, 'http://www.bbc.co.uk/learningenglish/', 'c2cb8133-dbca-42a5-82a2-defff0662094', 3) ON CONFLICT DO NOTHING;
INSERT INTO public.literature_sources (id, citation, created_at, language, updated_at, url, course_info_id, type_id) VALUES (20, 'Purdue University Online writing lab', '2026-04-19 04:11:33.633078', 'en', NULL, 'https://owl.purdue.edu/owl/', 'c2cb8133-dbca-42a5-82a2-defff0662094', 3) ON CONFLICT DO NOTHING;
INSERT INTO public.literature_sources (id, citation, created_at, language, updated_at, url, course_info_id, type_id) VALUES (21, 'Un citi interneta avoti, ziņu portāli angļu valodā un latviešu valodā; audiovizuālie teksti par aktuālām tēmām; izvilkumi no dažādām grāmatām, laikrakstiem un žurnāliem par atbilstošām tēmām.', '2026-04-19 04:11:33.643322', NULL, NULL, NULL, 'c2cb8133-dbca-42a5-82a2-defff0662094', 3) ON CONFLICT DO NOTHING;
INSERT INTO public.literature_sources (id, citation, created_at, language, updated_at, url, course_info_id, type_id) VALUES (22, 'Drozdek, A. (2005). Data structures and algorithms in Java 2nd Edition. Brooks/Cole', '2026-05-03 00:13:55.71484', 'en', NULL, NULL, 'b8e12532-459d-4dba-bcc8-f3385c06f0b5', 1) ON CONFLICT DO NOTHING;
INSERT INTO public.literature_sources (id, citation, created_at, language, updated_at, url, course_info_id, type_id) VALUES (23, 'Mironova, O., Amitan, I., & Vilipõld, J. (2017, April). Programming basics for beginners: Experience of the institute of informatics at Tallinn University of Technology. In 2017 IEEE Global Engineering Education Conference (EDUCON) (pp. 735-739). IEEE', '2026-05-03 00:13:55.76979', 'en', NULL, NULL, 'b8e12532-459d-4dba-bcc8-f3385c06f0b5', 1) ON CONFLICT DO NOTHING;
INSERT INTO public.literature_sources (id, citation, created_at, language, updated_at, url, course_info_id, type_id) VALUES (24, 'CHRISTODOULOU, M., SZCZYGIEŁ, E., KŁAPA, Ł., & KOLARZ, W. (2018) Algoritmika un programmēšana. P.T.E.A. Wszechnica Sp. z o.o.', '2026-05-03 00:13:55.784253', 'en', NULL, 'https://www.codeit-project.eu/wp-content/uploads/CodeIT_O1_LV.pdf', 'b8e12532-459d-4dba-bcc8-f3385c06f0b5', 1) ON CONFLICT DO NOTHING;
INSERT INTO public.literature_sources (id, citation, created_at, language, updated_at, url, course_info_id, type_id) VALUES (25, 'Cormen, T. H., Leiserson, C. E., Rivest, R. L., & Stein, C. (2022). Introduction to algorithms 4th Edition. MIT press', '2026-05-03 00:13:55.797611', 'en', NULL, NULL, 'b8e12532-459d-4dba-bcc8-f3385c06f0b5', 2) ON CONFLICT DO NOTHING;
INSERT INTO public.literature_sources (id, citation, created_at, language, updated_at, url, course_info_id, type_id) VALUES (26, 'Bovet, D. P., Crescenzi, P., & Bovet, D. (1994). Introduction to the Theory of Complexity (p. 69). London: Prentice Hall.', '2026-05-03 00:13:55.812827', 'en', NULL, NULL, 'b8e12532-459d-4dba-bcc8-f3385c06f0b5', 2) ON CONFLICT DO NOTHING;
INSERT INTO public.literature_sources (id, citation, created_at, language, updated_at, url, course_info_id, type_id) VALUES (27, 'Kruse, R. L., & Ryba, A. J. (1999). Data structures and program design in C++. Prentice-Hall, Inc..', '2026-05-03 00:13:55.828563', 'en', NULL, NULL, 'b8e12532-459d-4dba-bcc8-f3385c06f0b5', 2) ON CONFLICT DO NOTHING;
INSERT INTO public.literature_sources (id, citation, created_at, language, updated_at, url, course_info_id, type_id) VALUES (28, 'Treniņuzdevumu vietne dažādu algoritmisku problēmu risināšanai', '2026-05-03 00:13:55.840552', 'lv', NULL, 'https://clevercode.lv/', 'b8e12532-459d-4dba-bcc8-f3385c06f0b5', 3) ON CONFLICT DO NOTHING;
INSERT INTO public.literature_sources (id, citation, created_at, language, updated_at, url, course_info_id, type_id) VALUES (29, 'Treniņuzdevumu vietne dažādu algoritmisku problēmu risināšanai', '2026-05-03 00:13:55.853067', 'en', NULL, 'https://projecteuler.net/', 'b8e12532-459d-4dba-bcc8-f3385c06f0b5', 3) ON CONFLICT DO NOTHING;
INSERT INTO public.literature_sources (id, citation, created_at, language, updated_at, url, course_info_id, type_id) VALUES (35, 'Tannenbaum A.S. (1999). “Structured Computer organization, 4th edition”. Lebanon: Prentice Hall. 669.lpp.', '2026-05-03 00:37:11.334384', 'en', NULL, NULL, '884291a6-0809-44cc-826c-d3c28ab24b39', 2) ON CONFLICT DO NOTHING;
INSERT INTO public.literature_sources (id, citation, created_at, language, updated_at, url, course_info_id, type_id) VALUES (36, 'Mikroprocesora Intel 8086 arhitekttūras pārskats [skatīts 30.11.2022.]', '2026-05-03 00:37:11.349255', 'en', NULL, 'https://www.tutorialspoint.com/microprocessor/microprocessor_8086_overview.htm', '884291a6-0809-44cc-826c-d3c28ab24b39', 3) ON CONFLICT DO NOTHING;
INSERT INTO public.literature_sources (id, citation, created_at, language, updated_at, url, course_info_id, type_id) VALUES (37, 'Mikroprocesora Intel 8086 arhitekttūra un asemblera instrukcijas [skatīts 30.11.2022.]', '2026-05-03 00:37:11.364422', 'en', NULL, 'http://gvpcew.ac.in/LN-CSE-IT-22-32/ECE/3-Year/MPMC-Unit-1.pdf', '884291a6-0809-44cc-826c-d3c28ab24b39', 3) ON CONFLICT DO NOTHING;
INSERT INTO public.literature_sources (id, citation, created_at, language, updated_at, url, course_info_id, type_id) VALUES (38, 'Kopec D. (2019) Classic Computer Science Problems in Python. Manning. 224 lpp', '2026-05-03 01:05:44.338036', 'en', NULL, NULL, '808096ac-ffdc-44f0-a90a-35977c816e52', 1) ON CONFLICT DO NOTHING;
INSERT INTO public.literature_sources (id, citation, created_at, language, updated_at, url, course_info_id, type_id) VALUES (39, 'Matthes E. (2019). Python Crash Course, 2nd Edition. No Starch Press. 544 lpp. (160 lpp. pēc docētāja norādījumiem)', '2026-05-03 01:05:44.365124', 'en', NULL, NULL, '808096ac-ffdc-44f0-a90a-35977c816e52', 1) ON CONFLICT DO NOTHING;
INSERT INTO public.literature_sources (id, citation, created_at, language, updated_at, url, course_info_id, type_id) VALUES (40, 'Donwey A. (2016). Think Python: How to Think Like a Computer Scientist 2nd Edition. 289 lpp. (120 lpp. pēc docētāja norādījumiem). [skatīts 11/22/2022]', '2026-05-03 01:05:44.379841', 'en', NULL, 'https://greenteapress.com/wp/think-python-2e/', '808096ac-ffdc-44f0-a90a-35977c816e52', 1) ON CONFLICT DO NOTHING;
INSERT INTO public.literature_sources (id, citation, created_at, language, updated_at, url, course_info_id, type_id) VALUES (41, 'Wirth N. (1095). Algorithms and Data structures Prentice Hall. 288 lpp.', '2026-05-03 01:05:44.39473', 'en', NULL, NULL, '808096ac-ffdc-44f0-a90a-35977c816e52', 1) ON CONFLICT DO NOTHING;
INSERT INTO public.literature_sources (id, citation, created_at, language, updated_at, url, course_info_id, type_id) VALUES (42, 'Cormen T.H., Leiserson C.E., Rivest R.L., Stein C.(2022). Introduction to Algorithms, fourth edition 4th Edition, The MIT Press. 1312 lpp.', '2026-05-03 01:05:44.409809', 'en', NULL, NULL, '808096ac-ffdc-44f0-a90a-35977c816e52', 2) ON CONFLICT DO NOTHING;
INSERT INTO public.literature_sources (id, citation, created_at, language, updated_at, url, course_info_id, type_id) VALUES (43, 'Reed D. (2010). Balanced Introduction to Computer Science. Pearson. 432 lpp.', '2026-05-03 01:05:44.42078', 'en', NULL, NULL, '808096ac-ffdc-44f0-a90a-35977c816e52', 2) ON CONFLICT DO NOTHING;
INSERT INTO public.literature_sources (id, citation, created_at, language, updated_at, url, course_info_id, type_id) VALUES (45, 'Python Software Foundation (2022).  [skatīts 11/22/2022] (Python mājas lapa, dokumentācija, versiju lejuplāde).', '2026-05-03 01:05:44.45917', 'en', NULL, 'https://www.python.org/', '808096ac-ffdc-44f0-a90a-35977c816e52', 3) ON CONFLICT DO NOTHING;
INSERT INTO public.literature_sources (id, citation, created_at, language, updated_at, url, course_info_id, type_id) VALUES (44, 'Severance C. R. (2016). Python for Everybody: Exploring Data in Python 3.- CreateSpace Independent Publishing Platform. 244 lpp. [skatīts 11/22/2022]', '2026-05-03 01:05:44.436941', 'en', NULL, 'https://www.py4e.com/book', '808096ac-ffdc-44f0-a90a-35977c816e52', 2) ON CONFLICT DO NOTHING;
INSERT INTO public.literature_sources (id, citation, created_at, language, updated_at, url, course_info_id, type_id) VALUES (46, 'W3Schools (2022). Python Tutorial.  [skatīts 11/22/2022]', '2026-05-03 01:05:44.468978', 'en', NULL, 'https://www.w3schools.com/python/default.asp', '808096ac-ffdc-44f0-a90a-35977c816e52', 3) ON CONFLICT DO NOTHING;
INSERT INTO public.literature_sources (id, citation, created_at, language, updated_at, url, course_info_id, type_id) VALUES (49, 'EBSCO datubāze', '2026-05-03 01:05:44.504224', NULL, NULL, 'http://www.ebsco.com/', '808096ac-ffdc-44f0-a90a-35977c816e52', 3) ON CONFLICT DO NOTHING;
INSERT INTO public.literature_sources (id, citation, created_at, language, updated_at, url, course_info_id, type_id) VALUES (47, 'Science Direct datubāze', '2026-05-03 01:05:44.480514', NULL, NULL, 'http://www.sciencedirect.com/', '808096ac-ffdc-44f0-a90a-35977c816e52', 3) ON CONFLICT DO NOTHING;
INSERT INTO public.literature_sources (id, citation, created_at, language, updated_at, url, course_info_id, type_id) VALUES (48, 'Scopus datubāze', '2026-05-03 01:05:44.492713', NULL, NULL, 'http://www.scopus.com/', '808096ac-ffdc-44f0-a90a-35977c816e52', 3) ON CONFLICT DO NOTHING;
INSERT INTO public.literature_sources (id, citation, created_at, language, updated_at, url, course_info_id, type_id) VALUES (50, 'Deitel P.J., Deitel H.M. (2007). Java: How to Program. Upper Saddle River, Pearson Education, Inc. 1596 lpp, ISBN 0-13-222220-5 (37 -522.lpp, 652. – 736.lpp, 1174. – 1240.lpp, 1436. – 1508.lpp)', '2026-05-03 11:26:22.979411', 'en', NULL, NULL, 'f96e6a04-70cb-4822-af03-4eb0097f6e90', 1) ON CONFLICT DO NOTHING;
INSERT INTO public.literature_sources (id, citation, created_at, language, updated_at, url, course_info_id, type_id) VALUES (51, 'Gosling J. et al. (2022). The Java® Language Specification Java SE 18 Edition. Oracle America, Inc. 852 lpp (235 – 398.lpp.) [skatīts 11/17/2022].', '2026-05-03 11:26:22.988506', 'en', NULL, 'https://docs.oracle.com/javase/specs/jls/se18/jls18.pdf', 'f96e6a04-70cb-4822-af03-4eb0097f6e90', 1) ON CONFLICT DO NOTHING;
INSERT INTO public.literature_sources (id, citation, created_at, language, updated_at, url, course_info_id, type_id) VALUES (52, 'Johnson R. et al. (2022). Spring Framework Documentation Version 6.0.0. VMware, 1427lpp (1. – 476.lpp, 664.- 850.lpp) [skatīts 17/11/2022]', '2026-05-03 11:26:22.992376', 'en', NULL, 'https://docs.spring.io/spring-framework/docs/current/reference/pdf/spring-framework.pdf', 'f96e6a04-70cb-4822-af03-4eb0097f6e90', 1) ON CONFLICT DO NOTHING;
INSERT INTO public.literature_sources (id, citation, created_at, language, updated_at, url, course_info_id, type_id) VALUES (53, 'Oficiālā Java dokumentācija no Oracle.', '2026-05-03 11:26:22.995585', 'en', NULL, 'https://docs.oracle.com/javase/tutorial/index.html', 'f96e6a04-70cb-4822-af03-4eb0097f6e90', 3) ON CONFLICT DO NOTHING;
INSERT INTO public.literature_sources (id, citation, created_at, language, updated_at, url, course_info_id, type_id) VALUES (54, 'Spring satvara dokumentācija [skatīts 11/17/2022]', '2026-05-03 11:26:22.997743', NULL, NULL, 'https://spring.io', 'f96e6a04-70cb-4822-af03-4eb0097f6e90', 2) ON CONFLICT DO NOTHING;
INSERT INTO public.literature_sources (id, citation, created_at, language, updated_at, url, course_info_id, type_id) VALUES (55, 'Kopec D. (2019) Classic Computer Science Problems in Python. Manning. 224 lpp', '2026-05-03 12:22:50.503949', 'en', NULL, NULL, '8505bfaa-246c-4686-863f-6b02d4621703', 1) ON CONFLICT DO NOTHING;
INSERT INTO public.literature_sources (id, citation, created_at, language, updated_at, url, course_info_id, type_id) VALUES (56, 'Matthes E. (2019). Python Crash Course, 2nd Edition. No Starch Press. 544 lpp. (160 lpp. pēc docētāja norādījumiem)', '2026-05-03 12:22:50.513994', 'en', NULL, NULL, '8505bfaa-246c-4686-863f-6b02d4621703', 1) ON CONFLICT DO NOTHING;
INSERT INTO public.literature_sources (id, citation, created_at, language, updated_at, url, course_info_id, type_id) VALUES (57, 'Donwey A. (2016). Think Python: How to Think Like a Computer Scientist 2nd Edition. 289 lpp. (120 lpp. pēc docētāja norādījumiem). [skatīts 11/22/2022]', '2026-05-03 12:22:50.51618', 'en', NULL, 'https://greenteapress.com/wp/think-python-2e/', '8505bfaa-246c-4686-863f-6b02d4621703', 1) ON CONFLICT DO NOTHING;
INSERT INTO public.literature_sources (id, citation, created_at, language, updated_at, url, course_info_id, type_id) VALUES (58, 'Wirth N. (1095). Algorithms and Data structures Prentice Hall. 288 lpp.', '2026-05-03 12:22:50.517757', 'en', NULL, NULL, '8505bfaa-246c-4686-863f-6b02d4621703', 1) ON CONFLICT DO NOTHING;
INSERT INTO public.literature_sources (id, citation, created_at, language, updated_at, url, course_info_id, type_id) VALUES (59, 'Cormen T.H., Leiserson C.E., Rivest R.L., Stein C.(2022). Introduction to Algorithms, fourth edition 4th Edition, The MIT Press. 1312 lpp.', '2026-05-03 12:22:50.519879', 'en', NULL, NULL, '8505bfaa-246c-4686-863f-6b02d4621703', 2) ON CONFLICT DO NOTHING;
INSERT INTO public.literature_sources (id, citation, created_at, language, updated_at, url, course_info_id, type_id) VALUES (60, 'Reed D. (2010). Balanced Introduction to Computer Science. Pearson. 432 lpp.', '2026-05-03 12:22:50.521491', 'en', NULL, NULL, '8505bfaa-246c-4686-863f-6b02d4621703', 2) ON CONFLICT DO NOTHING;
INSERT INTO public.literature_sources (id, citation, created_at, language, updated_at, url, course_info_id, type_id) VALUES (61, 'Python Software Foundation (2022).  [skatīts 11/22/2022] (Python mājas lapa, dokumentācija, versiju lejuplāde).', '2026-05-03 12:22:50.524187', 'en', NULL, 'https://www.python.org/', '8505bfaa-246c-4686-863f-6b02d4621703', 3) ON CONFLICT DO NOTHING;
INSERT INTO public.literature_sources (id, citation, created_at, language, updated_at, url, course_info_id, type_id) VALUES (62, 'Severance C. R. (2016). Python for Everybody: Exploring Data in Python 3.- CreateSpace Independent Publishing Platform. 244 lpp. [skatīts 11/22/2022]', '2026-05-03 12:22:50.526329', 'en', NULL, 'https://www.py4e.com/book', '8505bfaa-246c-4686-863f-6b02d4621703', 2) ON CONFLICT DO NOTHING;
INSERT INTO public.literature_sources (id, citation, created_at, language, updated_at, url, course_info_id, type_id) VALUES (63, 'W3Schools (2022). Python Tutorial.  [skatīts 11/22/2022]', '2026-05-03 12:22:50.529514', 'en', NULL, 'https://www.w3schools.com/python/default.asp', '8505bfaa-246c-4686-863f-6b02d4621703', 3) ON CONFLICT DO NOTHING;
INSERT INTO public.literature_sources (id, citation, created_at, language, updated_at, url, course_info_id, type_id) VALUES (64, 'EBSCO datubāze', '2026-05-03 12:22:50.532744', NULL, NULL, 'http://www.ebsco.com/', '8505bfaa-246c-4686-863f-6b02d4621703', 3) ON CONFLICT DO NOTHING;
INSERT INTO public.literature_sources (id, citation, created_at, language, updated_at, url, course_info_id, type_id) VALUES (65, 'Science Direct datubāze', '2026-05-03 12:22:50.535969', NULL, NULL, 'http://www.sciencedirect.com/', '8505bfaa-246c-4686-863f-6b02d4621703', 3) ON CONFLICT DO NOTHING;
INSERT INTO public.literature_sources (id, citation, created_at, language, updated_at, url, course_info_id, type_id) VALUES (66, 'Scopus datubāze', '2026-05-03 12:22:50.53862', NULL, NULL, 'http://www.scopus.com/', '8505bfaa-246c-4686-863f-6b02d4621703', 3) ON CONFLICT DO NOTHING;
INSERT INTO public.literature_sources (id, citation, created_at, language, updated_at, url, course_info_id, type_id) VALUES (67, 'Deitel P.J., Deitel H.M. (2007). Java: How to Program. Upper Saddle River, Pearson Education, Inc. 1596 lpp, ISBN 0-13-222220-5 (37 -522.lpp, 652. – 736.lpp, 1174. – 1240.lpp, 1436. – 1508.lpp)', '2026-05-03 12:40:57.119346', 'en', NULL, NULL, '11ac2e25-f7fd-43d0-8166-32eb7ed5f2d0', 1) ON CONFLICT DO NOTHING;
INSERT INTO public.literature_sources (id, citation, created_at, language, updated_at, url, course_info_id, type_id) VALUES (68, 'Gosling J. et al. (2022). The Java® Language Specification Java SE 18 Edition. Oracle America, Inc. 852 lpp (235 – 398.lpp.) [skatīts 11/17/2022].', '2026-05-03 12:40:57.127645', 'en', NULL, 'https://docs.oracle.com/javase/specs/jls/se18/jls18.pdf', '11ac2e25-f7fd-43d0-8166-32eb7ed5f2d0', 1) ON CONFLICT DO NOTHING;
INSERT INTO public.literature_sources (id, citation, created_at, language, updated_at, url, course_info_id, type_id) VALUES (69, 'Johnson R. et al. (2022). Spring Framework Documentation Version 6.0.0. VMware, 1427lpp (1. – 476.lpp, 664.- 850.lpp) [skatīts 17/11/2022]', '2026-05-03 12:40:57.130339', 'en', NULL, 'https://docs.spring.io/spring-framework/docs/current/reference/pdf/spring-framework.pdf', '11ac2e25-f7fd-43d0-8166-32eb7ed5f2d0', 1) ON CONFLICT DO NOTHING;
INSERT INTO public.literature_sources (id, citation, created_at, language, updated_at, url, course_info_id, type_id) VALUES (70, 'Oficiālā Java dokumentācija no Oracle.', '2026-05-03 12:40:57.132643', 'en', NULL, 'https://docs.oracle.com/javase/tutorial/index.html', '11ac2e25-f7fd-43d0-8166-32eb7ed5f2d0', 3) ON CONFLICT DO NOTHING;
INSERT INTO public.literature_sources (id, citation, created_at, language, updated_at, url, course_info_id, type_id) VALUES (71, 'Spring satvara dokumentācija [skatīts 11/17/2022]', '2026-05-03 12:40:57.134901', NULL, NULL, 'https://spring.io', '11ac2e25-f7fd-43d0-8166-32eb7ed5f2d0', 2) ON CONFLICT DO NOTHING;
INSERT INTO public.literature_sources (id, citation, created_at, language, updated_at, url, course_info_id, type_id) VALUES (72, 'Esteras, S. R. (2008) Infotech, English for computer users, fourth edition. 176 lpp.', '2026-05-03 15:15:03.632559', 'en', NULL, NULL, 'f26e2d96-3d76-4518-9c90-8b18b66c9b8c', 1) ON CONFLICT DO NOTHING;
INSERT INTO public.literature_sources (id, citation, created_at, language, updated_at, url, course_info_id, type_id) VALUES (73, 'Krasnenko, O., Kucheriava, L., Rebenko,, M. (2019) PROFESSIONAL ENGLISH IN IT B2 – C1 Textbook for Students of Information Technology. НУБіП України, 118 lpp.', '2026-05-03 15:15:03.639737', 'en', NULL, 'https://www.researchgate.net/publication/355360904_PROFESSIONAL_ENGLISH_IN_IT_B2_-C1_Textbook_for_Students_of_Information_Technology', 'f26e2d96-3d76-4518-9c90-8b18b66c9b8c', 1) ON CONFLICT DO NOTHING;
INSERT INTO public.literature_sources (id, citation, created_at, language, updated_at, url, course_info_id, type_id) VALUES (74, 'Termini.gov.lv', '2026-05-03 15:15:03.642805', 'lv', NULL, 'https://termini.gov.lv/atrast/integrated%20circuit%20memory/en', 'f26e2d96-3d76-4518-9c90-8b18b66c9b8c', 1) ON CONFLICT DO NOTHING;
INSERT INTO public.literature_sources (id, citation, created_at, language, updated_at, url, course_info_id, type_id) VALUES (75, 'Esteras, S.R. (2007) Professional English in Use: For Computers and the Internet. Cambridge: CUP', '2026-05-03 15:15:03.645458', 'en', NULL, NULL, 'f26e2d96-3d76-4518-9c90-8b18b66c9b8c', 2) ON CONFLICT DO NOTHING;
INSERT INTO public.literature_sources (id, citation, created_at, language, updated_at, url, course_info_id, type_id) VALUES (76, 'Glendinning, E.H., McEwan, J. (2001) Oxford English for Information Technology. OUP', '2026-05-03 15:15:03.648119', 'en', NULL, NULL, 'f26e2d96-3d76-4518-9c90-8b18b66c9b8c', 2) ON CONFLICT DO NOTHING;
INSERT INTO public.literature_sources (id, citation, created_at, language, updated_at, url, course_info_id, type_id) VALUES (77, 'Computer dictionary', '2026-05-03 15:15:03.649723', 'en', NULL, 'https://www.computerhope.com/jargon/jb.htm', 'f26e2d96-3d76-4518-9c90-8b18b66c9b8c', 2) ON CONFLICT DO NOTHING;
INSERT INTO public.literature_sources (id, citation, created_at, language, updated_at, url, course_info_id, type_id) VALUES (78, 'TechRepublic', '2026-05-03 15:15:03.652453', 'en', NULL, 'https://www.techrepublic.com/', 'f26e2d96-3d76-4518-9c90-8b18b66c9b8c', 2) ON CONFLICT DO NOTHING;
INSERT INTO public.literature_sources (id, citation, created_at, language, updated_at, url, course_info_id, type_id) VALUES (79, 'BBC news Tech', '2026-05-03 15:15:03.655601', 'en', NULL, 'https://www.bbc.com/news/technology', 'f26e2d96-3d76-4518-9c90-8b18b66c9b8c', 3) ON CONFLICT DO NOTHING;
INSERT INTO public.literature_sources (id, citation, created_at, language, updated_at, url, course_info_id, type_id) VALUES (80, 'English for ICT', '2026-05-03 15:15:03.659908', 'en', NULL, 'https://sites.google.com/site/englishforict15/home', 'f26e2d96-3d76-4518-9c90-8b18b66c9b8c', 3) ON CONFLICT DO NOTHING;
INSERT INTO public.literature_sources (id, citation, created_at, language, updated_at, url, course_info_id, type_id) VALUES (81, 'Collocations Dictionary', '2026-05-03 15:15:03.664402', 'en', NULL, 'http://www.ozdic.com/', 'f26e2d96-3d76-4518-9c90-8b18b66c9b8c', 3) ON CONFLICT DO NOTHING;
INSERT INTO public.literature_sources (id, citation, created_at, language, updated_at, url, course_info_id, type_id) VALUES (82, 'BREAKING NEWS ENGLISH', '2026-05-03 15:15:03.667659', 'en', NULL, 'http://www.breakingnewsenglish.com/index.html', 'f26e2d96-3d76-4518-9c90-8b18b66c9b8c', 3) ON CONFLICT DO NOTHING;
INSERT INTO public.literature_sources (id, citation, created_at, language, updated_at, url, course_info_id, type_id) VALUES (83, 'BBC learning English', '2026-05-03 15:15:03.67096', 'en', NULL, 'http://www.bbc.co.uk/learningenglish/', 'f26e2d96-3d76-4518-9c90-8b18b66c9b8c', 3) ON CONFLICT DO NOTHING;
INSERT INTO public.literature_sources (id, citation, created_at, language, updated_at, url, course_info_id, type_id) VALUES (84, 'Purdue University Online writing lab', '2026-05-03 15:15:03.674618', 'en', NULL, 'https://owl.purdue.edu/owl/', 'f26e2d96-3d76-4518-9c90-8b18b66c9b8c', 3) ON CONFLICT DO NOTHING;
INSERT INTO public.literature_sources (id, citation, created_at, language, updated_at, url, course_info_id, type_id) VALUES (85, 'Un citi interneta avoti, ziņu portāli angļu valodā un latviešu valodā; audiovizuālie teksti par aktuālām tēmām; izvilkumi no dažādām grāmatām, laikrakstiem un žurnāliem par atbilstošām tēmām.', '2026-05-03 15:15:03.677764', NULL, NULL, NULL, 'f26e2d96-3d76-4518-9c90-8b18b66c9b8c', 3) ON CONFLICT DO NOTHING;
INSERT INTO public.literature_sources (id, citation, created_at, language, updated_at, url, course_info_id, type_id) VALUES (86, 'Esteras, S. R. (2008) Infotech, English for computer users, fourth edition. 176 lpp.', '2026-05-03 15:17:53.48541', 'en', NULL, NULL, '4ffc5cfe-068b-411a-8db5-d5fe753cbbc4', 1) ON CONFLICT DO NOTHING;
INSERT INTO public.literature_sources (id, citation, created_at, language, updated_at, url, course_info_id, type_id) VALUES (87, 'Krasnenko, O., Kucheriava, L., Rebenko,, M. (2019) PROFESSIONAL ENGLISH IN IT B2 – C1 Textbook for Students of Information Technology. НУБіП України, 118 lpp.', '2026-05-03 15:17:53.498095', 'en', NULL, 'https://www.researchgate.net/publication/355360904_PROFESSIONAL_ENGLISH_IN_IT_B2_-C1_Textbook_for_Students_of_Information_Technology', '4ffc5cfe-068b-411a-8db5-d5fe753cbbc4', 1) ON CONFLICT DO NOTHING;
INSERT INTO public.literature_sources (id, citation, created_at, language, updated_at, url, course_info_id, type_id) VALUES (88, 'Termini.gov.lv', '2026-05-03 15:17:53.502979', 'lv', NULL, 'https://termini.gov.lv/atrast/integrated%20circuit%20memory/en', '4ffc5cfe-068b-411a-8db5-d5fe753cbbc4', 1) ON CONFLICT DO NOTHING;
INSERT INTO public.literature_sources (id, citation, created_at, language, updated_at, url, course_info_id, type_id) VALUES (89, 'Esteras, S.R. (2007) Professional English in Use: For Computers and the Internet. Cambridge: CUP', '2026-05-03 15:17:53.506882', 'en', NULL, NULL, '4ffc5cfe-068b-411a-8db5-d5fe753cbbc4', 2) ON CONFLICT DO NOTHING;
INSERT INTO public.literature_sources (id, citation, created_at, language, updated_at, url, course_info_id, type_id) VALUES (90, 'Glendinning, E.H., McEwan, J. (2001) Oxford English for Information Technology. OUP', '2026-05-03 15:17:53.513619', 'en', NULL, NULL, '4ffc5cfe-068b-411a-8db5-d5fe753cbbc4', 2) ON CONFLICT DO NOTHING;
INSERT INTO public.literature_sources (id, citation, created_at, language, updated_at, url, course_info_id, type_id) VALUES (91, 'Computer dictionary', '2026-05-03 15:17:53.519059', 'en', NULL, 'https://www.computerhope.com/jargon/jb.htm', '4ffc5cfe-068b-411a-8db5-d5fe753cbbc4', 2) ON CONFLICT DO NOTHING;
INSERT INTO public.literature_sources (id, citation, created_at, language, updated_at, url, course_info_id, type_id) VALUES (92, 'TechRepublic', '2026-05-03 15:17:53.523034', 'en', NULL, 'https://www.techrepublic.com/', '4ffc5cfe-068b-411a-8db5-d5fe753cbbc4', 2) ON CONFLICT DO NOTHING;
INSERT INTO public.literature_sources (id, citation, created_at, language, updated_at, url, course_info_id, type_id) VALUES (93, 'BBC news Tech', '2026-05-03 15:17:53.528456', 'en', NULL, 'https://www.bbc.com/news/technology', '4ffc5cfe-068b-411a-8db5-d5fe753cbbc4', 3) ON CONFLICT DO NOTHING;
INSERT INTO public.literature_sources (id, citation, created_at, language, updated_at, url, course_info_id, type_id) VALUES (94, 'English for ICT', '2026-05-03 15:17:53.533637', 'en', NULL, 'https://sites.google.com/site/englishforict15/home', '4ffc5cfe-068b-411a-8db5-d5fe753cbbc4', 3) ON CONFLICT DO NOTHING;
INSERT INTO public.literature_sources (id, citation, created_at, language, updated_at, url, course_info_id, type_id) VALUES (95, 'Collocations Dictionary', '2026-05-03 15:17:53.539205', 'en', NULL, 'http://www.ozdic.com/', '4ffc5cfe-068b-411a-8db5-d5fe753cbbc4', 3) ON CONFLICT DO NOTHING;
INSERT INTO public.literature_sources (id, citation, created_at, language, updated_at, url, course_info_id, type_id) VALUES (96, 'BREAKING NEWS ENGLISH', '2026-05-03 15:17:53.544777', 'en', NULL, 'http://www.breakingnewsenglish.com/index.html', '4ffc5cfe-068b-411a-8db5-d5fe753cbbc4', 3) ON CONFLICT DO NOTHING;
INSERT INTO public.literature_sources (id, citation, created_at, language, updated_at, url, course_info_id, type_id) VALUES (97, 'BBC learning English', '2026-05-03 15:17:53.548608', 'en', NULL, 'http://www.bbc.co.uk/learningenglish/', '4ffc5cfe-068b-411a-8db5-d5fe753cbbc4', 3) ON CONFLICT DO NOTHING;
INSERT INTO public.literature_sources (id, citation, created_at, language, updated_at, url, course_info_id, type_id) VALUES (98, 'Purdue University Online writing lab', '2026-05-03 15:17:53.552781', 'en', NULL, 'https://owl.purdue.edu/owl/', '4ffc5cfe-068b-411a-8db5-d5fe753cbbc4', 3) ON CONFLICT DO NOTHING;
INSERT INTO public.literature_sources (id, citation, created_at, language, updated_at, url, course_info_id, type_id) VALUES (99, 'Un citi interneta avoti, ziņu portāli angļu valodā un latviešu valodā; audiovizuālie teksti par aktuālām tēmām; izvilkumi no dažādām grāmatām, laikrakstiem un žurnāliem par atbilstošām tēmām.', '2026-05-03 15:17:53.556733', NULL, NULL, NULL, '4ffc5cfe-068b-411a-8db5-d5fe753cbbc4', 3) ON CONFLICT DO NOTHING;
INSERT INTO public.literature_sources (id, citation, created_at, language, updated_at, url, course_info_id, type_id) VALUES (100, 'Baums A. (2010). Datoru arhitektūra un organizācija. Autorizdevums: Rīga. 236 lpp.', '2026-05-03 15:33:32.788803', 'lv', NULL, NULL, '6d2d0040-b5fc-4eec-9202-4a3543035dc7', 1) ON CONFLICT DO NOTHING;
INSERT INTO public.literature_sources (id, citation, created_at, language, updated_at, url, course_info_id, type_id) VALUES (101, 'Stallings W. (2021). Computer organisation and architecture, Global Edition11th edition. 890.lpp. Pearson.  (~300 lpp. pēc docētāja norādījumiem)', '2026-05-03 15:33:32.798631', 'en', NULL, NULL, '6d2d0040-b5fc-4eec-9202-4a3543035dc7', 1) ON CONFLICT DO NOTHING;
INSERT INTO public.literature_sources (id, citation, created_at, language, updated_at, url, course_info_id, type_id) VALUES (102, 'Хамахер К., Вранешич З., Заки С. (2003). “Организация ЭВМ, 5-е изд.”. Москва, Ст-Петербург: Питер. 848.lpp', '2026-05-03 15:33:32.800742', NULL, NULL, NULL, '6d2d0040-b5fc-4eec-9202-4a3543035dc7', 2) ON CONFLICT DO NOTHING;
INSERT INTO public.literature_sources (id, citation, created_at, language, updated_at, url, course_info_id, type_id) VALUES (103, 'Raffiguzzaman H. (2005). “Fundamentals of digital logic and microcomputer design, 5th edition”. Hoboken, New Jersey: John Wiley&Sons. 838.lpp.', '2026-05-03 15:33:32.802892', 'en', NULL, NULL, '6d2d0040-b5fc-4eec-9202-4a3543035dc7', 2) ON CONFLICT DO NOTHING;
INSERT INTO public.literature_sources (id, citation, created_at, language, updated_at, url, course_info_id, type_id) VALUES (104, 'Мюллер С. (2006). “Модернизация и ремонт ПК. 16 изд.”.Москва, Ст-Петербург, Киев: Вильямс/Диалектика. 1318.lpp.', '2026-05-03 15:33:32.804502', NULL, NULL, NULL, '6d2d0040-b5fc-4eec-9202-4a3543035dc7', 2) ON CONFLICT DO NOTHING;
INSERT INTO public.literature_sources (id, citation, created_at, language, updated_at, url, course_info_id, type_id) VALUES (105, 'Tannenbaum A.S. (1999). “Structured Computer organization, 4th edition”. Lebanon: Prentice Hall. 669.lpp.', '2026-05-03 15:33:32.806701', 'en', NULL, NULL, '6d2d0040-b5fc-4eec-9202-4a3543035dc7', 2) ON CONFLICT DO NOTHING;
INSERT INTO public.literature_sources (id, citation, created_at, language, updated_at, url, course_info_id, type_id) VALUES (106, 'Mikroprocesora Intel 8086 arhitekttūras pārskats [skatīts 30.11.2022.]', '2026-05-03 15:33:32.809409', 'en', NULL, 'https://www.tutorialspoint.com/microprocessor/microprocessor_8086_overview.htm', '6d2d0040-b5fc-4eec-9202-4a3543035dc7', 3) ON CONFLICT DO NOTHING;
INSERT INTO public.literature_sources (id, citation, created_at, language, updated_at, url, course_info_id, type_id) VALUES (107, 'Mikroprocesora Intel 8086 arhitekttūra un asemblera instrukcijas [skatīts 30.11.2022.]', '2026-05-03 15:33:32.812103', 'en', NULL, 'http://gvpcew.ac.in/LN-CSE-IT-22-32/ECE/3-Year/MPMC-Unit-1.pdf', '6d2d0040-b5fc-4eec-9202-4a3543035dc7', 3) ON CONFLICT DO NOTHING;
INSERT INTO public.literature_sources (id, citation, created_at, language, updated_at, url, course_info_id, type_id) VALUES (108, 'Esteras, S. R. (2008) Infotech, English for computer users, fourth edition. 176 lpp.', '2026-05-03 15:48:43.469778', 'en', NULL, NULL, '02ecef0e-40d4-43d9-8c56-4b4a6facdc56', 1) ON CONFLICT DO NOTHING;
INSERT INTO public.literature_sources (id, citation, created_at, language, updated_at, url, course_info_id, type_id) VALUES (109, 'Krasnenko, O., Kucheriava, L., Rebenko,, M. (2019) PROFESSIONAL ENGLISH IN IT B2 – C1 Textbook for Students of Information Technology. НУБіП України, 118 lpp.', '2026-05-03 15:48:43.478979', 'en', NULL, 'https://www.researchgate.net/publication/355360904_PROFESSIONAL_ENGLISH_IN_IT_B2_-C1_Textbook_for_Students_of_Information_Technology', '02ecef0e-40d4-43d9-8c56-4b4a6facdc56', 1) ON CONFLICT DO NOTHING;
INSERT INTO public.literature_sources (id, citation, created_at, language, updated_at, url, course_info_id, type_id) VALUES (110, 'Termini.gov.lv', '2026-05-03 15:48:43.482762', 'lv', NULL, 'https://termini.gov.lv/atrast/integrated%20circuit%20memory/en', '02ecef0e-40d4-43d9-8c56-4b4a6facdc56', 1) ON CONFLICT DO NOTHING;
INSERT INTO public.literature_sources (id, citation, created_at, language, updated_at, url, course_info_id, type_id) VALUES (111, 'Esteras, S.R. (2007) Professional English in Use: For Computers and the Internet. Cambridge: CUP', '2026-05-03 15:48:43.486585', 'en', NULL, NULL, '02ecef0e-40d4-43d9-8c56-4b4a6facdc56', 2) ON CONFLICT DO NOTHING;
INSERT INTO public.literature_sources (id, citation, created_at, language, updated_at, url, course_info_id, type_id) VALUES (112, 'Glendinning, E.H., McEwan, J. (2001) Oxford English for Information Technology. OUP', '2026-05-03 15:48:43.489842', 'en', NULL, NULL, '02ecef0e-40d4-43d9-8c56-4b4a6facdc56', 2) ON CONFLICT DO NOTHING;
INSERT INTO public.literature_sources (id, citation, created_at, language, updated_at, url, course_info_id, type_id) VALUES (113, 'Computer dictionary', '2026-05-03 15:48:43.492356', 'en', NULL, 'https://www.computerhope.com/jargon/jb.htm', '02ecef0e-40d4-43d9-8c56-4b4a6facdc56', 2) ON CONFLICT DO NOTHING;
INSERT INTO public.literature_sources (id, citation, created_at, language, updated_at, url, course_info_id, type_id) VALUES (114, 'TechRepublic', '2026-05-03 15:48:43.496117', 'en', NULL, 'https://www.techrepublic.com/', '02ecef0e-40d4-43d9-8c56-4b4a6facdc56', 2) ON CONFLICT DO NOTHING;
INSERT INTO public.literature_sources (id, citation, created_at, language, updated_at, url, course_info_id, type_id) VALUES (115, 'BBC news Tech', '2026-05-03 15:48:43.499948', 'en', NULL, 'https://www.bbc.com/news/technology', '02ecef0e-40d4-43d9-8c56-4b4a6facdc56', 3) ON CONFLICT DO NOTHING;
INSERT INTO public.literature_sources (id, citation, created_at, language, updated_at, url, course_info_id, type_id) VALUES (116, 'English for ICT', '2026-05-03 15:48:43.502531', 'en', NULL, 'https://sites.google.com/site/englishforict15/home', '02ecef0e-40d4-43d9-8c56-4b4a6facdc56', 3) ON CONFLICT DO NOTHING;
INSERT INTO public.literature_sources (id, citation, created_at, language, updated_at, url, course_info_id, type_id) VALUES (117, 'Collocations Dictionary', '2026-05-03 15:48:43.505596', 'en', NULL, 'http://www.ozdic.com/', '02ecef0e-40d4-43d9-8c56-4b4a6facdc56', 3) ON CONFLICT DO NOTHING;
INSERT INTO public.literature_sources (id, citation, created_at, language, updated_at, url, course_info_id, type_id) VALUES (118, 'BREAKING NEWS ENGLISH', '2026-05-03 15:48:43.50937', 'en', NULL, 'http://www.breakingnewsenglish.com/index.html', '02ecef0e-40d4-43d9-8c56-4b4a6facdc56', 3) ON CONFLICT DO NOTHING;
INSERT INTO public.literature_sources (id, citation, created_at, language, updated_at, url, course_info_id, type_id) VALUES (119, 'BBC learning English', '2026-05-03 15:48:43.513434', 'en', NULL, 'http://www.bbc.co.uk/learningenglish/', '02ecef0e-40d4-43d9-8c56-4b4a6facdc56', 3) ON CONFLICT DO NOTHING;
INSERT INTO public.literature_sources (id, citation, created_at, language, updated_at, url, course_info_id, type_id) VALUES (120, 'Purdue University Online writing lab', '2026-05-03 15:48:43.516745', 'en', NULL, 'https://owl.purdue.edu/owl/', '02ecef0e-40d4-43d9-8c56-4b4a6facdc56', 3) ON CONFLICT DO NOTHING;
INSERT INTO public.literature_sources (id, citation, created_at, language, updated_at, url, course_info_id, type_id) VALUES (121, 'Un citi interneta avoti, ziņu portāli angļu valodā un latviešu valodā; audiovizuālie teksti par aktuālām tēmām; izvilkumi no dažādām grāmatām, laikrakstiem un žurnāliem par atbilstošām tēmām.', '2026-05-03 15:48:43.520018', NULL, NULL, NULL, '02ecef0e-40d4-43d9-8c56-4b4a6facdc56', 3) ON CONFLICT DO NOTHING;
INSERT INTO public.literature_sources (id, citation, created_at, language, updated_at, url, course_info_id, type_id) VALUES (122, 'Drozdek, A. (2005). Data structures and algorithms in Java 2nd Edition. Brooks/Cole', '2026-05-14 12:42:02.729438', 'en', NULL, NULL, '27cb9e40-9048-4589-8566-ca9ac7f83481', 1) ON CONFLICT DO NOTHING;
INSERT INTO public.literature_sources (id, citation, created_at, language, updated_at, url, course_info_id, type_id) VALUES (123, 'Mironova, O., Amitan, I., & Vilipõld, J. (2017, April). Programming basics for beginners: Experience of the institute of informatics at Tallinn University of Technology. In 2017 IEEE Global Engineering Education Conference (EDUCON) (pp. 735-739). IEEE', '2026-05-14 12:42:02.745884', 'en', NULL, NULL, '27cb9e40-9048-4589-8566-ca9ac7f83481', 1) ON CONFLICT DO NOTHING;
INSERT INTO public.literature_sources (id, citation, created_at, language, updated_at, url, course_info_id, type_id) VALUES (124, 'CHRISTODOULOU, M., SZCZYGIEŁ, E., KŁAPA, Ł., & KOLARZ, W. (2018) Algoritmika un programmēšana. P.T.E.A. Wszechnica Sp. z o.o.', '2026-05-14 12:42:02.74974', 'en', NULL, 'https://www.codeit-project.eu/wp-content/uploads/CodeIT_O1_LV.pdf', '27cb9e40-9048-4589-8566-ca9ac7f83481', 1) ON CONFLICT DO NOTHING;
INSERT INTO public.literature_sources (id, citation, created_at, language, updated_at, url, course_info_id, type_id) VALUES (125, 'Cormen, T. H., Leiserson, C. E., Rivest, R. L., & Stein, C. (2022). Introduction to algorithms 4th Edition. MIT press', '2026-05-14 12:42:02.754273', 'en', NULL, NULL, '27cb9e40-9048-4589-8566-ca9ac7f83481', 2) ON CONFLICT DO NOTHING;
INSERT INTO public.literature_sources (id, citation, created_at, language, updated_at, url, course_info_id, type_id) VALUES (126, 'Bovet, D. P., Crescenzi, P., & Bovet, D. (1994). Introduction to the Theory of Complexity (p. 69). London: Prentice Hall.', '2026-05-14 12:42:02.757563', 'en', NULL, NULL, '27cb9e40-9048-4589-8566-ca9ac7f83481', 2) ON CONFLICT DO NOTHING;
INSERT INTO public.literature_sources (id, citation, created_at, language, updated_at, url, course_info_id, type_id) VALUES (127, 'Kruse, R. L., & Ryba, A. J. (1999). Data structures and program design in C++. Prentice-Hall, Inc..', '2026-05-14 12:42:02.76218', 'en', NULL, NULL, '27cb9e40-9048-4589-8566-ca9ac7f83481', 2) ON CONFLICT DO NOTHING;
INSERT INTO public.literature_sources (id, citation, created_at, language, updated_at, url, course_info_id, type_id) VALUES (128, 'Treniņuzdevumu vietne dažādu algoritmisku problēmu risināšanai', '2026-05-14 12:42:02.766548', 'lv', NULL, 'https://clevercode.lv/', '27cb9e40-9048-4589-8566-ca9ac7f83481', 3) ON CONFLICT DO NOTHING;
INSERT INTO public.literature_sources (id, citation, created_at, language, updated_at, url, course_info_id, type_id) VALUES (129, 'Treniņuzdevumu vietne dažādu algoritmisku problēmu risināšanai', '2026-05-14 12:42:02.771626', 'en', NULL, 'https://projecteuler.net/', '27cb9e40-9048-4589-8566-ca9ac7f83481', 3) ON CONFLICT DO NOTHING;
INSERT INTO public.literature_sources (id, citation, created_at, language, updated_at, url, course_info_id, type_id) VALUES (130, 'Drozdek, A. (2005). Data structures and algorithms in Java 2nd Edition. Brooks/Cole', '2026-05-21 21:48:42.518042', 'en', NULL, NULL, '4d7c0350-ef6b-4f8c-be18-ba68c046b980', 1) ON CONFLICT DO NOTHING;
INSERT INTO public.literature_sources (id, citation, created_at, language, updated_at, url, course_info_id, type_id) VALUES (131, 'Mironova, O., Amitan, I., & Vilipõld, J. (2017, April). Programming basics for beginners: Experience of the institute of informatics at Tallinn University of Technology. In 2017 IEEE Global Engineering Education Conference (EDUCON) (pp. 735-739). IEEE', '2026-05-21 21:48:42.532297', 'en', NULL, NULL, '4d7c0350-ef6b-4f8c-be18-ba68c046b980', 1) ON CONFLICT DO NOTHING;
INSERT INTO public.literature_sources (id, citation, created_at, language, updated_at, url, course_info_id, type_id) VALUES (132, 'CHRISTODOULOU, M., SZCZYGIEŁ, E., KŁAPA, Ł., & KOLARZ, W. (2018) Algoritmika un programmēšana. P.T.E.A. Wszechnica Sp. z o.o.', '2026-05-21 21:48:42.534955', 'en', NULL, 'https://www.codeit-project.eu/wp-content/uploads/CodeIT_O1_LV.pdf', '4d7c0350-ef6b-4f8c-be18-ba68c046b980', 1) ON CONFLICT DO NOTHING;
INSERT INTO public.literature_sources (id, citation, created_at, language, updated_at, url, course_info_id, type_id) VALUES (133, 'Cormen, T. H., Leiserson, C. E., Rivest, R. L., & Stein, C. (2022). Introduction to algorithms 4th Edition. MIT press', '2026-05-21 21:48:42.537085', 'en', NULL, NULL, '4d7c0350-ef6b-4f8c-be18-ba68c046b980', 2) ON CONFLICT DO NOTHING;
INSERT INTO public.literature_sources (id, citation, created_at, language, updated_at, url, course_info_id, type_id) VALUES (134, 'Bovet, D. P., Crescenzi, P., & Bovet, D. (1994). Introduction to the Theory of Complexity (p. 69). London: Prentice Hall.', '2026-05-21 21:48:42.538661', 'en', NULL, NULL, '4d7c0350-ef6b-4f8c-be18-ba68c046b980', 2) ON CONFLICT DO NOTHING;
INSERT INTO public.literature_sources (id, citation, created_at, language, updated_at, url, course_info_id, type_id) VALUES (135, 'Kruse, R. L., & Ryba, A. J. (1999). Data structures and program design in C++. Prentice-Hall, Inc..', '2026-05-21 21:48:42.540857', 'en', NULL, NULL, '4d7c0350-ef6b-4f8c-be18-ba68c046b980', 2) ON CONFLICT DO NOTHING;
INSERT INTO public.literature_sources (id, citation, created_at, language, updated_at, url, course_info_id, type_id) VALUES (136, 'Treniņuzdevumu vietne dažādu algoritmisku problēmu risināšanai', '2026-05-21 21:48:42.543548', 'lv', NULL, 'https://clevercode.lv/', '4d7c0350-ef6b-4f8c-be18-ba68c046b980', 3) ON CONFLICT DO NOTHING;
INSERT INTO public.literature_sources (id, citation, created_at, language, updated_at, url, course_info_id, type_id) VALUES (137, 'Treniņuzdevumu vietne dažādu algoritmisku problēmu risināšanai', '2026-05-21 21:48:42.546189', 'en', NULL, 'https://projecteuler.net/', '4d7c0350-ef6b-4f8c-be18-ba68c046b980', 3) ON CONFLICT DO NOTHING;
INSERT INTO public.literature_sources (id, citation, created_at, language, updated_at, url, course_info_id, type_id) VALUES (138, 'Esteras, S. R. (2008) Infotech, English for computer users, fourth edition. 176 lpp.', '2026-05-21 23:02:58.556526', 'en', NULL, NULL, '260db896-2f68-4ba8-ad13-88e740f58e16', 1) ON CONFLICT DO NOTHING;
INSERT INTO public.literature_sources (id, citation, created_at, language, updated_at, url, course_info_id, type_id) VALUES (139, 'Krasnenko, O., Kucheriava, L., Rebenko,, M. (2019) PROFESSIONAL ENGLISH IN IT B2 – C1 Textbook for Students of Information Technology. НУБіП України, 118 lpp.', '2026-05-21 23:02:58.571561', 'en', NULL, 'https://www.researchgate.net/publication/355360904_PROFESSIONAL_ENGLISH_IN_IT_B2_-C1_Textbook_for_Students_of_Information_Technology', '260db896-2f68-4ba8-ad13-88e740f58e16', 1) ON CONFLICT DO NOTHING;
INSERT INTO public.literature_sources (id, citation, created_at, language, updated_at, url, course_info_id, type_id) VALUES (140, 'Termini.gov.lv', '2026-05-21 23:02:58.574199', 'lv', NULL, 'https://termini.gov.lv/atrast/integrated%20circuit%20memory/en', '260db896-2f68-4ba8-ad13-88e740f58e16', 1) ON CONFLICT DO NOTHING;
INSERT INTO public.literature_sources (id, citation, created_at, language, updated_at, url, course_info_id, type_id) VALUES (141, 'Esteras, S.R. (2007) Professional English in Use: For Computers and the Internet. Cambridge: CUP', '2026-05-21 23:02:58.576898', 'en', NULL, NULL, '260db896-2f68-4ba8-ad13-88e740f58e16', 2) ON CONFLICT DO NOTHING;
INSERT INTO public.literature_sources (id, citation, created_at, language, updated_at, url, course_info_id, type_id) VALUES (142, 'Glendinning, E.H., McEwan, J. (2001) Oxford English for Information Technology. OUP', '2026-05-21 23:02:58.579063', 'en', NULL, NULL, '260db896-2f68-4ba8-ad13-88e740f58e16', 2) ON CONFLICT DO NOTHING;
INSERT INTO public.literature_sources (id, citation, created_at, language, updated_at, url, course_info_id, type_id) VALUES (143, 'Computer dictionary', '2026-05-21 23:02:58.58068', 'en', NULL, 'https://www.computerhope.com/jargon/jb.htm', '260db896-2f68-4ba8-ad13-88e740f58e16', 2) ON CONFLICT DO NOTHING;
INSERT INTO public.literature_sources (id, citation, created_at, language, updated_at, url, course_info_id, type_id) VALUES (144, 'TechRepublic', '2026-05-21 23:02:58.583349', 'en', NULL, 'https://www.techrepublic.com/', '260db896-2f68-4ba8-ad13-88e740f58e16', 2) ON CONFLICT DO NOTHING;
INSERT INTO public.literature_sources (id, citation, created_at, language, updated_at, url, course_info_id, type_id) VALUES (145, 'BBC news Tech', '2026-05-21 23:02:58.586001', 'en', NULL, 'https://www.bbc.com/news/technology', '260db896-2f68-4ba8-ad13-88e740f58e16', 3) ON CONFLICT DO NOTHING;
INSERT INTO public.literature_sources (id, citation, created_at, language, updated_at, url, course_info_id, type_id) VALUES (146, 'English for ICT', '2026-05-21 23:02:58.588731', 'en', NULL, 'https://sites.google.com/site/englishforict15/home', '260db896-2f68-4ba8-ad13-88e740f58e16', 3) ON CONFLICT DO NOTHING;
INSERT INTO public.literature_sources (id, citation, created_at, language, updated_at, url, course_info_id, type_id) VALUES (147, 'Collocations Dictionary', '2026-05-21 23:02:58.590912', 'en', NULL, 'http://www.ozdic.com/', '260db896-2f68-4ba8-ad13-88e740f58e16', 3) ON CONFLICT DO NOTHING;
INSERT INTO public.literature_sources (id, citation, created_at, language, updated_at, url, course_info_id, type_id) VALUES (148, 'BREAKING NEWS ENGLISH', '2026-05-21 23:02:58.593629', 'en', NULL, 'http://www.breakingnewsenglish.com/index.html', '260db896-2f68-4ba8-ad13-88e740f58e16', 3) ON CONFLICT DO NOTHING;
INSERT INTO public.literature_sources (id, citation, created_at, language, updated_at, url, course_info_id, type_id) VALUES (149, 'BBC learning English', '2026-05-21 23:02:58.596307', 'en', NULL, 'http://www.bbc.co.uk/learningenglish/', '260db896-2f68-4ba8-ad13-88e740f58e16', 3) ON CONFLICT DO NOTHING;
INSERT INTO public.literature_sources (id, citation, created_at, language, updated_at, url, course_info_id, type_id) VALUES (150, 'Purdue University Online writing lab', '2026-05-21 23:02:58.598469', 'en', NULL, 'https://owl.purdue.edu/owl/', '260db896-2f68-4ba8-ad13-88e740f58e16', 3) ON CONFLICT DO NOTHING;
INSERT INTO public.literature_sources (id, citation, created_at, language, updated_at, url, course_info_id, type_id) VALUES (151, 'Un citi interneta avoti, ziņu portāli angļu valodā un latviešu valodā; audiovizuālie teksti par aktuālām tēmām; izvilkumi no dažādām grāmatām, laikrakstiem un žurnāliem par atbilstošām tēmām.', '2026-05-21 23:02:58.601159', NULL, NULL, NULL, '260db896-2f68-4ba8-ad13-88e740f58e16', 3) ON CONFLICT DO NOTHING;
INSERT INTO public.literature_sources (id, citation, created_at, language, updated_at, url, course_info_id, type_id) VALUES (152, 'Esteras, S. R. (2008) Infotech, English for computer users, fourth edition. 176 lpp.', '2026-05-21 23:04:32.783789', 'en', NULL, NULL, '413c51f6-ff8f-43dd-befd-2672802f2128', 1) ON CONFLICT DO NOTHING;
INSERT INTO public.literature_sources (id, citation, created_at, language, updated_at, url, course_info_id, type_id) VALUES (153, 'Krasnenko, O., Kucheriava, L., Rebenko,, M. (2019) PROFESSIONAL ENGLISH IN IT B2 – C1 Textbook for Students of Information Technology. НУБіП України, 118 lpp.', '2026-05-21 23:04:32.790814', 'en', NULL, 'https://www.researchgate.net/publication/355360904_PROFESSIONAL_ENGLISH_IN_IT_B2_-C1_Textbook_for_Students_of_Information_Technology', '413c51f6-ff8f-43dd-befd-2672802f2128', 1) ON CONFLICT DO NOTHING;
INSERT INTO public.literature_sources (id, citation, created_at, language, updated_at, url, course_info_id, type_id) VALUES (154, 'Termini.gov.lv', '2026-05-21 23:04:32.793771', 'lv', NULL, 'https://termini.gov.lv/atrast/integrated%20circuit%20memory/en', '413c51f6-ff8f-43dd-befd-2672802f2128', 1) ON CONFLICT DO NOTHING;
INSERT INTO public.literature_sources (id, citation, created_at, language, updated_at, url, course_info_id, type_id) VALUES (155, 'Esteras, S.R. (2007) Professional English in Use: For Computers and the Internet. Cambridge: CUP', '2026-05-21 23:04:32.796429', 'en', NULL, NULL, '413c51f6-ff8f-43dd-befd-2672802f2128', 2) ON CONFLICT DO NOTHING;
INSERT INTO public.literature_sources (id, citation, created_at, language, updated_at, url, course_info_id, type_id) VALUES (156, 'Glendinning, E.H., McEwan, J. (2001) Oxford English for Information Technology. OUP', '2026-05-21 23:04:32.798576', 'en', NULL, NULL, '413c51f6-ff8f-43dd-befd-2672802f2128', 2) ON CONFLICT DO NOTHING;
INSERT INTO public.literature_sources (id, citation, created_at, language, updated_at, url, course_info_id, type_id) VALUES (157, 'Computer dictionary', '2026-05-21 23:04:32.799659', 'en', NULL, 'https://www.computerhope.com/jargon/jb.htm', '413c51f6-ff8f-43dd-befd-2672802f2128', 2) ON CONFLICT DO NOTHING;
INSERT INTO public.literature_sources (id, citation, created_at, language, updated_at, url, course_info_id, type_id) VALUES (158, 'TechRepublic', '2026-05-21 23:04:32.801848', 'en', NULL, 'https://www.techrepublic.com/', '413c51f6-ff8f-43dd-befd-2672802f2128', 2) ON CONFLICT DO NOTHING;
INSERT INTO public.literature_sources (id, citation, created_at, language, updated_at, url, course_info_id, type_id) VALUES (159, 'BBC news Tech', '2026-05-21 23:04:32.80399', 'en', NULL, 'https://www.bbc.com/news/technology', '413c51f6-ff8f-43dd-befd-2672802f2128', 3) ON CONFLICT DO NOTHING;
INSERT INTO public.literature_sources (id, citation, created_at, language, updated_at, url, course_info_id, type_id) VALUES (160, 'English for ICT', '2026-05-21 23:04:32.80724', 'en', NULL, 'https://sites.google.com/site/englishforict15/home', '413c51f6-ff8f-43dd-befd-2672802f2128', 3) ON CONFLICT DO NOTHING;
INSERT INTO public.literature_sources (id, citation, created_at, language, updated_at, url, course_info_id, type_id) VALUES (161, 'Collocations Dictionary', '2026-05-21 23:04:32.809374', 'en', NULL, 'http://www.ozdic.com/', '413c51f6-ff8f-43dd-befd-2672802f2128', 3) ON CONFLICT DO NOTHING;
INSERT INTO public.literature_sources (id, citation, created_at, language, updated_at, url, course_info_id, type_id) VALUES (162, 'BREAKING NEWS ENGLISH', '2026-05-21 23:04:32.810915', 'en', NULL, 'http://www.breakingnewsenglish.com/index.html', '413c51f6-ff8f-43dd-befd-2672802f2128', 3) ON CONFLICT DO NOTHING;
INSERT INTO public.literature_sources (id, citation, created_at, language, updated_at, url, course_info_id, type_id) VALUES (163, 'BBC learning English', '2026-05-21 23:04:32.814543', 'en', NULL, 'http://www.bbc.co.uk/learningenglish/', '413c51f6-ff8f-43dd-befd-2672802f2128', 3) ON CONFLICT DO NOTHING;
INSERT INTO public.literature_sources (id, citation, created_at, language, updated_at, url, course_info_id, type_id) VALUES (164, 'Purdue University Online writing lab', '2026-05-21 23:04:32.817368', 'en', NULL, 'https://owl.purdue.edu/owl/', '413c51f6-ff8f-43dd-befd-2672802f2128', 3) ON CONFLICT DO NOTHING;
INSERT INTO public.literature_sources (id, citation, created_at, language, updated_at, url, course_info_id, type_id) VALUES (165, 'Un citi interneta avoti, ziņu portāli angļu valodā un latviešu valodā; audiovizuālie teksti par aktuālām tēmām; izvilkumi no dažādām grāmatām, laikrakstiem un žurnāliem par atbilstošām tēmām.', '2026-05-21 23:04:32.818974', NULL, NULL, NULL, '413c51f6-ff8f-43dd-befd-2672802f2128', 3) ON CONFLICT DO NOTHING;
SELECT pg_catalog.setval('public.academic_years_id_seq', 6, true);
SELECT pg_catalog.setval('public.assessment_components_id_seq', 10, true);
SELECT pg_catalog.setval('public.assessment_forms_id_seq', 5, true);
SELECT pg_catalog.setval('public.calendar_sessions_id_seq', 248, true);
SELECT pg_catalog.setval('public.calendar_topics_id_seq', 160, true);
SELECT pg_catalog.setval('public.course_assessment_distribution_id_seq', 72, true);
SELECT pg_catalog.setval('public.course_authors_id_seq', 42, true);
SELECT pg_catalog.setval('public.course_content_id_seq', 160, true);
SELECT pg_catalog.setval('public.course_prerequisites_id_seq', 1, false);
SELECT pg_catalog.setval('public.course_result_assessments_id_seq', 164, true);
SELECT pg_catalog.setval('public.course_self_study_distribution_id_seq', 64, true);
SELECT pg_catalog.setval('public.course_teachers_id_seq', 40, true);
SELECT pg_catalog.setval('public.course_to_programme_results_id_seq', 1, false);
SELECT pg_catalog.setval('public.course_to_study_programs_id_seq', 16, true);
SELECT pg_catalog.setval('public.course_version_actions_id_seq', 13, true);
SELECT pg_catalog.setval('public.course_version_comments_id_seq', 1, false);
SELECT pg_catalog.setval('public.course_version_log_id_seq', 61, true);
SELECT pg_catalog.setval('public.faculties_id_seq', 4, true);
SELECT pg_catalog.setval('public.languages_id_seq', 2, true);
SELECT pg_catalog.setval('public.literature_sources_id_seq', 165, true);
SELECT pg_catalog.setval('public.literature_types_id_seq', 3, true);
SELECT pg_catalog.setval('public.results_categories_id_seq', 3, true);
SELECT pg_catalog.setval('public.self_study_activities_id_seq', 8, true);
SELECT pg_catalog.setval('public.semesters_id_seq', 2, true);
SELECT pg_catalog.setval('public.session_types_id_seq', 7, true);
SELECT pg_catalog.setval('public.study_forms_id_seq', 1, false);
SELECT pg_catalog.setval('public.study_levels_id_seq', 1, false);
SELECT pg_catalog.setval('public.study_program_parts_id_seq', 7, true);
SELECT pg_catalog.setval('public.study_program_realizations_id_seq', 1, false);
SELECT pg_catalog.setval('public.study_programs_id_seq', 3, true);
SELECT pg_catalog.setval('public.user_roles_id_seq', 7, true);
SELECT pg_catalog.setval('public.users_id_seq', 20, true);
SELECT pg_catalog.setval('public.version_statuses_id_seq', 7, true);
